IndexId	cid	StockNo	Name	Class	IndustryCode	IndustryName	ClassifyCode	Classification	NumberOfShares	CommonStock	GroupName	UpdateTime	IsListed	IsETF	CommodityCode	FutureName	DayTradingForbidden	StopTrading	InAttention	FullDelivery	InSplit	InDisposal	ConvertibleBonds	CB_ReceiveDate	EPS	PER	YIELD	ROE	ROA	FI	IT	DE	MF	TopThree	Financing	ShortSelling	SecurityLend	Hedging
1	2	7822	倍利科	TWSE	CK	儀器設備工程	CK04	半導體檢測	45561	45561		20260914	1	0			0	0	0	0	0	0			18.92	47.07	0.77	3.89	2.96	-34	0	-2	-29	-36	0	0	2	-2
2	2	6134	萬旭	OTC	BP	連接元件	BP02	連接線材	81882	81882		20260914	2	0			0	0	0	0	0	0	61343	2026-06-03	0.8	35.7	0.71	1.85	0.94	23	0	0	3	22	-8	0	1	-2
3	2	1786	科妍	TWSE	AK	生技	AK01	醫療器材	74828	74828		20260914	1	0			0	0	0	0	0	0	17863	2025-03-14	2.44	17.75	4.41	1.9	1.41	32	0	0	0	32	-38	-4	5	0
4	2	7875	安圖斯	ROTC	CL	電腦周邊產品	CL01	電腦及周邊產品	20000	20000	宏碁集團	20260914	3	0			1	0	0	0	0	0			4.13	0	0	0	0	0	0	0	0	0	0	0	0	0
5	2	4533	協易機	OTC	AY	電機	AY01	機械	178434	178434		20260914	2	0			0	0	0	0	0	0			0.6	40.83	0.72	-0.42	-0.09	-12	0	-1	-75	-13	-6	-1	93	-1
6	2	6716	應廣	OTC	BF	IC-設計	DC01	MCU	30242	30242		20260914	2	0			0	0	0	0	0	0			6.36	18.52	1.39	11.27	7.26	5	0	0	-13	5	16	0	0	0
7	2	3018	隆銘綠能	TWSE	AY	電機	AY04	機電工程	75378	75378		20260914	1	0			1	0	0	0	0	0			-3.57	0	0	-24.79	-9.42	4	0	0	-1	4	0	0	0	0
8	2	2915	潤泰全	TWSE	AL	百貨	AL03	百貨	1104319	1104319	潤泰集團	20260914	1	0	DWF	潤泰全期貨	0	0	0	0	0	0			32.23	4.07	3.36	4.74	4.34	107	0	-7	-14	99	-29	0	75	0
9	2	8059	凱碩	OTC	CI	網通設備	CI02	網路設備	194081	194081	新金寶集團	20260914	2	0			1	1	0	0	0	0			-1.06	0	0	-3.87	-0.53	0	0	0	0	0	0	0	0	0
10	2	7876	鼎晉生技	ROTC	AK	生技	AK03	製藥業	107408	107408		20260914	3	0			1	0	0	0	0	0			-6.5	0	0	0	0	0	0	0	0	28	0	0	0	0
11	2	6743	安普新	TWSE	BX	消費性電子	BX01	消費性電子產品	150000	150000		20260914	1	0			0	0	0	0	0	0			1.11	26.4	10.24	1.12	0.7	-57	6	3	78	-48	-29	0	39	0
12	2	6213	聯茂	TWSE	BL	PCB-製造	BL03	銅箔基板	363587	363587		20260914	1	0	KBF	聯茂期貨	0	0	0	0	0	0			6.46	78.91	0.59	5.86	3.12	-80	3	-62	-650	-139	-588	-22	70	-23
13	2	3014	聯陽	TWSE	BF	IC-設計	BF01	IC設計	165954	165954	聯電集團	20260914	1	0			0	0	0	0	0	0			10.19	13.18	6.51	7.21	4.67	50	18	-2	12	65	-13	0	35	-1
14	2	6969	成信實業*-創	TIB	53b13043c3000000e2c2ca8d2ab4246e	綠能環保	CO02	廢棄物處理	43857	43857		20260914	4	0			1	0	0	0	0	0			0.11	373.89	0	0.06	0.27	33	0	3	-21	36	0	0	0	3
15	2	6516	勤崴國際	OTC	BE	IC-封測	BE03	IC封裝測試設備	56337	56337	中華電信集團	20260914	2	0			0	0	0	0	0	0			2.17	26.42	4.12	3.7	3	-2	0	0	0	-2	8	0	1	0
16	2	4172	因華	ROTC	AK	生技	AK04	生技其他	119576	119576		20260914	3	0			1	0	0	0	0	0			-2.9	0	0	0	0	0	0	0	0	0	0	0	0	0
17	2	6887	寶綠特-KY	TWSE	53b13043c3000000e2c2ca8d2ab4246e	綠能環保	AP01	傳產其他	74206	74206		20260914	1	0			0	0	0	0	0	0			4.44	8.51	6.48	6.73	4.03	0	0	0	0	0	-1	0	0	0
18	2	3322	建舜電	OTC	BP	連接元件	BP02	連接線材	138562	138562		20260914	2	0			0	0	0	0	0	0	33225	2024-05-02	-1.35	0	0	-4.25	-1.69	-120	0	-1	-51	-121	7	0	29	-1
19	2	3002	歐格	TWSE	BR	工業電腦	BR01	工業電腦	102000	102000		20260914	1	0			0	0	0	0	0	0			0.1	170.5	1.94	-0.06	-0.03	26	0	-1	6	25	-3	1	0	0
20	2	1219	福壽	TWSE	AR	食品	AR03	飼料	341238	341238		20260914	1	0			0	0	0	0	0	0			-0.51	0	4.39	-8.67	-3.69	14	0	0	-4	14	-34	0	14	0
21	2	6586	醣基	ROTC	AK	生技	AK01	醫療器材	214011	214011		20260914	3	0			1	0	0	0	0	0			-2.32	0	0	0	0	0	0	0	0	-2	0	0	0	0
22	2	2851	中再保	TWSE	AB	金融-保險	AB01	保險	800389	800389	長榮集團	20260914	1	0			0	0	0	0	0	0			10.56	4.46	4.67	18.02	7.2	3485	0	-25	2003	3459	294	9	0	40
23	2	7729	仲恩生醫	ROTC	AK	生技	AK01	醫療器材	86791	86791		20260914	3	0			1	0	0	0	0	0			-5.86	0	0	0	0	0	0	0	0	140	0	0	0	0
24	2	2392	正崴	TWSE	BP	連接元件	BP01	連接器	512327	512327	正崴集團	20260914	1	0	GLF	正崴期貨	0	0	0	0	0	0			7.76	5.45	2.36	14.75	3.86	-59	0	-42	-7	-102	-111	-17	41	-33
25	2	6274	台燿	OTC	BL	PCB-製造	BL03	銅箔基板	299460	299460		20260914	2	0	OVF	台燿期貨	0	0	0	0	0	0	62745	2025-10-02	19.81	69.32	0.55	11.09	5.22	837	-889	19	-261	-33	65	-8	34	14
26	2	4989	榮科	TWSE	BK	PCB-材料設備	BK02	PCB原材料	172777	172777		20260914	1	0			0	0	0	0	0	0			-1.66	0	0	-7.43	-4.22	-707	0	-40	-531	-747	2	-25	39	-30
27	2	3224	三顧	OTC	BP	連接元件	BP01	連接器	78173	78173		20260914	2	0			0	0	0	0	0	0			-0.8	0	0	-1.73	-1.18	0	0	0	0	0	0	0	1	0
28	2	5471	松翰	TWSE	BF	IC-設計	DC01	MCU	167877	167877		20260914	1	0			0	0	0	0	0	0			1.66	31.02	1.55	3.39	2.83	74	0	8	-141	82	-48	-6	7	11
29	2	9906	欣巴巴	TWSE	BB	營建	BB04	地產代銷	91143	91143		20260914	1	0			0	0	0	0	0	0	99063	2024-11-22	3.43	11.43	0.2	1.99	0.43	-9	0	0	0	-9	0	0	0	0
30	2	3288	點晶	OTC	BF	IC-設計	BF01	IC設計	16380	16380		20260914	2	0			1	0	0	0	0	0			-0.31	0	0	0.44	0.46	-1	0	-1	0	-2	0	0	0	0
31	2	5355	佳總	OTC	BL	PCB-製造	BL01	硬板	166123	166123		20260914	2	0			1	0	0	1	0	0			-0.83	0	0	-0.76	-0.45	0	0	0	0	0	0	0	0	0
32	2	7894	瀚軒	ROTC	CK	儀器設備工程	CK02	半導體設備	24000	24000		20260914	3	0			1	0	0	0	0	0			11.77	0	0	0	0	0	0	0	0	0	0	0	0	0
33	2	6906	現觀科	TWSE	53b13081400000008039a015822c2b77	數位雲端	5482289646000000c26187ecbfa0dd33	雲端服務	33537	33537		20260914	1	0			0	0	0	0	0	0			2.38	33.63	2.23	0.68	0.5	-5	0	0	0	-5	1	0	5	0
34	2	7759	視航生醫	ROTC	AK	生技	AK03	製藥業	70342	70342		20260914	3	0			1	0	0	0	0	0			-4.33	0	0	0	0	0	0	0	0	0	0	0	0	0
35	2	2357	華碩	TWSE	CL	電腦周邊產品	CL01	電腦及周邊產品	742760	742760	華碩集團	20260914	1	0	DJF	華碩期貨	0	0	0	0	0	0			68.4	13.51	4.55	6.29	2.69	-2253	881	-279	-1378	-1651	62	89	500	-37
36	2	1806	冠軍	TWSE	AQ	玻璃陶瓷	AQ01	玻璃	390404	390404		20260914	1	0			0	0	0	0	0	0			0.16	50.19	1.87	0.33	0.31	11	0	0	-15	11	-19	0	0	0
37	2	7823	奧義賽博-KY創	TIB	AE	軟體-系統整合	AE01	系統整合	33491	33491		20260914	4	0			0	0	0	0	0	0			-0.57	0	0	-4.24	-2.62	-3	0	0	0	-3	1	0	1	0
38	2	1736	喬山	TWSE	53b12ee9760000004fff0eead0b0f535	運動休閒	AM03	健身	303395	303395		20260914	1	0			0	0	0	0	0	0			11.06	11.62	3.5	6.97	2.25	181	0	-2	128	179	27	0	32	0
39	2	7507	環拓科技	ROTC	53b13043c3000000e2c2ca8d2ab4246e	綠能環保	CO02	廢棄物處理	102100	102100		20260914	3	0			1	0	0	0	0	0			-1.22	0	0	0	0	0	0	0	0	0	0	0	0	0
40	2	2511	太子	TWSE	BB	營建	BB01	營造工程	1623326	1623326	統一集團	20260914	1	0			0	0	0	0	0	0			0.35	24.14	3.55	0.54	0.44	105	0	0	30	105	-23	0	0	0
41	2	6547	高端疫苗	OTC	AK	生技	AK03	製藥業	329672	329672		20260914	2	0	QYF	高端疫苗期貨	0	0	0	0	0	0	65472	2025-12-31	-0.51	0	0	0.63	0.57	-500	0	-52	-471	-552	-260	-101	211	-6
42	2	6412	群電	TWSE	CJ	電源供應器	CJ01	電源供應器	400769	400769	群光藍天集團	20260914	1	0			0	0	0	0	0	0			6.07	12.14	5.02	5.44	2.4	74	0	-29	5	45	-2	1	23	-29
43	2	1477	聚陽	TWSE	AT	紡織纖維	AT04	成衣	246694	246694		20260914	1	0	KSF	聚陽期貨	0	0	0	0	0	0			14.65	13.41	7.63	6.2	3.71	-436	70	3	-48	-363	1	0	30	-2
44	2	5274	信驊	OTC	BF	IC-設計	BF01	IC設計	41583	41583		20260914	2	0	PZF	信驊期貨	0	0	0	0	0	0			145.49	119.3	0.45	26.73	13.82	-44	0	-1	-35	-44	15	0	0	-2
45	2	3684	榮昌	OTC	CI	網通設備	CI03	無線通訊設備	30310	30310		20260914	2	0			0	0	0	0	0	0	36841	2025-09-15	4.06	13.4	5.14	4.49	2.45	-5	0	0	0	-5	-1	0	0	0
46	2	9960	邁達康	OTC	53b12ee9760000004fff0eead0b0f535	運動休閒	AM02	高爾夫球	33593	33593		20260914	2	0			0	0	0	0	0	0			2.27	13.73	4.95	2.16	1.44	-8	0	0	4	-8	7	0	0	0
47	2	6805	富世達	TWSE	CS	電子零組件	CS01	電子零組件	68554	68554		20260914	1	0			0	0	0	0	0	0			46.75	45.99	0.58	10.76	5.29	298	-98	-5	1	195	-83	0	116	-5
48	2	2606	裕民	TWSE	AU	航運	AU01	散裝航運	845056	845056	遠東集團	20260914	1	0	QCF	裕民期貨	0	0	0	0	0	0			6.78	11.28	3.66	4.88	2.46	-736	0	-98	-590	-834	109	-140	42	-55
49	2	6756	威鋒電子	TWSE	BF	IC-設計	BF01	IC設計	69990	69990	威盛集團	20260914	1	0			0	0	0	0	0	0			1.78	53.93	0.94	1.12	0.88	-30	0	-1	-17	-31	4	0	6	0
50	2	2702	華園	TWSE	BC	觀光	BC03	飯店	156613	156613		20260914	1	0			0	0	0	0	0	0			0.81	15.68	0	0.55	0.76	-4	0	-2	0	-6	6	0	0	0
51	2	1337	再生-KY	TWSE	AW	塑膠	AW02	塑膠製品	268955	268955		20260914	1	0			0	0	0	0	0	0			-1.82	0	0	-3.42	-1.77	-30	0	0	-18	-30	1	0	0	0
52	2	7730	暉盛-創	TIB	BW	電子-其他	CK02	半導體設備	38637	38637		20260914	4	0			0	0	0	0	0	0			1.85	96.63	0.87	0.69	0.57	-13	0	0	-15	-13	3	0	0	0
53	2	3050	鈺德	TWSE	BU	光碟片	BU01	光碟片	154984	154984	錸德集團	20260914	1	0			0	0	0	0	0	0			0.53	20.94	2.25	2.31	1.4	11	0	-4	1	7	-23	0	2	0
54	2	1271	晨暉生技	ROTC	AK	生技	AK04	生技其他	77089	77089		20260914	3	0			1	0	0	0	0	0			3.6	0	0	0	0	0	0	0	0	0	0	0	0	0
55	2	6945	圓祥生技	OTC	AK	生技	AK04	生技其他	97566	97566		20260914	2	0			1	0	0	0	0	0			-5.39	0	0	-7.21	-6.87	-26	0	0	15	-26	0	0	0	0
56	2	1616	億泰	TWSE	AX	電線電纜	AX01	電線電纜	194149	194149		20260914	1	0			0	0	0	0	0	0			0.44	42.73	7.23	2.23	1.31	-3	0	-1	23	-4	-13	0	6	0
57	2	6640	均華	OTC	CK	儀器設備工程	CK02	半導體設備	28912	28912		20260914	2	0			0	0	0	0	0	0			17.16	69.85	1.28	2.94	1.63	-71	0	-13	-19	-84	-19	0	15	-7
58	2	4904	遠傳	TWSE	CA	電信服務	CA01	電信數據服務	3607705	3607705	遠東集團	20260914	1	0	LTF	遠傳期貨	0	0	0	0	0	0			4.12	25.67	3.61	4.34	2.31	1323	-4	9	516	1328	-16	0	3	17
59	2	6291	沛亨	OTC	BF	IC-設計	BF01	IC設計	42000	42000		20260914	2	0			0	0	0	0	0	0			11.57	41.28	1.26	9.62	6.07	-67	-79	-26	-138	-172	-74	4	19	-28
60	2	7899	景美	ROTC	BE	IC-封測	BE03	IC封裝測試設備	27792	27792		20260914	3	0			1	0	0	0	0	0			5.29	0	0	0	0	0	0	0	0	-2	0	0	0	0
61	2	7862	聚泰	ROTC	53b13043c3000000e2c2ca8d2ab4246e	綠能環保	54824c5a3a0000008b34ddf577ece042	環保材料	40000	40000		20260914	3	0			1	0	0	0	0	0			2.46	0	0	0	0	0	0	0	0	0	0	0	0	0
62	2	8032	光菱	OTC	BG	IC-通路	BG01	IC零組件通路商	51810	51810		20260914	2	0			0	0	0	0	0	0			3.51	9.87	3.46	2.01	1.23	0	0	0	0	0	-4	0	0	0
63	2	6578	達邦蛋白	OTC	AR	食品	AR03	飼料	71942	71942		20260914	2	0			0	0	0	0	0	0			-0.58	0	2.28	0.92	0.85	-11	0	1	0	-10	0	0	0	1
64	2	2066	世德	OTC	AO	汽車零組件	AO01	汽機車零組件	44450	44450		20260914	2	0			0	0	0	0	0	0			3.66	14.05	4.19	1.99	1.32	-5	0	0	-4	-5	-16	0	1	0
65	2	6227	茂綸	OTC	BG	IC-通路	BG01	IC零組件通路商	76112	76112		20260914	2	0			0	0	0	0	0	0			12.86	9.91	3.53	9.86	2.9	1012	0	84	1340	1096	592	8	1	84
66	2	1730	花仙子	TWSE	AH	化學工業	AH01	化學工業	63234	63234		20260914	1	0			0	0	0	0	0	0			4.77	10.75	5.84	3.16	2.3	0	0	-2	0	-2	0	0	0	0
67	2	3016	嘉晶	TWSE	BM	矽晶圓	BM01	矽晶圓	293881	293881		20260914	1	0			0	0	0	0	0	0	30166	2026-07-15	1.21	91.25	0.46	3.71	2.63	-1194	0	157	-1582	-1036	223	48	715	116
68	2	4127	天良	OTC	AK	生技	AK02	應用生技	45760	45760		20260914	2	0			0	0	0	0	0	0			1.51	41.59	0	2.77	1.4	-5	0	12	-2	7	17	0	0	12
69	2	6908	宏碁遊戲-創	TIB	AG	軟體-遊戲	AG01	軟體遊戲	37180	37180		20260914	4	0			1	0	0	0	0	0			1.18	26.98	4.14	-0.25	0.02	0	0	0	0	0	0	0	0	0
70	2	9928	中視	TWSE	CX	文化創意	CX01	文化創意	70725	70725		20260914	1	0			0	0	0	0	0	0			-1.45	0	0	-1.13	-0.27	0	0	0	0	0	0	0	0	0
71	2	4755	三福化	TWSE	AH	化學工業	AH04	電子化工品	100706	100706		20260914	1	0			0	0	0	0	0	0			4.58	24.4	3.3	1.88	1.31	-107	0	2	-23	-105	2	0	29	0
72	2	6592	和潤企業	TWSE	AA	金融-金控	AA02	放款	741845	641845	和泰汽車集團	20260914	1	0			0	0	0	0	0	0			5.05	12.01	5.52	2.27	0.29	-3	0	-8	-44	-11	9	0	7	0
73	2	1423	利華	TWSE	AT	紡織纖維	AT03	紡織纖維	99648	99648		20260914	1	0			0	0	0	0	0	0			3.41	10.22	10.33	0.72	0.65	-1	0	0	0	-1	1	0	0	0
74	2	8084	巨虹	OTC	BD	DRAM	BC01	餐飲	174754	174754		20260914	2	0			0	0	0	0	0	0			-1.51	0	0	-2.21	-1.4	-173	0	0	-137	-173	0	0	2	0
75	2	6693	廣閎科	OTC	DA	MOSFET	DA01	MOSFET	45720	45720		20260914	2	0			0	0	0	0	0	0	66931	2026-05-28	5.05	33.94	0.36	8.36	5.29	-178	0	-104	-218	-282	-58	0	38	-105
76	2	6550	北極星藥業-KY	TWSE	AK	生技	AK03	製藥業	894793	894793		20260914	1	0			1	0	0	0	0	0			-4.68	0	0	-18.14	-11.21	-1264	0	-22	-625	-1286	0	0	0	0
77	2	7889	騰勢	ROTC	AK	生技	AK02	應用生技	20781	20781		20260914	3	0			1	0	0	0	0	0			7.17	0	0	0	0	0	0	0	0	0	0	0	0	0
78	2	3227	原相	OTC	BF	IC-設計	BF04	感測IC	151963	151963	聯電集團	20260914	2	0	PAF	原相期貨	0	0	0	0	0	0			12.25	15.32	5.51	3.81	2.86	-166	-110	-6	-173	-282	-1	-2	181	-2
79	2	1539	巨庭	TWSE	AY	電機	AY02	工具機	65370	65370		20260914	1	0			0	0	0	0	0	0			0.83	18.45	0	0.51	0.42	-3	0	0	0	-3	0	0	0	0
80	2	2227	裕日車	TWSE	AN	汽車	AN01	汽機車	300000	300000	裕隆集團	20260914	1	0			1	0	0	0	0	0			-0.24	0	1.78	-2.85	-2.25	-18	0	0	-8	-18	0	0	0	0
81	2	6021	美好證	OTC	AD	金融-證券	AD01	證券	312006	312006		20260914	2	0			0	0	0	0	0	0	60211		11.39	3.83	4.65	17.04	5.06	-23	0	0	78	-23	-27	-1	24	0
82	2	6999	瀚醫生技	ROTC	AK	生技	AK04	生技其他	23116	23116		20260914	3	0			1	0	0	0	0	0			2.28	0	0	0	0	0	0	0	0	0	0	0	0	0
83	2	5902	德記	OTC	53b130187d0000003b11a6755a185d27	居家生活	54821a619600000068f861e0ba33627f	居家生活其他	94500	94500	統一集團	20260914	2	0			0	0	0	0	0	0			2.1	16.56	4.77	4.39	3.13	0	0	0	0	0	-139	0	0	0
84	2	1301	台塑	TWSE	AW	塑膠	AW01	塑膠原料	6365741	6365741	台塑集團	20260914	1	0	CFF	台塑期貨	0	0	0	0	0	0			1.64	39.39	0.77	2.21	1.64	-1002	0	-241	-1891	-1243	109	-24	212	-304
85	2	7870	聯剛科技	ROTC	BW	電子-其他	BW01	電子其他	18400	18400		20260914	3	0			1	0	0	0	0	0			9.27	0	0	0	0	0	0	0	0	0	0	0	0	0
86	2	1594	日高	ROTC	BB	營建	BB01	營造工程	33220	33220		20260914	3	0			1	0	0	0	0	0			-0.15	0	0	0	0	0	0	0	0	0	0	0	0	0
87	2	4126	太醫	OTC	AK	生技	AK01	醫療器材	72600	72600		20260914	2	0			0	0	0	0	0	0			5.98	12.98	5.8	3.75	2.75	-3	0	-3	4	-6	0	0	0	-3
88	2	5904	寶雅*	OTC	53b130187d0000003b11a6755a185d27	居家生活	AL03	百貨	1064438	1064438		20260914	2	0	RPF	寶雅期貨	0	0	0	0	0	0			34.02	21.26	3.52	12.73	2.74	1793	0	18	1262	1811	-179	-1	827	9
89	2	6615	慧智	OTC	AK	生技	AK04	生技其他	21593	21593		20260914	2	0			0	0	0	0	0	0			0.66	51.36	0	0.84	0.75	0	0	0	0	0	0	0	0	0
90	2	6277	宏正	TWSE	AE	軟體-系統整合	AE01	系統整合	119471	119471		20260914	1	0			0	0	0	0	0	0			4.13	18.43	4.59	3.6	2.48	62	0	-10	-55	52	-143	0	0	-10
91	2	2845	遠東銀	TWSE	AC	金融-銀行	AC01	銀行	4923425	4923425	遠東集團	20260914	1	0			0	0	0	0	0	0			1.06	13.56	4.6	1.97	0.16	6426	-5	-43	4173	6378	54	-1	18	0
92	2	7861	貝爾威勒	ROTC	BP	連接元件	BP01	連接器	64600	64600		20260914	3	0			1	0	0	0	0	0			38.42	0	0	0	0	0	0	0	0	-4	0	0	0	0
93	2	6762	達亞	OTC	AK	生技	AK01	醫療器材	36930	36930		20260914	2	0			1	0	0	0	0	0			0.48	322	0.62	1.65	0.97	0	0	0	0	0	0	0	0	0
94	2	3294	英濟	OTC	CS	電子零組件	CS01	電子零組件	132016	132016		20260914	2	0			0	0	0	0	0	0	32943	2025-12-30	0	0	0	-0.69	-0.25	36	0	-1	-44	35	-75	1	3	-1
95	2	8183	精星	OTC	BL	PCB-製造	BL01	硬板	121251	121251	華新麗華集團	20260914	2	0			0	0	0	0	0	0			3.46	8.3	2.79	2.23	1.16	140	0	0	77	140	-65	0	0	0
96	2	3147	大綜	OTC	AE	軟體-系統整合	AE01	系統整合	43687	43687		20260914	2	0			0	0	0	0	0	0			16.09	13.74	2.94	18.77	5.07	61	0	1	-9	62	-17	-1	6	1
97	2	6456	GIS-KY	TWSE	CE	LCD面板	CE02	TFT-LCD	337940	337940	泛鴻海集團	20260914	1	0			0	0	0	0	0	0			-4.46	0	0	-3.53	-1.56	-99	0	-28	-155	-127	-14	-8	131	-28
98	2	8021	尖點	TWSE	BK	PCB-材料設備	BK02	PCB原材料	147309	147309		20260914	1	0			1	0	0	0	1	1	80213	2026-08-19	5.08	84.38	0.47	5.62	3.64	-16	0	39	-147	23	-321	-18	0	27
99	2	2801	彰銀	TWSE	AC	金融-銀行	AC01	銀行	12060197	12060197		20260914	1	0	DCF	彰銀期貨	0	0	0	0	0	0			1.69	16.41	3.76	2.67	0.17	10396	7592	473	11183	18461	-2407	54	1878	-17
100	2	3680	家登	OTC	CK	儀器設備工程	CK02	半導體設備	96230	96230		20260914	2	0	SYF	家登期貨	0	0	0	0	0	0	36806	2026-04-02	14.87	34.3	1.35	4.46	2.45	-454	9	-68	-460	-513	-50	-34	1	-18
101	2	2923	鼎固-KY	TWSE	BB	營建	BB01	營造工程	1740297	1740297	日月光集團	20260914	1	0			1	0	0	0	0	0			-3.15	0	0.47	0.27	0.48	-130	0	-22	-33	-152	0	0	0	0
102	2	2009	第一銅	TWSE	CQ	非鐵金屬	CQ01	非鐵金屬	359622	359622	華榮集團	20260914	1	0			0	0	0	0	0	0			1.02	37.86	1.03	1.15	0.97	-1043	0	-198	-715	-1241	-108	-8	252	-198
103	2	6882	甲尚	ROTC	AF	軟體-其他	AF01	軟體其他	23199	23199		20260914	3	0			1	0	0	0	0	0			-2.35	0	0	0	0	0	0	0	0	0	0	0	0	0
104	2	6467	泰合	ROTC	AK	生技	AK03	製藥業	53109	53109		20260914	3	0			1	0	0	0	0	0			-5.52	0	0	0	0	0	0	0	0	133	0	0	0	0
105	2	6794	向榮生技	TWSE	AK	生技	AK03	製藥業	63707	63707		20260914	1	0			0	0	0	0	0	0			-1.66	0	0	-3.01	-2.73	0	0	0	0	0	2	0	0	0
106	2	6729	機光科技	ROTC	BW	電子-其他	BW01	電子其他	27661	27661		20260914	3	0			1	0	0	0	0	0			1.31	0	0	0	0	0	0	0	0	0	0	0	0	0
107	2	2022	聚亨	TWSE	BA	鋼鐵	BA04	鋼鐵加工	337168	337168		20260914	1	0			1	0	0	0	0	0			-0.17	0	0	-0.46	-0.1	-104	0	-4	-123	-108	-4	0	0	0
108	2	6577	勁豐	OTC	BR	工業電腦	BR01	工業電腦	60060	60060		20260914	2	0			0	0	0	0	0	0			7.23	10.89	6.35	7.36	4.43	0	1	0	0	1	0	0	0	0
109	2	2912	統一超	TWSE	AL	百貨	AL03	百貨	1039622	1039622	統一集團	20260914	1	0			0	0	0	0	0	0			11.09	19.5	4.16	6.9	1.41	299	0	-8	-101	291	-3	0	98	-8
110	2	2353	宏碁	TWSE	BY	筆記型電腦	BY01	筆記型電腦	3047854	3047854	宏碁集團	20260914	1	0	DSF	宏碁期貨	0	0	0	0	0	0			1.68	18.51	4.18	2.85	1.06	-362	240	-31	-326	-153	-68	-38	1349	-24
111	2	6961	旅天下	OTC	BC	觀光	BC02	旅遊	26834	26834		20260914	2	0			0	0	0	0	0	0			2.73	19.22	10.12	-0.13	-0.06	0	0	0	0	0	0	0	0	0
112	2	2461	光群雷	TWSE	BW	電子-其他	BW01	電子其他	190294	190294		20260914	1	0			0	0	0	0	0	0			0.45	40.11	0	1.18	0.75	-56	0	-7	9	-63	4	-4	19	0
113	2	9929	秋雨	TWSE	CX	文化創意	CX01	文化創意	101280	101280		20260914	1	0			1	0	0	0	0	0			0.49	22.65	0	2.14	1.31	0	0	0	0	0	0	0	0	0
114	2	1259	安心	OTC	BC	觀光	BC01	餐飲	32390	32390	東元電機集團	20260914	2	0			0	0	0	0	0	0			3.54	18.19	1.86	2.37	1.05	3	0	0	0	3	0	0	0	0
115	2	3176	基亞	OTC	AK	生技	AK03	製藥業	139307	139307		20260914	2	0			0	0	0	0	0	0			-1.82	0	0	0	0.11	251	0	0	-44	251	22	2	4	0
116	2	6622	百聿數碼	ROTC	CX	文化創意	CX01	文化創意	35301	35301		20260914	3	0			1	0	0	0	0	0			-2.04	0	0	0	0	0	0	0	0	0	0	0	0	0
117	2	1438	三地開發	TWSE	BB	營建	BB01	營造工程	120102	120102	三地集團	20260914	1	0			0	0	0	0	0	0	14381	2024-10-21	2.59	8.24	0.94	-1.49	-0.19	-14	0	3	0	-11	0	0	0	0
118	2	3010	華立	TWSE	BG	IC-通路	BG01	IC零組件通路商	259437	259437		20260914	1	0			0	0	0	0	0	0			11.18	11.13	4.26	3.6	1.76	126	0	-4	49	122	-34	0	2	-2
119	2	2247	汎德永業	TWSE	AN	汽車	AN01	汽機車	80711	80711		20260914	1	0			0	0	0	0	0	0	22472	2025-05-20	13.87	16.59	6.3	2.7	1.63	3	2	0	0	5	3	0	0	0
120	2	6695	芯鼎	TWSE	BF	IC-設計	BF02	矽智財	107000	107000	神盾集團	20260914	1	0			0	0	0	0	0	0			-1.63	0	0	-3.68	-3.02	-58	0	0	-34	-58	-7	0	2	0
121	2	6841	長佳智能	OTC	AK	生技	AK01	醫療器材	95223	95223		20260914	2	0			0	0	0	0	0	0			0.68	77.31	1.93	-0.52	-0.39	-72	0	-2	-55	-74	27	12	36	-2
122	2	2321	東訊	TWSE	CI	網通設備	CI03	無線通訊設備	30272	30272	東元電機集團	20260914	1	0			1	1	0	1	0	0			-0.13	377.5	0	4.23	1.8	0	0	0	0	0	0	0	0	0
123	2	6916	華凌	TWSE	CE	LCD面板	CE02	TFT-LCD	67500	67500		20260914	1	0			0	0	0	0	0	0			-0.89	0	0	0.77	0.48	-2	0	0	0	-2	-1	0	0	0
124	2	3581	博磊	OTC	CK	儀器設備工程	CK02	半導體設備	51006	51006		20260914	2	0			0	0	0	0	0	0	35811		2.34	41.88	0.61	4	1.91	-35	0	1	-27	-34	-5	-21	12	1
125	2	5392	能率	OTC	CS	電子零組件	CS01	電子零組件	180093	180093	能率集團	20260914	2	0			0	0	0	0	0	0			0.69	59.12	1	1.56	0.96	-73	0	-7	-88	-80	-10	-2	26	-7
126	2	5515	建國	TWSE	BB	營建	BB01	營造工程	201600	201600		20260914	1	0			0	0	0	0	0	0			9.86	5.06	6.62	14.4	6.83	-68	0	1	-17	-66	-2	3	4	-2
127	2	4442	竣邦-KY	OTC	AT	紡織纖維	AT04	成衣	32856	32856		20260914	2	0			0	0	0	0	0	0	44421	2025-06-17	5.13	11.29	6.19	5.72	3.79	-101	0	-246	-11	-347	-5	13	8	0
128	2	2493	揚博	TWSE	BK	PCB-材料設備	BK01	印刷電路板設備	126797	126797		20260914	1	0			0	0	0	0	0	0			5.24	33.17	2.31	5.97	2.91	205	-35	-10	22	160	-110	-2	53	-9
129	2	2071	震南鐵	ROTC	BA	鋼鐵	BA04	鋼鐵加工	69046	69046		20260914	3	0			1	0	0	0	0	0			3.82	0	0	0	0	0	0	0	0	0	0	0	0	0
130	2	6674	鋐寶科技	TWSE	CI	網通設備	CI03	無線通訊設備	68222	68222	金仁寶集團	20260914	1	0			0	0	0	0	0	0			-2.31	0	0	-7.75	-5.45	-2	0	0	0	-2	5	0	0	0
131	2	6690	安碁資訊	OTC	53b13081400000008039a015822c2b77	數位雲端	5482289646000000c26187ecbfa0dd33	雲端服務	30000	30000	宏碁集團	20260914	2	0			0	0	0	0	0	0			10.95	15.62	5.26	2.85	1.81	107	0	4	89	111	44	0	0	4
132	2	3710	連展投控	OTC	CI	網通設備	CI02	網路設備	287251	287251		20260914	2	0			1	1	0	1	0	0			-2.97	0	0	-10.92	-1.64	0	0	0	0	0	0	0	0	0
133	2	2543	皇昌	TWSE	BB	營建	BB01	營造工程	528542	528542		20260914	1	0			0	0	0	0	0	0			2.82	13.11	4.04	5.23	2.54	-615	0	-6	-468	-621	-103	2	268	-6
134	2	6992	萬勝發科技	ROTC	BF	IC-設計	BF01	IC設計	25699	25699		20260914	3	0			1	0	0	0	0	0			-4.77	0	0	0	0	0	0	0	0	0	0	0	0	0
135	2	6419	京晨科	OTC	BV	安全監控	BV01	安全監控系統	13159	13159		20260914	2	0			0	0	0	0	0	0			29.71	5.1	0	31.76	18.56	-145	0	0	-92	-145	28	0	2	0
136	2	2245	詠勝昌*	ROTC	AO	汽車零組件	AO01	汽機車零組件	35640	35640		20260914	3	0			1	0	0	0	0	0			8.85	0	0	0	0	0	0	0	0	0	0	0	0	0
137	2	2014	中鴻	TWSE	BA	鋼鐵	BA04	鋼鐵加工	1435544	1435544	中鋼集團	20260914	1	0			1	0	0	0	0	0			-0.48	0	0	2.05	1.1	-1381	0	-8	-937	-1388	-40	0	0	0
138	2	2439	美律	TWSE	CL	電腦周邊產品	CL01	電腦及周邊產品	248641	248641		20260914	1	0	MKF	美律期貨	0	0	0	0	0	0	24395	2024-05-31	5.46	13.96	5.33	1.36	0.67	-22	-23	-4	-22	-49	-52	-1	52	-2
139	2	6891	樂迦再生	ROTC	AK	生技	AK01	醫療器材	200642	200642		20260914	3	0			1	0	0	0	0	0			-1.58	0	0	0	0	0	0	0	0	-11	0	0	0	0
140	2	5345	馥鴻	OTC	BO	被動元件	BO03	電容	37795	37795		20260914	2	0			1	0	0	0	0	0			-0.11	0	0	0.05	0.07	-2	0	0	0	-2	0	0	0	0
141	2	6782	視陽	TWSE	AK	生技	AK02	應用生技	63000	63000	明基友達集團	20260914	1	0			0	0	0	0	0	0			16.5	13.55	3.76	6.74	4.49	72	-83	-4	-14	-15	-21	0	0	-4
142	2	2454	聯發科	TWSE	BF	IC-設計	BF01	IC設計	1604953	1604953	聯發科集團	20260914	1	0	DVF	聯發科期貨	0	0	0	0	0	0			60.69	75.72	1.17	5.92	3.23	-742	108	-22	-884	-656	-102	-6	189	-8
143	2	2406	國碩	TWSE	BS	太陽能	BS01	太陽能	350906	350906	國碩集團	20260914	1	0			0	0	0	0	0	0			0.18	146.67	0	0.77	0.61	210	0	1	-168	211	-4	4	66	0
144	2	2731	雄獅	TWSE	BC	觀光	BC02	旅遊	93278	93278		20260914	1	0			0	0	0	0	0	0			16.26	8.68	9.08	5.65	2.15	21	5	1	-60	27	7	0	13	1
145	2	6959	兆捷科技	ROTC	AH	化學工業	AH01	化學工業	39167	39167		20260914	3	0			1	0	0	0	0	0			-4.8	0	0	0	0	0	0	0	0	1	0	0	0	0
146	2	5498	凱崴	OTC	BK	PCB-材料設備	BK01	印刷電路板設備	193549	193549		20260914	2	0			0	0	0	0	0	0			0.36	144.57	0.49	1.68	1.05	74	0	-12	-75	63	-112	-11	39	-15
147	2	4576	大銀微系統	TWSE	AY	電機	AY06	自動化設備	119802	119802		20260914	1	0			0	0	0	0	0	0			3.27	73.78	0.33	2.7	1.75	387	0	121	551	508	112	-32	59	118
148	2	6947	台鎔科技	TWSE	53b13043c3000000e2c2ca8d2ab4246e	綠能環保	CO02	廢棄物處理	106126	106126		20260914	1	0			1	0	0	0	0	0			2	34.47	0.77	3.54	1.41	-2	0	0	-24	-2	0	0	0	0
149	2	2029	盛餘	TWSE	BA	鋼鐵	BA04	鋼鐵加工	321180	321180		20260914	1	0			0	0	0	0	0	0			1.2	17.58	2.84	1.81	1.59	-147	0	-20	-70	-167	-30	0	1	0
150	2	3522	御嵿	OTC	BC	觀光	BC01	餐飲	104096	104096		20260914	2	0			1	0	0	0	0	0	35221	2023-10-27	-2.34	0	0	-12.42	-3.62	34	0	0	-86	34	0	0	0	0
151	2	2459	敦吉	TWSE	CS	電子零組件	CS01	電子零組件	105596	105596		20260914	1	0			0	0	0	0	0	0			5.59	11.72	6.41	3	2.05	5	0	-5	1	0	0	0	0	0
152	2	4426	利勤	TWSE	AT	紡織纖維	AT03	紡織纖維	172677	172677		20260914	1	0			0	0	0	0	0	0			-1.81	0	0	-4.83	-1.86	23	0	0	0	23	4	0	3	0
153	2	3501	維熹	TWSE	BP	連接元件	BP02	連接線材	118258	118258	正崴集團	20260914	1	0			0	0	0	0	0	0			1.74	22.37	5.17	0.98	0.72	-46	0	0	-10	-46	0	0	1	0
154	2	7705	三商餐飲	TWSE	BC	觀光	BC01	餐飲	66067	66067		20260914	1	0			0	0	0	0	0	0			2.42	12.33	5.34	2.34	1.1	0	0	0	0	0	0	0	0	0
155	2	7745	紅陽	ROTC	53b13081400000008039a015822c2b77	數位雲端	548239c919000000c9a1dc5ad73357c8	電子支付	17950	17950		20260914	3	0			1	0	0	0	0	0			-0.22	0	0	0	0	0	0	0	0	0	0	0	0	0
156	2	8341	日友	TWSE	53b13043c3000000e2c2ca8d2ab4246e	綠能環保	CO02	廢棄物處理	130000	130000	潤泰集團	20260914	1	0			0	0	0	0	0	0			5.24	14.2	5.38	3.95	2.23	-58	0	-3	0	-61	-2	0	14	0
157	2	6735	美達科技	OTC	CK	儀器設備工程	CK02	半導體設備	46182	46182		20260914	2	0			0	0	0	0	0	0			1.4	43.29	1.16	1.1	0.91	-22	0	0	0	-22	1	0	2	0
158	2	6977	聯純	ROTC	53b13043c3000000e2c2ca8d2ab4246e	綠能環保	CO02	廢棄物處理	16794	16794		20260914	3	0			1	0	0	0	0	0			21.57	0	0	0	0	0	0	0	0	-11	0	0	0	0
159	2	1813	寶利徠	OTC	AK	生技	AK02	應用生技	46636	46636		20260914	2	0			0	0	0	0	0	0			0.23	50	0	0.33	0.41	0	0	0	0	0	-1	0	0	0
160	2	1316	上曜	TWSE	BB	營建	BB01	營造工程	401646	401646	上曜集團	20260914	1	0			0	0	0	0	0	0	13166	2024-11-15	-0.27	0	0	0.75	0.51	-118	0	0	-313	-118	157	-37	109	0
161	2	3713	新晶投控	OTC	53b13043c3000000e2c2ca8d2ab4246e	綠能環保	BS01	太陽能	88099	88099		20260914	2	0			1	0	0	0	0	0			-1.03	0	0	0.51	0.48	1	0	0	0	1	0	0	0	0
162	2	2316	楠梓電	TWSE	BL	PCB-製造	BL01	硬板	182741	182741		20260914	1	0			0	0	0	0	0	0	23161	2026-08-24	14.31	11.04	1.27	3.89	2.7	-311	0	-5	-162	-316	-13	-2	226	-4
163	2	1324	地球	TWSE	AW	塑膠	AW02	塑膠製品	75122	75122		20260914	1	0			0	0	0	0	0	0			-0.31	0	0	0.29	0.25	0	0	0	0	0	1	0	0	0
164	2	2369	菱生	TWSE	BE	IC-封測	BE01	IC封裝測試	380102	380102		20260914	1	0			0	0	0	0	0	0			-0.09	0	0	1.49	1.04	-60	0	-59	-339	-119	-12	13	83	-59
165	2	6233	旺玖	OTC	BF	IC-設計	BF01	IC設計	80972	80972		20260914	2	0			0	0	0	0	0	0			0.23	91.14	3.74	1.43	1.26	-20	0	-1	4	-21	-2	0	0	-1
166	2	2948	寶陞	OTC	53b130187d0000003b11a6755a185d27	居家生活	CP01	家居用品	32000	32000		20260914	2	0			1	0	0	0	0	0			2.17	17.38	6	1.71	1.04	0	0	0	0	0	0	0	0	0
167	2	6169	昱泉	OTC	AG	軟體-遊戲	AG01	軟體遊戲	23395	23395		20260914	2	0			1	0	0	0	0	0			-2.49	0	0	-7.99	-3.47	0	0	0	0	0	0	0	0	0
168	2	6153	嘉聯益	TWSE	BL	PCB-製造	BL02	軟板	636178	636178		20260914	1	0	JZF	嘉聯益期貨	0	0	0	0	0	0			-3.15	0	0	-2.28	-1.07	639	0	-18	227	621	-123	-11	0	0
169	2	3092	鴻碩	TWSE	BP	連接元件	BP02	連接線材	106649	106649		20260914	1	0			0	0	0	0	0	0			-4.11	0	0	-10.26	-2.54	-15	0	0	-6	-15	6	0	7	0
170	2	6590	普鴻	OTC	CW	電商平台	CW01	電子商務	28696	28696		20260914	2	0			1	0	0	0	0	0			5.29	11.39	2.54	5.74	3.82	0	0	0	0	0	0	0	0	0
171	2	6994	富威電力	TWSE	53b13043c3000000e2c2ca8d2ab4246e	綠能環保	54820dbff70000007c774dd6ca68b569	能源工程	74162	74162		20260914	1	0			0	0	0	0	0	0			5.57	5.38	10.22	-1.69	-0.43	-337	0	-1	-769	-338	-80	295	64	-1
172	2	1722	台肥	TWSE	AH	化學工業	AH03	農藥及肥料	980000	980000		20260914	1	0	EZF	台肥期貨	0	0	0	0	0	0			0.84	51.49	4.62	0.43	0.28	-1743	0	-20	-1680	-1763	71	3	840	1
173	2	2252	為昇科	ROTC	BW	電子-其他	BW01	電子其他	106618	106618		20260914	3	0			1	0	0	0	0	0			-2.71	0	0	0	0	0	0	0	0	23	0	0	0	0
174	2	7854	佐茂	ROTC	CV	電池	CV01	電池	40300	40300		20260914	3	0			1	0	0	0	0	0			1.94	0	0	0	0	0	0	0	0	0	0	0	0	0
175	2	6219	富旺	OTC	BB	營建	BB01	營造工程	124967	124967		20260914	2	0			0	0	0	0	0	0	62194	2025-09-03	0.94	12.66	0	-4.97	-0.48	-20	0	0	-26	-20	4	0	0	0
176	2	7516	清淨海	ROTC	AP	其他	CP01	家居用品	19309	19309		20260914	3	0			1	0	0	0	0	0			1.46	0	0	0	0	0	0	0	0	0	0	0	0	0
177	2	4553	盛復	ROTC	AY	電機	AY03	機械零組件	33020	33020		20260914	3	0			1	0	0	0	0	0			-0.22	0	0	0	0	0	0	0	0	0	0	0	0	0
178	2	7723	築間	OTC	BC	觀光	BC01	餐飲	49620	49620		20260914	2	0			0	0	0	0	0	0			-8.52	0	0	-13.36	-2.24	-1	0	0	0	-1	-4	0	0	0
179	2	2379	瑞昱	TWSE	BF	IC-設計	BF01	IC設計	515513	515513		20260914	1	0	GJF	瑞昱期貨	0	0	0	0	0	0			27.72	25.53	3.55	7.96	2.65	613	67	-120	246	559	-38	4	157	-1
180	2	7806	精華生醫	ROTC	AK	生技	AK03	製藥業	29253	29253		20260914	3	0			1	0	0	0	0	0			2.87	0	0	0	0	0	0	0	0	0	0	0	0	0
181	2	6909	創控	TWSE	BW	電子-其他	CK02	半導體設備	67488	67488		20260914	1	0			0	0	0	0	0	0			1.38	33.01	2.28	0.63	0.55	196	0	6	264	202	30	0	5	0
182	2	8443	阿瘦	TWSE	AP	其他	AP02	鞋業	66800	66800		20260914	1	0			1	0	0	0	0	0			-1.57	0	0	-2.51	-0.94	-7	0	0	0	-7	0	0	0	0
183	2	7811	民盛	OTC	53b12ee9760000004fff0eead0b0f535	運動休閒	53b133ac220000000686c57f08b6e33d	運動休閒其他	33377	33377		20260914	2	0			1	0	0	0	0	0			7.43	10.58	7.75	2.75	1.91	0	0	0	0	0	0	0	0	0
184	2	5213	亞昕	OTC	BB	營建	BB01	營造工程	721334	721334		20260914	2	0			0	0	0	0	0	0			1.67	12.86	13.53	2.05	0.63	-47	0	0	-49	-47	-48	0	0	0
185	2	6927	聯合聚晶	ROTC	BF	IC-設計	CK02	半導體設備	38236	38236		20260914	3	0			1	0	0	0	0	0			0.08	0	0	0	0	0	0	0	0	0	0	0	0	0
186	2	1802	台玻	TWSE	AQ	玻璃陶瓷	AQ01	玻璃	2908061	2908061		20260914	1	0	KUF	台玻期貨	0	0	0	0	0	0			0.87	67.67	0	2.43	1.54	-381	21	-325	-772	-685	-64	-193	468	-217
187	2	5386	青雲	OTC	CG	板卡	CG01	板卡	54121	54121		20260914	2	0			0	0	0	0	0	0	53862		63.51	4.5	2.04	27.36	8.67	-43	0	-36	-636	-79	76	-5	0	-37
188	2	8034	榮群	OTC	CI	網通設備	CI02	網路設備	56586	56586		20260914	2	0			0	0	0	0	0	0			1.17	17.03	6.08	1.93	1.61	-16	0	0	0	-16	16	0	4	0
189	2	3685	元創精密	OTC	AY	電機	AY03	機械零組件	79574	79574		20260914	2	0			1	0	0	0	0	0			-0.13	0	0	2.4	1.45	38	0	0	32	38	0	0	0	0
190	2	4402	郡都開發	OTC	AT	紡織纖維	AT03	紡織纖維	67992	67992		20260914	2	0			1	0	0	0	0	0			-0.15	0	0	-0.75	-0.71	-1	0	0	0	-1	0	0	0	0
191	2	2527	宏璟	TWSE	BB	營建	BB01	營造工程	270306	270306	日月光集團	20260914	1	0			0	0	0	0	0	0			5.7	7.64	3.45	0.46	0.44	-419	0	2	-127	-417	-10	0	43	6
192	2	3689	湧德	OTC	BP	連接元件	BP01	連接器	89527	89527		20260914	2	0			0	0	0	0	0	0	36894	2023-12-25	8.22	13.43	3.36	4.59	2.79	348	0	-11	137	337	-257	-1	70	-12
193	2	6661	威健生技	OTC	AK	生技	AK02	應用生技	23304	23304		20260914	2	0			1	0	0	0	0	0			-0.07	0	0	-0.73	-0.12	0	0	0	0	0	0	0	0	0
194	2	7805	威聯通	OTC	CL	電腦周邊產品	BZ01	電腦通路商	39750	39750		20260914	2	0			0	0	0	0	0	0			49.71	10.43	8.08	4.6	3.14	-7	0	-2	-13	-9	-6	0	6	-2
195	2	5310	天剛	OTC	AE	軟體-系統整合	AE01	系統整合	28944	28944		20260914	2	0			0	0	0	0	0	0			2.02	12.13	0	19.72	17.61	0	0	0	0	0	0	0	0	0
196	2	2634	漢翔	TWSE	CT	航天軍工	CT01	航天軍工	941867	941867		20260914	1	0	RCF	漢翔期貨	0	0	0	0	0	0			2.06	30.82	1.22	5.29	2.06	-2756	0	-170	-2025	-2927	450	61	1819	132
197	2	4768	晶呈科技	OTC	AH	化學工業	AH04	電子化工品	48200	48200		20260914	2	0			0	0	0	0	0	0			-0.62	0	0.34	-1.11	-0.27	-145	0	-8	-75	-153	-6	0	102	-4
198	2	3184	微邦	ROTC	AK	生技	AK01	醫療器材	63074	63074		20260914	3	0			1	0	0	0	0	0			1.3	0	0	0	0	0	0	0	0	6	0	0	0	0
199	2	1439	雋揚	TWSE	BB	營建	BB01	營造工程	92000	92000		20260914	1	0			0	0	0	0	0	0			3.07	9.54	1.71	1.36	0.8	0	0	0	0	0	0	0	0	0
200	2	4549	桓達	OTC	AY	電機	AY04	機電工程	58142	58142		20260914	2	0			0	0	0	0	0	0	45491	2024-09-11	4.06	23.14	3.4	4.53	3.23	-3	0	2	0	-1	-2	0	1	0
201	2	3048	益登	TWSE	BG	IC-通路	BG01	IC零組件通路商	269830	269830		20260914	1	0			0	0	0	0	0	0			4.7	10.66	1.99	7.86	2.14	234	0	-4	-61	230	-208	0	28	-8
202	2	6807	峰源-KY	TWSE	53b130187d0000003b11a6755a185d27	居家生活	CP01	家居用品	54000	54000		20260914	1	0			0	0	0	0	0	0	68071		2.95	11.38	7.47	0.31	0.22	-2	0	0	0	-2	0	0	0	0
203	2	9921	巨大	TWSE	53b12ee9760000004fff0eead0b0f535	運動休閒	AM01	自行車	392065	392065		20260914	1	0			0	0	0	0	0	0	99211	2022-05-10	1.53	56.52	2.08	1.92	1.1	-2715	0	-42	-2437	-2756	155	-9	724	-36
204	2	9939	宏全	TWSE	AW	塑膠	AW02	塑膠製品	295786	295786		20260914	1	0	KOF	宏全期貨	0	0	0	0	0	0	99392	2024-08-29	10.99	11.77	4.79	6.58	2.86	54	0	-16	106	38	-17	0	37	-13
205	2	8047	星雲	OTC	AY	電機	AY02	工具機	41666	41666		20260914	2	0			1	0	0	0	0	0			-0.9	0	0	1.13	0.83	0	0	1	0	1	0	0	0	0
206	2	9914	美利達	TWSE	53b12ee9760000004fff0eead0b0f535	運動休閒	AM01	自行車	298984	298984		20260914	1	0	LMF	美利達期貨	0	0	0	0	0	0			3.45	20.2	4.02	1.67	1.07	-2106	0	-472	-1981	-2577	28	263	790	-92
207	2	3045	台灣大	TWSE	CA	電信服務	CA01	電信數據服務	3723431	3723431	富邦集團	20260914	1	0	LCF	台灣大期貨	0	0	0	0	0	0	30455	2024-11-27	5.33	22.87	3.92	5.12	2.2	2847	60	-167	1624	2740	-50	0	253	13
208	2	8421	旭源	OTC	AY	電機	AY01	機械	63817	63817		20260914	2	0			0	0	0	0	0	0			0.44	29.76	0	1.44	0.91	3	0	0	-9	3	12	0	0	0
209	2	6755	連鋐科技	ROTC	CS	電子零組件	CK01	設備儀器	39823	39823		20260914	3	0			1	0	0	0	0	0			-0.51	0	0	0	0	0	0	0	0	0	0	0	0	0
210	2	3036	文曄	TWSE	BG	IC-通路	BG01	IC零組件通路商	1346292	1346292		20260914	1	0	IQF	文曄期貨	0	0	0	0	0	0			20.07	9.8	4.08	8.18	1.51	-443	-2	-47	-426	-492	-171	11	701	-14
211	2	2481	強茂	TWSE	CU	二極體	CU01	二極體	382115	382115		20260914	1	0	GYF	強茂期貨	0	0	1	0	0	0			3.76	39.79	1.2	3.26	1.84	-4941	0	-858	-3741	-5799	428	463	1830	-264
212	2	1522	堤維西	TWSE	AO	汽車零組件	59723caa37000000785f6384ccccd6f7	汽機車零組件(AM)	342898	312898	大億企業集團	20260914	1	0			0	0	0	0	0	0			0.85	26.56	4.71	-0.99	0	-283	0	-21	-238	-304	-19	1	112	-21
213	2	6556	勝品	OTC	BV	安全監控	BV01	安全監控系統	28750	28750	明基友達集團	20260914	2	0			1	0	0	0	0	0			7.72	7.96	5.69	4.24	3.04	3	0	7	0	10	0	0	0	7
214	2	1476	儒鴻	TWSE	AT	紡織纖維	AT04	成衣	274367	274367		20260914	1	0	LWF	儒鴻期貨	0	0	0	0	0	0			24.14	11.95	5.2	5.49	4.17	-68	18	-68	-132	-118	7	0	22	3
215	2	8272	全景軟體	OTC	CL	電腦周邊產品	AF01	軟體其他	18998	18998		20260914	2	0			1	0	0	0	0	0			4.59	13.56	4.51	3.31	2.41	0	0	0	0	0	0	0	0	0
216	2	6285	啟碁	TWSE	4e9b311404000000b8b28c61891a26ae	低軌衛星	CI03	無線通訊設備	483441	483441	緯創集團	20260914	1	0	KGF	啟碁期貨	0	0	0	0	0	0	62855		9.21	24.37	1.93	4.6	1.87	-351	-3	-62	-233	-417	22	-7	50	-52
217	2	5703	亞都	OTC	BC	觀光	BC01	餐飲	70240	70240		20260914	2	0			1	0	0	0	0	0			0.82	16.83	0	2.02	1.2	0	0	0	0	0	0	0	0	0
218	2	3306	鼎天	OTC	CI	網通設備	CI03	無線通訊設備	50608	50608	廣達集團	20260914	2	0			0	0	0	0	0	0			0.45	102.27	3.78	0.13	0.11	65	0	1	46	66	20	0	8	0
219	2	3615	安可	OTC	CF	LCD零組件	CF01	面板零組件	68467	68467	錸德集團	20260914	2	0			0	0	0	0	0	0			3.12	10.85	2.07	5.52	4.54	78	0	0	-43	78	-102	0	20	0
220	2	2616	山隆	TWSE	CN	油電燃氣	CN02	石油	137282	137282	正隆集團	20260914	1	0			0	0	0	0	0	0			-5.94	0	2.25	-6.65	-1.88	3	0	0	8	3	0	0	1	0
221	2	3219	倚強科	OTC	CI	網通設備	CI03	無線通訊設備	71781	71781		20260914	2	0			0	0	0	0	0	0	32191	2026-07-15	3.33	25.78	1.59	9.23	5.35	161	0	-45	-13	116	-33	0	0	-45
222	2	1268	漢來美食	OTC	BC	觀光	BC01	餐飲	42224	42224		20260914	2	0			0	0	0	0	0	0			13.18	13.01	4.66	5.69	2.08	-3	0	0	0	-3	-3	0	0	0
223	2	6560	欣普羅	OTC	BV	安全監控	BV01	安全監控系統	33475	33475		20260914	2	0			0	0	0	0	0	0			1.4	25.04	0	-0.01	-0.01	1	0	0	0	1	0	0	0	0
224	2	1444	力麗	TWSE	AT	紡織纖維	AT02	加工絲	995595	995595	力麗集團	20260914	1	0			0	0	0	0	0	0			-0.3	0	0	0.48	0.39	-950	0	0	-557	-950	-83	3	81	0
225	2	6185	幃翔	OTC	BP	連接元件	BP01	連接器	149868	149868		20260914	2	0			0	0	0	0	0	0			0.23	55.22	3.09	0.83	0.71	6	0	0	-6	6	-3	0	0	0
226	2	2538	基泰	TWSE	BB	營建	BB01	營造工程	445025	445025		20260914	1	0			0	0	0	0	0	0			0.6	14.57	5.72	-0.31	0.1	-70	0	0	-18	-70	9	0	58	0
227	2	8071	能率網通	OTC	CL	電腦周邊產品	CL01	電腦及周邊產品	60084	60084	能率集團	20260914	2	0			0	0	0	0	0	0			-0.6	0	0	-1.92	-0.47	17	0	1	-31	18	8	6	0	1
228	2	3447	展達	TWSE	CI	網通設備	CI02	網路設備	77449	77449	群光藍天集團	20260914	1	0			0	0	0	0	0	0			1.95	13.77	4.1	1.42	0.57	30	0	1	-12	31	2	0	0	0
229	2	3526	凡甲	OTC	BP	連接元件	BP01	連接器	67382	67382		20260914	2	0			0	0	0	0	0	0	35267	2025-06-23	17.84	15.12	6.27	7.51	3.73	103	-89	-12	-44	3	-9	0	1	-2
230	2	6705	振躍精密	ROTC	CP	家居	CP01	家居用品	18005	18005		20260914	3	0			1	0	0	0	0	0			6.53	0	0	0	0	0	0	0	0	0	0	0	0	0
231	2	3376	新日興	TWSE	CS	電子零組件	CS01	電子零組件	195780	195780		20260914	1	0	IYF	新日興期貨	0	0	0	0	0	0	33763	2024-04-26	1.45	126.21	2.19	0.37	0.3	-976	35	-166	-1018	-1107	-254	-153	1436	-47
232	2	2760	巨宇翔	ROTC	BC	觀光	BC01	餐飲	13000	13000		20260914	3	0			1	0	0	0	0	0			-12	0	0	0	0	0	0	0	0	0	0	0	0	0
233	2	1514	亞力	TWSE	AY	電機	AY04	機電工程	278571	278571		20260914	1	0			0	0	0	0	0	0	15142	2024-10-04	3.64	27.53	2.19	3.88	1.93	-13	0	-19	-34	-32	-115	-7	11	-17
234	2	6995	野獸國	ROTC	CX	文化創意	CX01	文化創意	27000	27000		20260914	3	0			1	0	0	0	0	0			4.81	0	0	0	0	0	0	0	0	0	0	0	0	0
235	2	6229	研通	OTC	BF	IC-設計	BF01	IC設計	40361	40361		20260914	2	0			0	0	0	0	0	0			1.08	21.42	2.57	3.46	1.66	9	0	0	0	9	0	0	0	0
236	2	3443	創意	TWSE	BF	IC-設計	BF02	矽智財	134012	134012	台積電集團	20260914	1	0	JBF	創意期貨	0	0	0	0	0	0			39.01	156.88	0.33	11.09	4.29	-167	75	-50	-46	-143	30	-4	29	-9
237	2	4571	鈞興-KY	TWSE	AY	電機	AY03	機械零組件	53017	53017		20260914	1	0			0	0	0	0	0	0			9	16.82	3.5	2.75	2.12	15	0	-2	-6	13	-1	0	0	-2
238	2	3516	亞帝歐	OTC	CP	家居	CP01	家居用品	59561	59561		20260914	2	0			0	0	0	0	0	0	35161	2024-08-30	0.69	36.96	0.78	1.73	1.08	4	0	0	0	4	4	0	0	0
239	2	6474	華豫寧	OTC	BZ	電子資訊通路	BH01	IC製造	52526	52526		20260914	2	0			0	0	0	0	0	0			3.56	10.34	7.11	3.64	2	14	0	0	-2	14	-5	0	0	0
240	2	3205	佰研	OTC	AK	生技	AK02	應用生技	67546	67546		20260914	2	0			0	0	0	0	0	0			-0.28	0	0	-0.22	-0.18	7	0	0	0	7	-4	-1	0	0
241	2	7832	智新生技*	ROTC	AK	生技	AK03	製藥業	580000	580000		20260914	3	0			1	0	0	0	0	0			-0.52	0	0	0	0	0	0	0	0	0	0	0	0	0
242	2	4711	永純	OTC	AH	化學工業	AH02	合成樹脂	61056	61056		20260914	2	0			0	0	0	0	0	0			0.85	19.18	3.07	2.77	2.29	1	0	1	0	2	10	0	0	1
243	2	8458	影一	ROTC	CX	文化創意	CX01	文化創意	35850	35850		20260914	3	0			1	0	0	0	0	0			-0.44	0	0	0	0	0	0	0	0	0	0	0	0	0
244	2	3669	圓展	TWSE	BX	消費性電子	BX02	視訊會議產品	92920	92920		20260914	1	0			0	0	0	0	0	0			2.95	10.95	3.1	1.94	1.46	-69	0	0	-36	-69	3	0	0	0
245	2	6847	普瑞博	ROTC	AK	生技	AK01	醫療器材	17230	17230		20260914	3	0			1	0	0	0	0	0			-4.44	0	0	0	0	0	0	0	0	0	0	0	0	0
246	2	5522	遠雄	TWSE	BB	營建	BB01	營造工程	781596	781596	遠雄集團	20260914	1	0			0	0	0	0	0	0			10.03	6.24	8.79	0.38	0.23	-123	12	18	-12	-93	13	0	118	0
247	2	3040	遠見	TWSE	DB	控股公司	DB01	控股公司	66225	66225	凌陽集團	20260914	1	0			0	0	0	0	0	0	30401	2025-05-28	-0.16	0	10.26	-0.63	-0.39	17	0	0	-50	17	-148	0	3	0
248	2	8916	光隆	OTC	AT	紡織纖維	AT04	成衣	148585	148585		20260914	2	0			0	0	0	0	0	0	89162	2026-06-24	2.87	14.24	7.4	3.62	1.9	-3	0	3	0	0	-1	0	3	0
249	2	6861	睿生光電	TWSE	AK	生技	AK01	醫療器材	41599	41599		20260914	1	0			0	0	0	0	0	0			6.49	33.1	0.93	6.23	3.3	-819	0	6	-703	-812	252	5	127	0
250	2	2596	綠意	OTC	BB	營建	BB01	營造工程	100000	100000		20260914	2	0			0	0	0	0	0	0			2.73	13.21	4.16	7.19	2.9	36	0	0	26	36	4	0	0	0
251	2	3609	三一東林	OTC	CS	電子零組件	CS01	電子零組件	38419	38419		20260914	2	0			0	0	0	0	0	0			6.47	2.79	0	-6.86	-2.83	-36	0	0	5	-36	35	0	13	0
252	2	2855	統一證	TWSE	AD	金融-證券	AD01	證券	1601414	1601414	統一集團	20260914	1	0			0	0	0	0	0	0			9.62	5.39	4.07	20.17	2.98	406	1129	0	879	1535	-72	2	223	0
253	2	3605	宏致	TWSE	BP	連接元件	BP01	連接器	176476	176476		20260914	1	0			0	0	0	0	0	0	36054	2025-12-31	4.23	32.24	1.28	2.38	1.37	-254	0	-50	-234	-304	-892	-15	255	-50
254	2	7562	博來科技	ROTC	CL	電腦周邊產品	BR01	工業電腦	23271	23271		20260914	3	0			1	0	0	0	0	0			4.42	0	0	0	0	0	0	0	0	0	0	0	0	0
255	2	4169	泰宗	TWSE	AK	生技	AK04	生技其他	66432	66432		20260914	1	0			1	0	0	0	0	0			-0.52	0	0.22	-0.55	-0.5	-26	0	0	-27	-26	0	0	0	0
256	2	6846	綠茵	OTC	AK	生技	AK02	應用生技	27066	27066		20260914	2	0			0	0	0	0	0	0	68462	2024-12-25	4.7	12.13	6.92	1.64	0.76	1	0	0	0	1	0	0	0	0
257	2	3622	洋華	TWSE	CE	LCD面板	CE02	TFT-LCD	151328	151328		20260914	1	0			0	0	0	0	0	0			5.1	8.88	7.06	0.1	0.09	-210	0	1	-143	-209	62	11	131	0
258	2	6886	遠東生技	ROTC	AR	食品	AK04	生技其他	34991	34991		20260914	3	0			1	0	0	0	0	0			3.9	0	0	0	0	0	0	0	0	0	0	0	0	0
259	2	5227	立凱-KY	OTC	CV	電池	CV01	電池	96000	96000		20260914	2	0			1	0	0	0	0	0			-0.68	0	0	-18.23	-12.3	-24	0	1	-20	-23	0	0	0	1
260	2	7840	祥圃	ROTC	AR	食品	AR03	飼料	34000	34000		20260914	3	0			1	0	0	0	0	0			3.33	0	0	0	0	0	0	0	0	0	0	0	0	0
261	2	3617	碩天	TWSE	CJ	電源供應器	CJ01	電源供應器	94762	94762		20260914	1	0			0	0	0	0	0	0	36173	2024-12-02	21.01	11.62	4.1	6.99	4.44	58	0	-4	25	55	-41	0	11	-3
262	2	1225	福懋油	TWSE	AR	食品	AR04	油脂	242268	242268		20260914	1	0			0	0	0	0	0	0			0.21	115.71	4.12	-5.66	-2.83	-20	0	0	0	-20	0	0	0	0
263	2	6581	鋼聯	TWSE	53b13043c3000000e2c2ca8d2ab4246e	綠能環保	CO02	廢棄物處理	111271	111271		20260914	1	0			0	0	0	0	0	0			7.38	15.13	4.75	8.46	6.59	0	0	0	0	0	0	0	0	0
264	2	2642	宅配通	TWSE	AU	航運	AU03	航運其他	95467	95467	東元電機集團	20260914	1	0			0	0	0	0	0	0			-1.91	0	2.47	-2.7	-1.25	1	0	0	0	1	0	0	0	0
265	2	6790	永豐實	TWSE	AS	紙業	AS02	家庭用紙	267129	267129	永豐餘集團	20260914	1	0			0	0	0	0	0	0			3.08	12.27	7.01	3.17	1.79	-6	0	0	-60	-6	-108	0	3	0
266	2	6655	科定	TWSE	CP	家居	CP01	家居用品	81321	81321		20260914	1	0			0	0	0	0	0	0			4.84	25.26	4.9	4.42	1.59	-1	0	0	0	-1	0	0	0	0
267	2	1521	大億	TWSE	AO	汽車零組件	AO01	汽機車零組件	76230	76230	大億企業集團	20260914	1	0			0	0	0	0	0	0			1.6	15.63	3.02	2.07	1.26	0	0	-2	0	-2	-1	0	0	0
268	2	3022	威強電	TWSE	BR	工業電腦	BR01	工業電腦	176598	176598		20260914	1	0			0	0	0	0	0	0			7.53	11.05	4.21	3.57	2.52	313	0	-3	31	310	-92	3	4	0
269	2	6176	瑞儀	TWSE	CF	LCD零組件	CF01	面板零組件	348770	348770		20260914	1	0	KAF	瑞儀期貨	0	0	0	0	0	0			8.31	10.99	3.94	0.66	0.46	-129	0	-11	24	-140	2	2	146	-11
270	2	6904	伯鑫	OTC	AY	電機	AY02	工具機	18500	18500		20260914	2	0			0	0	0	0	0	0	69041	2025-10-22	7.61	15.77	4.17	2.93	1.76	1	0	0	0	1	0	0	0	0
271	2	3494	誠研	TWSE	BW	電子-其他	BW01	電子其他	94800	94800		20260914	1	0			1	0	0	0	0	0			-1.81	0	0	-4.17	-0.74	-10	0	0	0	-10	0	0	0	0
272	2	5016	松和	OTC	BA	鋼鐵	BA02	不鏽鋼產品	49622	49622		20260914	2	0			0	0	0	0	0	0			1.96	12.47	4.09	2.48	1.55	0	0	0	0	0	0	0	0	0
273	2	6020	大展證	OTC	AD	金融-證券	AD01	證券	252353	252353		20260914	2	0			0	0	0	0	0	0			3.59	5.64	1.34	12.75	7.37	-1	0	0	0	-1	-2	0	0	0
274	2	5609	中菲行	OTC	AU	航運	AU03	航運其他	142884	142884		20260914	2	0			0	0	0	0	0	0			7.77	10.29	7.11	5.39	3.18	29	0	2	24	31	6	0	1	0
275	2	5324	士開	OTC	BC	觀光	BC01	餐飲	226379	226379	仰德集團	20260914	2	0			1	0	0	0	0	0			-0.08	0	0	-0.1	0.13	-32	0	0	3	-32	0	0	0	0
276	2	5432	新門	OTC	53b13043c3000000e2c2ca8d2ab4246e	綠能環保	BS01	太陽能	20688	20688		20260914	2	0			0	0	0	0	0	0			9.28	16.06	1.01	33.32	27.99	-6	0	4	-10	-2	-9	-2	1	0
277	2	6425	易發	OTC	BI	LED及光元件	BI02	LED檢測設備	51355	51355		20260914	2	0			0	0	0	0	0	0	64251	2024-07-05	1.05	58.85	1.62	1.9	0.94	-2	0	-4	-56	-6	16	-7	5	-1
278	2	3593	力銘	TWSE	CS	電子零組件	CS01	電子零組件	60825	60825	光寶集團	20260914	1	0			1	0	0	1	0	0			-1.59	0	0	-19.94	-3.57	0	0	0	0	0	0	0	0	0
279	2	6237	驊訊	OTC	BF	IC-設計	BF01	IC設計	79645	79645		20260914	2	0			0	0	0	0	0	0			-0.68	0	0.3	-1.05	-0.93	-17	0	-2	-6	-19	2	0	6	-2
280	2	3520	華盈	OTC	AE	軟體-系統整合	AE01	系統整合	83847	83847		20260914	2	0			0	0	0	0	0	0			-0.12	0	0	-0.96	-0.35	7	0	0	11	7	1	0	7	0
281	2	3021	鴻名	TWSE	BP	連接元件	BP02	連接線材	94683	94683		20260914	1	0			0	0	0	0	0	0			0.75	30.92	2.55	1.38	0.8	-4	0	1	-14	-3	11	-1	1	0
282	2	1815	富喬	OTC	AQ	玻璃陶瓷	AQ03	玻纖布	614703	614703		20260914	2	0			0	0	0	0	0	0			3.62	36.96	0.78	6.27	4.27	-5552	7612	-92	1346	1968	-1203	207	860	-132
283	2	5403	中菲	OTC	AE	軟體-系統整合	AE01	系統整合	78121	78121		20260914	2	0			0	0	0	0	0	0			8.26	11.81	7	6.55	3.37	4	0	0	0	4	1	0	0	0
284	2	8299	群聯	OTC	BF	IC-設計	BD01	DRAM	221383	221383		20260914	2	0	NWF	群聯期貨	0	0	0	0	0	0	82993	2025-08-25	220.36	9.12	1.17	29.76	15.81	317	-773	-52	-534	-508	-174	-4	78	-9
285	2	6721	信實	OTC	CO	環境處理	CO02	廢棄物處理	24500	24500		20260914	2	0			1	0	0	0	0	0			5.05	9.82	6.64	4.65	2.68	0	0	0	-11	0	0	0	0	0
286	2	7942	東佑達	ROTC	AY	電機	AY03	機械零組件	31768	31768		20260914	3	0			1	0	0	0	0	0			10.59	0	0	0	0	0	0	0	0	-49	0	0	0	0
287	2	6423	億而得	OTC	BF	IC-設計	BF01	IC設計	31016	31016		20260914	2	0			0	0	0	0	0	0			0.74	114.79	1.23	1.22	0.94	-3	0	0	0	-3	1	0	0	0
288	2	6742	澤米	TWSE	CH	光學鏡片	CF02	光學膜	71268	71268		20260914	1	0			0	0	0	0	0	0			-1.19	0	0	-3.05	-2.12	35	0	0	37	35	11	0	0	0
289	2	1519	華城	TWSE	AY	電機	AY04	機電工程	347469	347469		20260914	1	0	VMF	華城期貨	0	0	0	0	0	0			15.28	46.6	1.69	11.16	3.2	20	1	-34	26	-12	2	0	29	-22
290	2	5880	合庫金	TWSE	AA	金融-金控	AA01	金控	16072960	16072960		20260914	1	0	LOF	合庫金期貨	0	0	0	0	0	0			1.53	17.78	3.86	2.58	0.14	13147	-16	8	12938	13139	448	-3	1253	-121
291	2	7902	宇越生醫*	ROTC	AK	生技	AK03	製藥業	200605	200605		20260914	3	0			1	0	0	0	0	0			-0.87	0	0	0	0	0	0	0	0	-1	0	0	0	0
292	2	8066	來思達	OTC	53b130187d0000003b11a6755a185d27	居家生活	CP01	家居用品	36642	36642		20260914	2	0			0	0	0	0	0	0			-3.45	0	0	-0.86	0.03	2	0	0	0	2	0	0	0	0
293	2	6804	明係	OTC	53b12ee9760000004fff0eead0b0f535	運動休閒	AM01	自行車	47500	47500		20260914	2	0			0	0	0	0	0	0			-1.25	0	2.81	0.76	0.67	-2	0	0	0	-2	-52	0	0	0
294	2	4205	中華食	OTC	AR	食品	AR01	食品加工	97649	97649		20260914	2	0			0	0	0	0	0	0			3.98	17.43	5.06	4.09	3.32	2	0	0	-1	2	0	0	0	0
295	2	6506	雙邦	OTC	AH	化學工業	AH02	合成樹脂	82361	82361		20260914	2	0			0	0	0	0	0	0			1.48	12.15	5.52	3.61	1.87	-1	0	0	3	-1	2	0	0	0
296	2	3313	斐成	OTC	AL	百貨	AL01	物流	221134	221134	上曜集團	20260914	2	0			0	0	0	0	0	0	33133	2024-09-26	-0.15	0	0	-1.08	-0.59	6	0	0	0	6	0	0	0	0
297	2	6154	順發	OTC	BZ	電子資訊通路	BZ02	3C通路商	80080	80080		20260914	2	0			0	0	0	0	0	0			1.15	12.19	3.67	1.7	1.1	1	0	0	0	1	-9	0	0	0
298	2	1454	台富	TWSE	AT	紡織纖維	AT03	紡織纖維	129834	129834		20260914	1	0			0	0	0	0	0	0			-0.94	0	0.8	-1.95	-1.2	-14	0	1	0	-13	2	0	0	0
299	2	2401	凌陽	TWSE	BF	IC-設計	BF01	IC設計	591995	591995	凌陽集團	20260914	1	0	GNF	凌陽期貨	0	0	0	0	0	0			0.1	241	0	3.39	2.55	-639	0	-119	-717	-758	87	-13	124	-84
300	2	3017	奇鋐	TWSE	BQ	散熱模組	BQ02	散熱模組	394402	394402		20260914	1	0	RAF	奇鋐期貨	0	0	0	0	0	0			75.22	44.92	0.62	18.12	5.64	-99	45	-40	-31	-93	-104	-4	34	-8
301	2	2027	大成鋼	TWSE	BA	鋼鐵	BA02	不鏽鋼產品	2584261	2584261		20260914	1	0	FEF	大成鋼期貨	0	0	0	0	0	0			4.9	9.17	3.23	5.81	3.47	3477	2040	-1720	-4007	3797	-490	8	21	-242
302	2	6752	叡揚	OTC	AF	軟體-其他	AF01	軟體其他	38258	38258		20260914	2	0			0	0	0	0	0	0			6.88	13.83	5.05	4.36	2.14	1	0	0	0	1	0	0	0	0
303	2	1341	富林-KY	TWSE	AW	塑膠	AW02	塑膠製品	52851	52851		20260914	1	0			1	0	0	0	0	0			4.92	11.77	6.91	4.87	2.78	-1	0	0	0	-1	0	0	0	0
304	2	7737	凱鈿	ROTC	AF	軟體-其他	AF01	軟體其他	29759	29759		20260914	3	0			1	0	0	0	0	0			-10.41	0	0	0	0	0	0	0	0	0	0	0	0	0
305	2	3332	幸康	OTC	CJ	電源供應器	CJ01	電源供應器	48104	48104		20260914	2	0			0	0	0	0	0	0			3.95	15.42	3.28	2.89	2.18	0	0	0	0	0	-1	0	0	0
306	2	6780	學習王	ROTC	CX	文化創意	CX01	文化創意	16470	16470		20260914	3	0			1	0	0	0	0	0			2.84	0	0	0	0	0	0	0	0	0	0	0	0	0
307	2	6180	橘子	OTC	AG	軟體-遊戲	AG01	軟體遊戲	175494	175494		20260914	2	0			0	0	0	0	0	0			-2.23	0	2.49	-3.47	-1.81	5	0	0	7	5	-6	0	4	0
308	2	2610	華航	TWSE	AU	航運	AU03	航運其他	6144989	6144989		20260914	1	0	DBF	華航期貨	0	0	0	0	0	0			2.18	9.44	3.97	1.73	0.63	6370	325	201	4366	6897	-694	-8	5	209
309	2	6161	捷波	OTC	BR	工業電腦	BR01	工業電腦	56237	56237		20260914	2	0			0	0	0	0	0	0			4.11	11.55	4.62	7.15	5.15	-60	0	0	-54	-60	4	-1	23	0
310	2	6612	奈米醫材	OTC	AK	生技	AK01	醫療器材	52266	52266		20260914	2	0			0	0	0	0	0	0			1.98	36.6	1.82	0.69	0.54	11	0	15	8	26	-5	0	1	0
311	2	3287	廣寰科	OTC	CL	電腦周邊產品	CL01	電腦及周邊產品	43970	43970		20260914	2	0			0	0	0	0	0	0			7.97	4.39	4.29	27.49	18.76	-21	0	0	-16	-21	-20	-1	0	0
312	2	8345	超秦	ROTC	AR	食品	AR01	食品加工	60008	60008		20260914	3	0			1	0	0	0	0	0			7.42	0	0	0	0	0	0	0	0	0	0	0	0	0
313	2	6878	歐付寶	ROTC	CI	網通設備	AY06	自動化設備	72641	72641		20260914	3	0			1	0	0	0	0	0			-2.04	0	0	0	0	0	0	0	0	1	0	0	0	0
314	2	1789	神隆	TWSE	AK	生技	AK03	製藥業	790739	790739	統一集團	20260914	1	0			0	0	0	0	0	0			0.05	366	1.58	-0.34	-0.27	-437	0	0	-286	-437	-12	0	65	0
315	2	3041	揚智	TWSE	BF	IC-設計	BF01	IC設計	142097	142097	聯發科集團	20260914	1	0			0	0	0	0	0	0			-3.08	0	0	-2.08	-0.53	67	0	-2	-51	65	-109	0	20	0
316	2	8438	昶昕	TWSE	53b13043c3000000e2c2ca8d2ab4246e	綠能環保	CO02	廢棄物處理	69943	69943		20260914	1	0			0	0	0	0	0	0	84381	2026-06-23	3.62	18.51	1.94	3.98	2.55	-19	0	0	-8	-19	-11	0	0	0
317	2	2414	精技	TWSE	BZ	電子資訊通路	BZ02	3C通路商	161736	161736		20260914	1	0			0	0	0	0	0	0			4.1	12.9	5.66	5.68	1.77	24	0	5	23	29	2	0	0	0
318	2	4550	長佳	OTC	AY	電機	AY04	機電工程	37839	37839		20260914	2	0			0	0	0	0	0	0			1.92	12.05	5.25	1.04	0.62	-8	0	0	0	-8	-5	0	0	0
319	2	6202	盛群	TWSE	BF	IC-設計	DC01	MCU	230388	230388	金仁寶集團	20260914	1	0			0	0	0	0	0	0			1.21	46	1.23	3.72	2.73	-135	0	-59	-133	-194	13	-1	18	-54
320	2	4194	禾生技	ROTC	AK	生技	AK04	生技其他	145974	145974		20260914	3	0			1	0	0	0	0	0			-1.84	0	0	0	0	0	0	0	0	0	0	0	0	0
321	2	8358	金居	OTC	BK	PCB-材料設備	BK02	PCB原材料	252588	252588	光寶集團	20260914	2	0	PQF	金居期貨	0	0	1	0	0	0			6.71	72.28	0.41	6.25	4.77	-2089	23	-503	-2368	-2569	-135	400	651	-2
322	2	6158	禾昌	OTC	BP	連接元件	BP01	連接器	55029	55029		20260914	2	0			0	0	0	0	0	0			-1.73	0	0	-0.68	-0.22	4	0	0	0	4	-7	0	0	0
323	2	7892	元鈦科	ROTC	BQ	散熱模組	BQ02	散熱模組	60329	60329		20260914	3	0			1	0	0	0	0	0			10.61	0	0	0	0	0	0	0	0	0	0	0	0	0
324	2	4556	旭然	OTC	CO	環境處理	CO01	水資源處理	42303	42303		20260914	2	0			0	0	1	0	0	0			1.07	88.41	0.63	1.21	0.78	-51	0	-15	385	-66	211	-3	2	0
325	2	2359	所羅門	TWSE	AY	電機	AY06	自動化設備	171471	171471		20260914	1	0			0	0	0	0	0	0			6.71	19.08	0.78	11.07	6.75	-313	0	-12	-455	-325	5	-22	187	-7
326	2	3591	艾笛森	TWSE	BI	LED及光元件	BI01	發光二極體	145387	145387		20260914	1	0			1	1	0	0	0	0	35914	2024-10-09	-0.15	0	0	0.43	0.42	0	0	0	0	0	-2	0	0	0
327	2	6737	秀育	ROTC	CL	電腦周邊產品	CL01	電腦及周邊產品	60050	60050		20260914	3	0			1	0	0	0	0	0			3.41	0	0	0	0	0	0	0	0	0	0	0	0	0
328	2	2360	致茂	TWSE	CK	儀器設備工程	CK02	半導體設備	425246	425246		20260914	1	0	MJF	致茂期貨	0	0	0	0	0	0			39.28	55.1	0.9	16.81	8.87	143	93	-11	15	225	-25	1	93	-3
329	2	7919	禾蒼	ROTC	BX	消費性電子	BX02	視訊會議產品	12700	12700		20260914	3	0			1	0	0	0	0	0			2.44	0	0	0	0	0	0	0	0	0	0	0	0	0
330	2	8935	邦泰	OTC	AW	塑膠	AW02	塑膠製品	113495	113495		20260914	2	0			1	0	0	0	0	0			-0.57	0	0	-1.11	-0.55	-13	0	0	-11	-13	0	0	0	0
331	2	6117	迎廣	TWSE	CL	電腦周邊產品	CL02	電腦機殼	92587	92587		20260914	1	0			0	0	0	0	0	0	61172	2025-04-15	4.74	12.99	3.26	1.96	0.96	38	0	-33	-12	5	-21	0	0	-7
332	2	5222	全訊	TWSE	BH	IC-製造	BH03	砷化鎵代工	100114	100114		20260914	1	0			0	0	0	0	0	0			1.93	53.93	2.43	1.37	1.15	-11	0	0	-19	-11	1	0	8	0
333	2	3531	先益	OTC	CF	LCD零組件	CF01	面板零組件	61175	61175		20260914	2	0			0	0	0	0	0	0			1.31	16.14	2.35	-0.55	-0.43	0	0	0	0	0	0	0	0	0
334	2	6976	育世博-KY	ROTC	AK	生技	AK01	醫療器材	582867	582867		20260914	3	0			1	0	0	0	0	0			-1.76	0	0	0	0	0	0	0	0	-15	0	0	0	0
335	2	7689	大鵬科CLMX	TWSE	AE	軟體-系統整合	AE01	系統整合	58507	58507		20260914	1	0			1	0	0	0	0	0			13.74	13.16	3.51	11.29	3.27	-7	0	0	-9	-7	0	0	0	0
336	2	3097	拍檔	ROTC	CL	電腦周邊產品	CL01	電腦及周邊產品	75086	75086	明基友達集團	20260914	3	0			1	0	0	0	0	0			2.9	0	0	0	0	0	0	0	0	0	0	0	0	0
337	2	6573	虹揚-KY	TWSE	CU	二極體	CU01	二極體	80499	80499		20260914	1	0			1	0	0	0	0	0			1.45	10.97	0	-4.27	-1.37	-26	0	-1	12	-27	0	0	0	0
338	2	2727	王品	TWSE	BC	觀光	BC01	餐飲	82940	82940		20260914	1	0			0	0	0	0	0	0	27271	2022-11-23	18	12.72	7.04	9.14	2.39	23	0	-12	19	11	1	0	2	0
339	2	2762	世界健身-KY	TWSE	53b12ee9760000004fff0eead0b0f535	運動休閒	53b133ac220000000686c57f08b6e33d	運動休閒其他	112500	112500		20260914	1	0			0	0	0	0	0	0	27621		6.59	12.14	7.45	8.19	1.45	-56	0	0	-38	-56	-1	0	22	0
340	2	8942	森鉅	OTC	BB	營建	BB03	建材	198842	198842		20260914	2	0			0	0	0	0	0	0			5.3	7.87	2.4	4.76	3.48	3	0	-2	-1	1	-1	0	0	0
341	2	7763	崇舜	ROTC	AH	化學工業	AH01	化學工業	60014	60014		20260914	3	0			1	0	0	0	0	0			4.17	0	0	0	0	0	0	0	0	0	0	0	0	0
342	2	2474	可成	TWSE	CL	電腦周邊產品	CL02	電腦機殼	538821	538821		20260914	1	0	GXF	可成期貨	0	0	0	0	0	0			13.6	13.57	5.03	0.99	0.73	-279	221	0	330	-58	-43	0	204	-7
343	2	6122	擎邦	OTC	AY	電機	AY04	機電工程	78092	78092		20260914	2	0			0	0	0	0	0	0			4.75	10.9	6.69	5.18	1.9	37	4	3	78	44	-16	0	8	0
344	2	9957	燁聯	ROTC	BA	鋼鐵	BA05	鋼鐵產品	3220414	3220414		20260914	3	0			1	0	0	0	0	0			-3.69	0	0	0	0	0	0	0	0	0	0	0	0	0
345	2	2356	英業達	TWSE	507b7d657300000014048ace52150ac7	伺服器	507b7d1edf0000007fb3d61dc52205d2	伺服器組裝代工	3587475	3587475		20260914	1	0	LQF	英業達期貨	0	0	0	0	0	0			3.11	20	3.23	5.14	1.24	408	-21	-100	-525	286	-234	-61	518	-125
346	2	2059	川湖	TWSE	CS	電子零組件	CS01	電子零組件	95297	95297		20260914	1	0	FGF	川湖期貨	0	0	0	0	0	0			181.39	66.6	0.42	21.72	16.38	60	-35	-9	-26	17	-10	-2	6	-2
347	2	6952	大武山	TWSE	AP	其他	AP01	傳產其他	68345	68345		20260914	1	0			0	0	0	0	0	0			1.27	30.55	0	0.98	0.59	0	0	0	0	0	0	0	0	0
348	2	1532	勤美	TWSE	AY	電機	AY03	機械零組件	422604	422604		20260914	1	0			0	0	0	0	0	0			1.21	18.37	3.54	0.63	0.33	-186	0	-3	17	-189	27	0	54	0
349	2	6141	柏承	TWSE	BL	PCB-製造	BL01	硬板	113354	113354		20260914	1	0			1	0	0	0	0	0			-4.4	0	0	-19.38	-1.29	-1892	0	-8	-1627	-1900	0	0	0	0
350	2	6658	聯策	TWSE	BK	PCB-材料設備	BK01	印刷電路板設備	38370	38370	聯發科集團	20260914	1	0			0	0	0	0	0	0	66581		4.13	40.66	0.72	3.48	1.61	22	0	-1	-4	21	-21	-6	0	0
351	2	2949	欣新網	OTC	53b13081400000008039a015822c2b77	數位雲端	CW01	電子商務	30641	30641		20260914	2	0			1	0	0	0	0	0			3.6	17.94	3.2	2.49	1.08	0	0	0	0	0	0	0	0	0
352	2	1796	金穎生技	OTC	AK	生技	AK02	應用生技	41460	41460	生達集團	20260914	2	0			0	0	0	0	0	0			0.41	70.85	2.41	0.29	0.28	3	0	0	0	3	-2	0	0	0
353	2	7795	長廣	TWSE	BK	PCB-材料設備	CK01	設備儀器	78829	78829		20260914	1	0			0	0	0	0	0	0			2.42	224.34	0.42	1.87	1.32	-225	28	-2	-97	-199	-77	-18	36	0
354	2	2015	豐興	TWSE	BA	鋼鐵	BA03	鋼胚鋼筋	581599	581599		20260914	1	0			0	0	0	0	0	0			4.29	15.05	5.12	3.91	3.24	-37	0	0	0	-37	0	0	5	1
355	2	4949	有成精密	TWSE	BS	太陽能	BS01	太陽能	67908	67908		20260914	1	0			0	0	0	0	0	0			3.82	20.08	1.83	5.87	3.85	29	0	0	28	29	-91	-1	18	0
356	2	8928	鉅明	OTC	53b12ee9760000004fff0eead0b0f535	運動休閒	AM02	高爾夫球	50854	50854		20260914	2	0			0	0	0	0	0	0			2.36	9.66	3.49	0.76	0.45	-1	0	0	0	-1	1	0	0	0
357	2	6649	台生材	OTC	AK	生技	AK01	醫療器材	42000	42000		20260914	2	0			0	0	0	0	0	0			0.78	45.25	2.8	0.1	0.1	4	0	0	0	4	-2	0	0	0
358	2	3357	臺慶科	OTC	BO	被動元件	BO01	電感	117954	117954		20260914	2	0			0	0	0	0	0	0	33571	2023-09-21	11.33	18.86	2.53	4	2.78	-33	0	-12	-3	-45	25	-1	9	-14
359	2	3141	晶宏	OTC	BF	IC-設計	BF03	驅動IC	75511	75511	永豐餘集團	20260914	2	0			0	0	0	0	0	0	31415	2026-07-06	3.05	29.77	0.39	3.47	2.5	-336	0	-8	-159	-343	73	70	2	12
360	2	6629	泰金-KY	OTC	53b130187d0000003b11a6755a185d27	居家生活	CP01	家居用品	38380	38380		20260914	2	0			0	0	0	0	0	0	66292	2024-08-02	11.43	9.02	6.02	6.51	4.38	-1	0	0	0	-1	0	0	0	0
361	2	3290	東浦	OTC	CS	電子零組件	CS01	電子零組件	90215	90215		20260914	2	0			0	0	0	0	0	0	32905	2025-12-04	5.77	7.69	3.29	5.09	2.16	-31	0	-10	-50	-41	20	0	48	-10
362	2	2886	兆豐金	TWSE	AA	金融-金控	AA01	金控	14833378	14833378		20260914	1	0	CLF	兆豐金期貨	0	0	0	0	0	0			2.57	20.12	3.38	2.96	0.23	3945	9393	533	8976	13870	-99	10	501	71
363	2	7885	宏羚	ROTC	AE	軟體-系統整合	AE01	系統整合	29200	29200	能率集團	20260914	3	0			1	0	0	0	0	0			3.08	0	0	0	0	0	0	0	0	0	0	0	0	0
364	2	6160	欣技	OTC	BR	工業電腦	BR01	工業電腦	68489	68489		20260914	2	0			1	0	0	0	0	0			-1.67	0	0	-5.97	-3.12	1	0	0	0	1	0	0	0	0
365	2	6218	豪勉	OTC	CI	網通設備	CI02	網路設備	64262	64262		20260914	2	0			0	0	0	0	0	0			1.7	26.73	0	14.27	8.72	-8	0	0	23	-9	-117	-9	0	0
366	2	6235	華孚	TWSE	AO	汽車零組件	AO01	汽機車零組件	199906	199906	聯華神通集團	20260914	1	0			0	0	0	0	0	0			1.61	23.73	3.14	0.39	0.29	-4	0	0	-1	-3	3	0	21	0
367	2	6926	聖安生醫	ROTC	AK	生技	AK01	醫療器材	49800	49800		20260914	3	0			1	0	0	0	0	0			-6	0	0	0	0	0	0	0	0	0	0	0	0	0
368	2	7833	綠岩能源	ROTC	53b13043c3000000e2c2ca8d2ab4246e	綠能環保	BS01	太陽能	43011	43011		20260914	3	0			1	0	0	0	0	0			1.66	0	0	0	0	0	0	0	0	0	0	0	0	0
369	2	7837	啟新生	ROTC	AK	生技	AK02	應用生技	22800	22800		20260914	3	0			1	0	0	0	0	0			10.18	0	0	0	0	0	0	0	0	0	0	0	0	0
370	2	4722	國精化	TWSE	AH	化學工業	AH02	合成樹脂	104223	104223		20260914	1	0			0	0	0	0	0	0	47224	2026-04-20	2.77	67.4	0.64	3.32	1.47	-61	0	11	-79	-50	62	4	32	13
371	2	6937	天虹	TWSE	CK	儀器設備工程	CK02	半導體設備	67655	67655		20260914	1	0			0	0	0	0	0	0	69371		4.54	63.69	0.49	2.95	2.16	-110	0	-33	-90	-143	21	-5	6	-34
372	2	5438	東友	OTC	BW	電子-其他	BW01	電子其他	112537	112537	東元電機集團	20260914	2	0			0	0	0	0	0	0			-0.16	0	4.52	-0.92	-0.78	-1	0	0	0	-1	1	0	0	0
373	2	6946	三地能源	ROTC	53b13043c3000000e2c2ca8d2ab4246e	綠能環保	54820dbff70000007c774dd6ca68b569	能源工程	323800	323800		20260914	3	0			1	0	0	0	0	0			-0.38	0	0	0	0	0	0	0	0	0	0	0	0	0
374	2	7712	博盛半導體	OTC	DA	MOSFET	DA01	MOSFET	32562	32562		20260914	2	0			0	0	0	0	0	0			6.94	20.92	2.76	3.49	2.57	-25	0	-26	-30	-51	-4	0	26	-26
375	2	6957	裕慶-KY	TWSE	AP	其他	AP01	傳產其他	55736	55736		20260914	1	0			0	0	0	0	0	0	69571	2025-08-22	11.61	19.91	3.93	3.77	1.89	32	0	-5	16	28	53	33	0	0
376	2	8277	商丞	OTC	BD	DRAM	BD01	DRAM	91629	91629		20260914	2	0			1	1	0	1	0	0			-0.36	0	0	-1.93	-1.82	0	0	0	0	0	0	0	0	0
377	2	2816	旺旺保	TWSE	AB	金融-保險	AB01	保險	223608	223608		20260914	1	0			0	0	0	0	0	0			11.5	3.44	3.79	14.96	5.18	264	0	-8	132	256	-40	0	0	0
378	2	8024	佑華	OTC	BF	IC-設計	BF01	IC設計	45160	45160		20260914	2	0			1	0	0	0	0	0			-1.9	0	0	-2.32	-2.12	3	0	0	-8	3	0	0	0	0
379	2	2758	路易莎咖啡	ROTC	BC	觀光	BC01	餐飲	20486	20486		20260914	3	0			1	0	0	0	0	0			4.69	0	0	0	0	0	0	0	0	0	0	0	0	0
380	2	6855	數泓科	OTC	AY	電機	AY02	工具機	23250	23250		20260914	2	0			1	0	0	0	0	0			9.91	11.62	4.78	5.75	3.47	1	0	0	0	1	0	0	0	0
381	2	1525	江申	TWSE	AO	汽車零組件	AO01	汽機車零組件	73400	73400	裕隆集團	20260914	1	0			0	0	0	0	0	0			1.46	44.15	4.31	0.99	0.86	-1	0	0	0	-1	0	0	0	0
382	2	6182	合晶	OTC	BM	矽晶圓	BM01	矽晶圓	637568	637568		20260914	2	0	PLF	合晶期貨	0	0	0	0	0	0	61828	2024-07-22	0.24	454.35	0	0.23	0.23	-1466	0	-649	-3372	-2114	-1634	146	934	-60
383	2	4561	健椿	OTC	AY	電機	AY03	機械零組件	58522	58522		20260914	2	0			0	0	0	0	0	0			1.71	23.63	0.5	3.51	2.25	33	0	0	-23	33	0	0	3	0
384	2	2633	台灣高鐵	TWSE	AU	航運	AU03	航運其他	5628293	5628293		20260914	1	0	PGF	台灣高鐵期貨	0	0	0	0	0	0			1.21	21.35	4.41	2.29	0.76	-186	939	-16	260	737	7	0	48	-16
385	2	6217	中探針	OTC	BE	IC-封測	BE03	IC封裝測試設備	117210	117210		20260914	2	0			0	0	0	0	0	0			-0.37	0	0	-1.27	-0.28	104	0	2	-189	106	-79	-10	38	4
386	2	2431	聯昌	TWSE	CJ	電源供應器	CJ01	電源供應器	110927	110927	東元電機集團	20260914	1	0			1	0	0	0	0	0			-2.11	0	0	-1.23	-1.08	-16	0	0	-4	-16	0	0	0	0
387	2	6990	華鉬	ROTC	53b13043c3000000e2c2ca8d2ab4246e	綠能環保	54824c5a3a0000008b34ddf577ece042	環保材料	64179	64179		20260914	3	0			1	0	0	0	0	0			2.63	0	0	0	0	0	0	0	0	24	0	0	0	0
388	2	2644	中信造船	ROTC	AU	航運	AU03	航運其他	91252	91252		20260914	3	0			1	0	0	0	0	0			0.85	0	0	0	0	0	0	0	0	0	0	0	0	0
389	2	6532	瑞耘	OTC	CK	儀器設備工程	CK02	半導體設備	37445	37445		20260914	2	0			0	0	0	0	0	0			8.04	11.59	3.22	3.62	2.74	107	0	1	-83	108	-150	-1	8	1
390	2	5285	界霖	TWSE	BE	IC-封測	BE03	IC封裝測試設備	102041	102041		20260914	1	0			0	0	0	0	0	0			3.09	26.7	1.82	3.41	1.97	14	0	0	-27	14	-45	-2	19	0
391	2	2236	百達-KY	TWSE	AO	汽車零組件	AO01	汽機車零組件	63509	63509		20260914	1	0			0	0	0	0	0	0	22363	2025-08-07	-7.34	0	0.53	-0.31	0.37	-135	0	18	20	-117	82	2	22	0
392	2	2719	燦星旅	OTC	BC	觀光	BC02	旅遊	69243	69243		20260914	2	0			0	0	0	0	0	0			0.69	28.12	0	-1.85	-1.26	-4	0	0	0	-4	1	-10	0	0
393	2	1467	南緯	TWSE	AT	紡織纖維	AT04	成衣	233625	233625		20260914	1	0			0	0	0	0	0	0			0.26	30.62	0	-1.28	-0.13	-52	0	-2	-45	-54	-11	0	1	0
394	2	3438	類比科	OTC	BF	IC-設計	BF01	IC設計	47166	47166		20260914	2	0			0	0	0	0	0	0			1.49	41.82	2.42	0.69	0.58	20	0	0	1	20	-6	0	1	0
395	2	2704	國賓	TWSE	BC	觀光	BC01	餐飲	366923	366923	仰德集團	20260914	1	0			0	0	0	0	0	0			2.66	17.2	1.09	1.88	1.49	-70	0	-4	0	-74	2	0	0	0
396	2	4747	強生*	OTC	AK	生技	AK03	製藥業	90922	90922		20260914	2	0			0	0	0	0	0	0			1.97	25.31	2.11	0.59	0.52	0	0	0	-7	0	8	0	0	0
397	2	6523	達爾膚	OTC	AK	生技	AK02	應用生技	45048	45048		20260914	2	0			0	0	0	0	0	0			6.61	13.69	11.05	1.09	0.88	1	0	0	0	1	10	0	0	0
398	2	7827	漢康-KY創	TIB	AK	生技	AK03	製藥業	139975	139975		20260914	4	0			1	0	0	0	0	0			-4.37	0	0	-25.5	-17.9	-50	0	1	18	-49	0	0	0	1
399	2	2645	長榮航太	TWSE	CT	航天軍工	CT01	航天軍工	374571	374571	長榮集團	20260914	1	0			0	0	0	0	0	0			7.84	22.07	2.89	5.78	3.05	-203	0	-49	70	-252	16	0	120	6
400	2	6803	崑鼎	OTC	53b13043c3000000e2c2ca8d2ab4246e	綠能環保	CO02	廢棄物處理	72776	72776	中鼎集團	20260914	2	0			0	0	0	0	0	0	68032	2026-04-14	18.54	14.59	5.85	4.78	1.99	17	0	0	17	17	0	0	3	0
401	2	2618	長榮航	TWSE	AU	航運	AU03	航運其他	5400444	5400444	長榮集團	20260914	1	0	HSF	長榮航期貨	0	0	0	0	0	0			4.75	8.92	4.72	2.97	1.35	8039	240	151	6410	8430	-953	418	563	105
402	2	3015	全漢	TWSE	CJ	電源供應器	CJ01	電源供應器	187262	187262		20260914	1	0			0	0	0	0	0	0			2.54	20.31	4.26	1.05	0.75	-24	50	-19	22	7	-8	0	15	-20
403	2	5209	新鼎	OTC	AE	軟體-系統整合	AE01	系統整合	29228	29228	中鼎集團	20260914	2	0			0	0	0	0	0	0	52091	2023-08-24	18.27	9.47	7.5	16.04	3.26	127	1	-40	25	88	48	0	14	1
404	2	3046	建碁	TWSE	BR	工業電腦	BR01	工業電腦	78448	78448	宏碁集團	20260914	1	0			0	0	0	0	0	0			4.85	10.78	5.74	7.59	2.85	27	0	0	-50	27	11	4	0	0
405	2	6116	彩晶	TWSE	CE	LCD面板	CE02	TFT-LCD	2858655	2858655	華新麗華集團	20260914	1	0	OEF	彩晶期貨	0	0	0	0	0	0			-0.19	0	0	0.39	0.34	-13983	0	-81	-11927	-14064	1489	257	579	-73
406	2	6980	鐳洋科技	ROTC	CI	網通設備	CI02	網路設備	33000	33000		20260914	3	0			1	0	0	0	0	0			0.7	0	0	0	0	0	0	0	0	0	0	0	0	0
407	2	6955	邦睿生技-創	TIB	AK	生技	AK01	醫療器材	30381	30381		20260914	4	0			1	0	0	0	0	0			4.35	22.76	3.03	4.42	3.92	-1	0	0	0	-1	0	0	0	0
408	2	4527	方土霖	OTC	AY	電機	AY01	機械	76152	76152		20260914	2	0			0	0	0	0	0	0			4.31	9.51	7.32	4.36	2.43	2	0	0	0	2	0	0	0	0
409	2	2239	英利-KY	TWSE	AO	汽車零組件	AO01	汽機車零組件	117713	117713		20260914	1	0			0	0	0	0	0	0			-9.16	0	0	-1.91	-0.85	-8	0	0	-3	-8	4	0	1	0
410	2	6988	威力暘-創	TIB	CR	車用電子	CR01	車用電子	47600	47600		20260914	4	0			1	0	0	0	0	0			-1.12	0	0	-0.99	-0.46	-12	0	3	0	-9	0	0	0	3
411	2	1904	正隆	TWSE	AS	紙業	AS01	工業用紙	1108275	1108275	正隆集團	20260914	1	0	QPF	正隆期貨	0	0	0	0	0	0			2.16	11.43	1.81	3.5	1.68	-659	0	-58	-563	-717	-72	-6	2	0
412	2	5484	慧友	TWSE	BV	安全監控	BV01	安全監控系統	66801	66801		20260914	1	0			1	0	0	0	0	0			1.34	29.52	0	6.65	3.59	-16	0	-1	-6	-17	0	0	0	0
413	2	7815	新特	ROTC	BE	IC-封測	BE02	IC測試	32976	32976		20260914	3	0			1	0	0	0	0	0			12.96	0	0	0	0	0	0	0	0	0	0	0	0	0
414	2	7808	訊聯智藥	ROTC	AK	生技	AK03	製藥業	70000	70000		20260914	3	0			1	0	0	0	0	0			-2.81	0	0	0	0	0	0	0	0	0	0	0	0	0
415	2	7922	源點*	ROTC	CJ	電源供應器	CJ01	電源供應器	66175	66175		20260914	3	0			1	0	0	0	0	0			-2.94	0	0	0	0	0	0	0	0	0	0	0	0	0
416	2	7836	智生活	ROTC	AE	軟體-系統整合	AF01	軟體其他	49500	49500		20260914	3	0			1	0	0	0	0	0			5.18	0	0	0	0	0	0	0	0	0	0	0	0	0
417	2	1712	興農	TWSE	AH	化學工業	AH03	農藥及肥料	420493	420493		20260914	1	0			0	0	0	0	0	0			2.64	15.19	6.21	4.6	2.47	-214	17	-26	-132	-223	-34	0	25	0
418	2	1418	東華	TWSE	AT	紡織纖維	AT01	紡織原料	56834	56834		20260914	1	0			0	0	0	0	0	0			-1.45	0	0	-4.4	-0.55	-6	0	0	0	-6	0	0	0	0
419	2	3437	榮創	TWSE	BI	LED及光元件	BI01	發光二極體	144548	144548	泛鴻海集團	20260914	1	0			0	0	0	0	0	0			-2.73	0	0	-4.27	-3.46	-859	0	0	-651	-859	-160	-31	52	0
420	2	6517	保勝光學	OTC	CH	光學鏡片	CH01	光學鏡片與鏡頭	30579	30579		20260914	2	0			0	0	0	0	0	0			2.51	25.18	2.37	2.79	2.25	-22	0	1	-75	-21	-83	-4	5	1
421	2	7933	威旭	ROTC	53b13081400000008039a015822c2b77	數位雲端	5482289646000000c26187ecbfa0dd33	雲端服務	23563	23563		20260914	3	0			1	0	0	0	0	0			0.82	0	0	0	0	0	0	0	0	0	0	0	0	0
422	2	2332	友訊	TWSE	CI	網通設備	CI02	網路設備	602163	602163		20260914	1	0	FWF	友訊期貨	0	0	0	0	0	0			-0.47	0	0	0.13	0.12	227	0	35	541	262	-91	-62	137	1
423	2	6128	上福	TWSE	BW	電子-其他	BW01	電子其他	127589	127589		20260914	1	0			0	0	0	0	0	0			-9.76	0	2.66	1.72	0.92	37	0	-6	-42	31	-2	0	0	0
424	2	1447	力鵬	TWSE	AT	紡織纖維	AT01	紡織原料	910071	910071	力麗集團	20260914	1	0			1	0	0	0	0	0			-0.36	0	0	0.43	0.36	-598	0	-1	-366	-599	-20	0	0	0
425	2	2024	志聯	TWSE	BA	鋼鐵	BA04	鋼鐵加工	97500	97500		20260914	1	0			0	0	0	0	0	0			0.29	45.34	0	0.92	0.76	0	0	0	0	0	0	0	0	0
426	2	8150	南茂	TWSE	BE	IC-封測	BE01	IC封裝測試	704523	704523		20260914	1	0	QUF	南茂期貨	0	0	0	0	0	0			3.19	27.01	1.42	3.61	2.09	-10512	5	-680	-9870	-11187	-43	-95	1112	-142
427	2	6270	倍微	OTC	BG	IC-通路	BG01	IC零組件通路商	72146	72146		20260914	2	0			0	0	0	0	0	0			1.3	21.41	3.57	0.92	0.69	22	0	0	-2	22	-1	0	0	0
428	2	6284	佳邦	OTC	BO	被動元件	BO01	電感	148980	148980	華新麗華集團	20260914	2	0			0	0	0	0	0	0	62843	2023-07-18	3.86	19.82	2.5	0.69	0.49	66	0	-14	-94	53	-109	-1	94	-10
429	2	5240	建騰	ROTC	CL	電腦周邊產品	CL01	電腦及周邊產品	26582	26582		20260914	3	0			1	0	0	0	0	0			1.57	0	0	0	0	0	0	0	0	0	0	0	0	0
430	2	3032	偉訓	TWSE	507b7d657300000014048ace52150ac7	伺服器	537a53e127000000d573028d794f4875	伺服器機殼	113286	113286		20260914	1	0			0	0	0	0	0	0	30322	2025-10-09	-3.15	0	0	3.6	1.08	-168	0	12	-97	-156	-206	0	16	-8
431	2	4807	日成-KY	TWSE	CX	文化創意	CX01	文化創意	48996	48996		20260914	1	0			0	0	0	0	0	0			3.04	11.46	0	2.14	1.57	-70	0	1	-31	-69	59	-1	17	0
432	2	3030	德律	TWSE	CK	儀器設備工程	CK04	半導體檢測	236216	236216		20260914	1	0			0	0	0	0	0	0			13.19	19.92	2.66	9.03	6.47	-77	0	-15	-73	-92	4	-2	132	-16
433	2	1615	大山	TWSE	AX	電線電纜	AX01	電線電纜	198630	198630		20260914	1	0			0	0	0	0	0	0			5.17	8.45	5.95	6.52	4.86	-23	0	0	-1	-23	0	0	3	0
434	2	8279	生展	OTC	AK	生技	AK02	應用生技	27101	27101	生達集團	20260914	2	0			0	0	0	0	0	0			8.34	9.44	6.35	3.02	2.26	-2	0	0	0	-2	3	0	0	0
435	2	3583	辛耘	TWSE	CK	儀器設備工程	CK02	半導體設備	83859	83859		20260914	1	0			0	0	0	0	0	0	35834	2026-06-11	16.91	43.19	0.82	4.49	1.47	-62	-37	14	-81	-85	-5	0	10	14
436	2	9934	成霖	TWSE	53b130187d0000003b11a6755a185d27	居家生活	CP01	家居用品	411017	411017		20260914	1	0			0	0	0	0	0	0			0.25	39.72	1.01	2.98	1.42	-424	0	-23	-673	-447	276	-2	0	0
437	2	4972	湯石照明	OTC	CP	家居	CP01	家居用品	56889	56889		20260914	2	0			0	0	0	0	0	0			-1.76	0	0	-1.52	-1.18	0	0	0	0	0	0	0	0	0
438	2	7872	登豐	ROTC	BF	IC-設計	BF01	IC設計	30000	30000		20260914	3	0			1	0	0	0	0	0			3.32	0	0	0	0	0	0	0	0	6	0	0	0	0
439	2	9941	裕融	TWSE	AA	金融-金控	AA02	放款	687149	587149	裕隆集團	20260914	1	0			0	0	0	0	0	0	99412	2023-10-16	7.83	11.46	5.7	2.95	0.44	342	0	12	71	354	-8	0	90	0
440	2	3511	矽瑪	OTC	BP	連接元件	BP02	連接線材	79973	79973	明基友達集團	20260914	2	0			0	0	0	0	0	0			-0.96	0	0	-1.75	-1.21	-66	0	0	-58	-66	-2	-1	10	0
441	2	6194	育富	OTC	BL	PCB-製造	BL01	硬板	48000	48000		20260914	2	0			0	0	0	0	0	0			1.18	25.6	5.01	-0.57	-0.47	6	0	0	0	6	-2	0	0	0
442	2	1723	中碳	TWSE	AI	石化	AI01	石化	236904	236904	中鋼集團	20260914	1	0			0	0	0	0	0	0			3.11	26.27	2.26	3.76	2.66	-318	31	-8	-147	-294	12	-22	171	-8
443	2	6531	愛普*	TWSE	BF	IC-設計	BF02	矽智財	163180	163180	力晶集團	20260914	1	0			0	0	0	0	0	0			17.4	56.98	0.71	5.39	4.11	-591	211	4	-358	-377	11	-26	16	-18
444	2	4951	精拓科	OTC	BF	IC-設計	DC01	MCU	34149	34149	凌陽集團	20260914	2	0			0	0	0	0	0	0			6.38	13.03	5.42	4.82	3.83	-139	0	-2	-19	-141	102	1	25	-2
445	2	6677	瑩碩生技	ROTC	AK	生技	AK04	生技其他	56039	56039		20260914	3	0			1	0	0	0	0	0			-1.13	0	0	0	0	0	0	0	0	0	0	0	0	0
446	2	5439	高技	OTC	BL	PCB-製造	BL01	硬板	92977	92977		20260914	2	0			0	0	0	0	0	0	54391	2025-08-01	18.08	13.79	2.89	10.39	3.78	361	0	-31	-112	330	-519	11	73	-32
447	2	1560	中砂	TWSE	BM	矽晶圓	BM01	矽晶圓	151756	151756		20260914	1	0	EOF	中砂期貨	0	0	0	0	0	0	15602	2026-07-24	11.94	67.18	0.63	5.95	3.77	1377	209	-123	1232	1462	-101	73	6	-123
448	2	2453	凌群	TWSE	AE	軟體-系統整合	AE01	系統整合	100000	100000		20260914	1	0			0	0	0	0	0	0			3.16	16.68	5.31	2.93	1.38	135	0	0	84	135	26	0	1	0
449	2	6140	訊達	OTC	AE	軟體-系統整合	AE01	系統整合	54898	54898		20260914	2	0			1	0	0	0	0	0			-0.53	0	0	2.41	0.96	-19	0	0	-21	-19	-3	0	0	0
450	2	7851	慧康生技*-KY	ROTC	AK	生技	AK04	生技其他	67691	67691		20260914	3	0			1	0	0	0	0	0			-14.55	0	0	0	0	0	0	0	0	0	0	0	0	0
451	2	3523	迎輝	OTC	CF	LCD零組件	CF02	光學膜	64258	64258		20260914	2	0			1	0	0	0	0	0			-1.3	0	0	-7.11	-1.1	0	0	0	0	0	0	0	0	0
452	2	4116	明基醫	OTC	AK	生技	AK01	醫療器材	44566	44566	明基友達集團	20260914	2	0			0	0	0	0	0	0			2.64	15	5.05	4.69	2.08	1	0	0	0	1	0	0	0	0
453	2	1721	國慶科技	TWSE	AH	化學工業	AH01	化學工業	184884	184884		20260914	1	0			1	0	0	0	0	0			-1.58	0	0	-3.07	-1.62	-222	0	-3	-48	-225	0	0	0	0
454	2	6613	朋億*	OTC	CK	儀器設備工程	CK02	半導體設備	77801	77801		20260914	2	0			0	0	0	0	0	0			16.91	15.38	3.85	5.85	3.22	0	0	-5	-3	-5	-23	0	22	-5
455	2	6210	慶生	OTC	BL	PCB-製造	BL01	硬板	35048	35048		20260914	2	0			1	0	0	0	0	0			-1.82	0	0	-2.17	-1.43	0	0	1	0	1	0	0	0	1
456	2	3209	全科	TWSE	BG	IC-通路	BG01	IC零組件通路商	247161	247161		20260914	1	0			0	0	0	0	0	0	32095		5.98	7.45	5.6	7.33	1.95	-1072	0	-35	-855	-1107	104	6	307	-34
457	2	3595	山太士	ROTC	CH	光學鏡片	CF02	光學膜	40696	40696		20260914	3	0			1	0	0	0	0	0			7.6	0	0	0	0	0	0	0	0	-26	0	0	0	0
458	2	8261	富鼎	TWSE	DA	MOSFET	DA01	MOSFET	118878	118878		20260914	1	0			0	0	0	0	0	0			6.69	24.29	3.09	3.03	2.56	186	0	-33	8	153	-182	2	0	-32
459	2	2337	旺宏	TWSE	BD	DRAM	BD02	FLASH	1985683	1985683		20260914	1	0	DIF	旺宏期貨	0	0	0	0	0	0			4.18	28.2	0	13.74	8.75	-1483	-6	-84	-2351	-1573	-320	-234	1156	-40
460	2	6269	台郡	TWSE	BL	PCB-製造	BL02	軟板	323831	323831		20260914	1	0	LIF	台郡期貨	0	0	0	0	0	0	62696	2024-06-19	-8.06	0	0	-2.36	-1.48	282	0	-25	156	257	-10	8	191	-103
461	2	6971	惠民實業	OTC	53b13043c3000000e2c2ca8d2ab4246e	綠能環保	CO02	廢棄物處理	38668	38668		20260914	2	0			0	0	0	0	0	0			2.43	10.83	6.02	3	1.25	0	0	0	0	0	3	0	0	0
462	2	6689	伊雲谷	TWSE	53b13081400000008039a015822c2b77	數位雲端	5482289646000000c26187ecbfa0dd33	雲端服務	68000	68000		20260914	1	0			0	0	0	0	0	0			2.19	29.27	3.12	0.63	0.34	20	0	-5	99	15	34	2	5	0
463	2	2438	翔耀	TWSE	AQ	玻璃陶瓷	AQ01	玻璃	71196	71196		20260914	1	0			1	0	0	0	0	0			-2.76	0	0	-8.15	-2.52	16	0	0	-24	16	0	0	0	0
464	2	4168	醣聯	OTC	AK	生技	AK03	製藥業	112521	112521		20260914	2	0			1	0	0	0	0	0	41684	2025-07-30	-2.45	0	0	-6.26	-3.65	-17	0	0	2	-17	-12	0	0	0
465	2	2433	互盛電	TWSE	DB	控股公司	DB01	控股公司	144496	144496	震旦集團	20260914	1	0			0	0	0	0	0	0			3.01	13.64	6.58	2.15	1.26	-1	0	-4	-5	-5	0	0	0	0
466	2	2420	新巨	TWSE	CJ	電源供應器	CJ01	電源供應器	152649	152649		20260914	1	0			0	0	0	0	0	0			4.47	11.92	5.63	4.75	3.33	-24	0	-81	-154	-105	-61	0	36	-2
467	2	2484	希華	TWSE	BO	被動元件	BO05	石英元件	159421	159421		20260914	1	0			0	0	0	0	0	0			1.4	47.99	1.05	2.1	1.73	323	0	-8	-66	315	-267	-69	64	-6
468	2	7813	宇辰系統	ROTC	CK	儀器設備工程	AY06	自動化設備	19216	19216		20260914	3	0			1	0	0	0	0	0			6.16	0	0	0	0	0	0	0	0	0	0	0	0	0
469	2	4304	勝昱	OTC	AW	塑膠	AW02	塑膠製品	61038	61038		20260914	2	0			1	0	0	0	1	1			-0.37	0	0	1.64	1.36	-1	0	0	-8	-1	0	0	0	0
470	2	1445	大宇	TWSE	AT	紡織纖維	AT03	紡織纖維	130666	130666		20260914	1	0			0	0	0	0	0	0			-0.68	0	4.85	-1.56	-0.74	-10	0	-3	0	-13	14	0	0	0
471	2	4106	雃博	TWSE	AK	生技	AK01	醫療器材	100912	100912		20260914	1	0			0	0	0	0	0	0			1.83	13.23	4.11	2.55	2	38	0	0	-8	38	0	0	0	0
472	2	7930	威世波	ROTC	CI	網通設備	CI01	光通訊設備	33755	33755		20260914	3	0			1	0	0	0	0	0			0.42	0	0	0	0	0	0	6	0	18	0	0	0	0
473	2	5450	南良	OTC	AT	紡織纖維	AT03	紡織纖維	122403	122403		20260914	2	0			0	0	0	0	0	0	54501	2022-12-29	0.69	20.87	1.74	2.39	1.33	-19	0	0	-13	-19	-19	0	0	0
474	2	1805	寶徠	TWSE	BB	營建	BB01	營造工程	134970	134970		20260914	1	0			0	0	0	0	0	0			0.13	84.17	0	-0.65	-0.52	-8	0	0	0	-8	0	0	0	0
475	2	2412	中華電	TWSE	CA	電信服務	CA01	電信數據服務	7757447	7757447	中華電信集團	20260914	1	0	DLF	中華電期貨	0	0	0	0	0	0			5.09	27.6	3.7	2.84	2.06	9937	113	-64	5899	9986	25	0	148	-85
476	2	4558	寶緯	OTC	CQ	非鐵金屬	CQ01	非鐵金屬	50000	50000		20260914	2	0			0	0	0	0	0	0	45581	2025-07-18	0.9	19.22	0	2.49	0.94	-1	0	0	0	-1	0	0	0	0
477	2	3234	光環	OTC	CI	網通設備	CI01	光通訊設備	126475	126475		20260914	2	0			1	0	0	0	0	0			-1.4	0	0	-2.47	-1.27	907	0	-16	219	890	0	0	0	0
478	2	4413	飛寶企業	OTC	AT	紡織纖維	AT04	成衣	31315	31315		20260914	2	0			0	0	0	0	0	0			1.24	15.65	1.55	-0.76	-0.46	1	0	0	0	1	56	0	0	0
479	2	4588	玖鼎電力	TWSE	AY	電機	AY04	機電工程	42985	42985		20260914	1	0			0	0	0	0	0	0	45881	2024-12-25	3.61	14.02	5.93	3.49	1.51	-4	0	1	0	-3	1	0	0	0
480	2	2739	寒舍	TWSE	BC	觀光	BC01	餐飲	91526	91526		20260914	1	0			0	0	0	0	0	0			4.03	9.24	6.93	8.37	1.4	-17	0	-2	-1	-19	-6	0	0	0
481	2	6931	青松健康	TWSE	AK	生技	AK01	醫療器材	66152	66152		20260914	1	0			0	0	0	0	0	0			3.78	10.42	1.22	12.08	5.82	-1	0	-2	-3	-3	0	0	1	0
482	2	6605	帝寶	TWSE	AO	汽車零組件	59723caa37000000785f6384ccccd6f7	汽機車零組件(AM)	165816	165816		20260914	1	0			0	0	0	0	0	0			16.2	8.49	4.73	2.63	1.8	288	0	0	85	288	-30	0	5	2
483	2	3052	夆典	TWSE	BB	營建	BB01	營造工程	233246	233246		20260914	1	0			0	0	0	0	0	0			1.12	9.29	5.77	2.82	0.92	-55	0	3	-28	-52	-5	0	0	0
484	2	6505	台塑化	TWSE	CN	油電燃氣	CN02	石油	9525960	9525960	台塑集團	20260914	1	0	UFF	台塑化期貨	0	0	0	0	0	0			5.76	14.51	1.44	4.76	3.95	-13534	5199	-1160	-4800	-9495	621	-72	1618	-1008
485	2	2643	捷迅	OTC	AU	航運	AU03	航運其他	35000	35000		20260914	2	0			0	0	0	0	0	0			7.18	8.76	7.15	3.69	2.43	1	0	0	0	1	0	0	0	0
486	2	2534	宏盛	TWSE	BB	營建	BB01	營造工程	474228	474228		20260914	1	0			0	0	0	0	0	0			0.06	335	8.96	-0.51	-0.08	18	0	-16	-16	2	-1	0	8	0
487	2	4911	德英	OTC	AK	生技	AK03	製藥業	68817	68817		20260914	2	0			0	0	0	0	0	0			1.34	21.26	6.85	0.87	0.8	1	0	0	0	1	0	0	0	0
488	2	8033	雷虎	TWSE	BX	消費性電子	CT01	航天軍工	164630	164630		20260914	1	0			0	0	1	0	0	0			0.51	359.38	0	1.65	1.28	-1030	0	9	-824	-1021	22	-19	723	0
489	2	2466	冠西電	TWSE	CS	電子零組件	CS01	電子零組件	173459	173459		20260914	1	0			0	0	0	0	0	0	24664		1.56	67.52	0	0.17	0.33	483	0	-1	332	482	17	16	0	0
490	2	1295	生合	OTC	AK	生技	AK02	應用生技	37600	37600		20260914	2	0			0	0	0	0	0	0	12951	2026-05-08	4.17	10.95	6.65	4.27	1.91	-10	0	0	0	-10	0	0	4	0
491	2	7731	火星生技*	ROTC	AR	食品	AR01	食品加工	521981	521981		20260914	3	0			1	0	0	0	0	0			-0.1	0	0	0	0	0	0	0	0	0	0	0	0	0
492	2	3004	豐達科	TWSE	CT	航天軍工	CT01	航天軍工	64401	64401		20260914	1	0			0	0	0	0	0	0			6.77	18.43	2.15	3.63	1.69	-53	-33	-3	-67	-89	-25	0	23	-3
493	2	2033	佳大	TWSE	BA	鋼鐵	BA05	鋼鐵產品	120000	120000		20260914	1	0			0	0	0	0	0	0			0.33	83.53	0	0.45	0.43	-293	0	0	64	-293	109	7	0	0
494	2	1102	亞泥	TWSE	AJ	水泥	AJ01	水泥	3546563	3546563	遠東集團	20260914	1	0	DYF	亞泥期貨	0	0	0	0	0	0			3.84	9.75	6.52	2.56	1.67	1525	461	-12	423	1975	-14	0	831	-14
495	2	1231	聯華食	TWSE	AR	食品	AR01	食品加工	328300	328300		20260914	1	0			0	0	0	0	0	0			4.93	16.21	3.12	5.18	2.54	-80	0	1	-87	-79	-1	0	47	0
496	2	3625	西勝	OTC	CL	電腦周邊產品	CL01	電腦及周邊產品	114247	114247		20260914	2	0			1	0	0	1	0	0			-0.97	0	0	-8.88	-2.61	18	0	0	4	18	0	0	0	0
497	2	6491	晶碩	TWSE	AK	生技	AK02	應用生技	78000	78000	和碩集團	20260914	1	0			0	0	0	0	0	0			23.73	15.33	2.72	4.78	3.32	24	0	0	-7	24	-29	-3	3	1
498	2	3164	景岳	TWSE	AK	生技	AK02	應用生技	86010	86010		20260914	1	0			0	0	0	0	0	0			0.81	19.94	5.02	0.91	0.81	-2	0	0	0	-2	0	0	0	0
499	2	1215	卜蜂	TWSE	AR	食品	AR03	飼料	294790	294790		20260914	1	0			0	0	0	0	0	0			8.67	12.73	6.33	5.28	1.99	-219	245	-12	12	14	2	0	148	0
500	2	5465	富驊	OTC	507b7d657300000014048ace52150ac7	伺服器	537a53e127000000d573028d794f4875	伺服器機殼	147683	147683		20260914	2	0			0	0	0	0	0	0			1.6	15.13	4.96	3.16	2.06	-26	0	0	13	-26	0	0	0	0
501	2	5490	同亨	OTC	BR	工業電腦	BR01	工業電腦	96152	96152		20260914	2	0			0	0	0	0	0	0			2.13	12.31	5.92	3.95	2.83	-128	0	0	-59	-128	16	0	44	0
502	2	8926	台汽電	TWSE	AY	電機	AY04	機電工程	830282	830282		20260914	1	0			0	0	0	0	0	0			4.06	15.93	3.66	4.7	1.93	-701	82	-2	-316	-620	-135	-27	464	1
503	2	6584	南俊國際	OTC	CS	電子零組件	CS01	電子零組件	71409	71409		20260914	2	0			0	0	0	0	0	0	65843	2026-05-27	10.96	53.85	0.43	6.01	4.24	-2	0	-3	-3	-4	-9	-2	35	-1
504	2	7792	安葆	OTC	53b13043c3000000e2c2ca8d2ab4246e	綠能環保	54820dbff70000007c774dd6ca68b569	能源工程	46662	46662		20260914	2	0			0	0	0	0	0	0			11.49	27.62	2.62	7.44	4.04	-71	0	-5	-25	-77	-26	0	0	-5
505	2	2718	全心投控	OTC	BB	營建	BB01	營造工程	87576	87576		20260914	2	0			0	0	0	0	0	0			10.45	3.84	13.93	0.11	0.1	-5	1	0	0	-4	4	0	3	0
506	2	9136	巨騰-DR	TWSE	CL	電腦周邊產品	CL02	電腦機殼	132306	132306		20260914	1	0			0	0	0	0	0	0			-8.57	0	0	-21.4	-10.36	98	0	-1	-188	97	-60	0	2	-1
507	2	6984	ACpay	ROTC	53b13081400000008039a015822c2b77	數位雲端	BW01	電子其他	19239	19239		20260914	3	0			1	0	0	0	0	0			-5.55	0	0	0	0	0	0	0	0	0	0	0	0	0
508	2	1457	宜進	TWSE	AT	紡織纖維	AT01	紡織原料	316730	316730		20260914	1	0			0	0	0	0	0	0			1.35	10.74	6.9	1.68	1.04	-36	0	0	0	-36	0	0	4	0
509	2	7742	天弘化	ROTC	AH	化學工業	AH01	化學工業	66561	66561		20260914	3	0			1	0	0	0	0	0			1.23	0	0	0	0	0	0	0	0	-2	0	0	0	0
510	2	7924	TLC-KY	ROTC	AK	生技	AK03	製藥業	133561	133561		20260914	3	0			1	0	0	0	0	0			-18.04	0	0	0	0	0	0	0	0	-11	0	0	0	0
511	2	4930	燦星網	TWSE	BX	消費性電子	BX01	消費性電子產品	80000	80000		20260914	1	0			0	0	0	0	0	0			-0.81	0	3.79	-1.62	-0.76	-4	0	0	-2	-4	-1	0	0	0
512	2	6834	天二科技	TWSE	BO	被動元件	BO06	電阻	88471	88471		20260914	1	0			0	0	1	0	0	0			2.31	46.96	0.37	6.77	4.17	718	0	150	1428	868	776	12	85	149
513	2	8462	柏文	TWSE	53b12ee9760000004fff0eead0b0f535	運動休閒	BC04	休閒娛樂	80380	80380		20260914	1	0			0	0	0	0	0	0	84624	2026-03-31	10.63	15.28	4.56	10.15	2.28	-67	0	0	-33	-67	16	0	0	0
514	2	2542	興富發	TWSE	BB	營建	BB01	營造工程	2153084	2153084		20260914	1	0	HLF	興富發期貨	0	0	0	0	0	0			4.32	10.76	8.6	5.98	1.47	-150	1050	16	-224	916	79	1	1056	2
515	2	6843	進典	OTC	AY	電機	AY01	機械	33304	33304		20260914	2	0			0	0	0	0	0	0	68431	2025-05-28	1.88	20.45	5.2	0.74	0.54	0	0	0	0	0	1	0	0	0
516	2	2617	台航	TWSE	AU	航運	AU01	散裝航運	417294	417294		20260914	1	0			0	0	0	0	0	0			3.71	9.05	4.46	1.92	1.49	2170	0	0	1787	2170	282	4	0	0
517	2	5299	杰力	OTC	DA	MOSFET	DA01	MOSFET	51186	51186		20260914	2	0			0	0	0	0	0	0			8.03	11.43	3.99	4.77	3.85	-29	0	-1	-10	-30	2	-7	8	-1
518	2	3268	海德威	OTC	BF	IC-設計	BF01	IC設計	34721	34721		20260914	2	0			0	0	0	0	0	0			-0.09	0	0	-0.19	0.07	-4	0	0	0	-4	2	0	0	0
519	2	6184	大豐電	TWSE	CX	文化創意	CX01	文化創意	162128	162128		20260914	1	0			0	0	0	0	0	0	61843	2023-12-28	2.33	17.26	7.49	2.66	1.78	-14	0	0	-32	-14	0	0	4	0
520	2	6442	光聖	TWSE	CI	網通設備	CI01	光通訊設備	81818	81818		20260914	1	0			0	0	0	0	0	0	64423	2025-10-21	35.71	49.41	0.67	8.63	5.13	-247	-1	-51	-305	-300	-104	-16	63	-30
521	2	4557	永新-KY	TWSE	AO	汽車零組件	AO01	汽機車零組件	47972	47972		20260914	1	0			0	0	0	0	0	0			-4.05	0	4	1.29	0.92	1	0	0	0	1	0	0	0	0
522	2	8477	創業家	OTC	53b13081400000008039a015822c2b77	數位雲端	CW01	電子商務	84171	84171		20260914	2	0			1	0	0	0	0	0			-0.15	0	0	5.02	3.34	0	0	0	0	0	0	0	0	0
523	2	4739	康普	TWSE	CV	電池	CV01	電池	124702	124702		20260914	1	0			0	0	0	0	0	0	47394	2025-11-03	5.24	15.14	1.28	4	2.4	100	0	-10	128	90	-47	-4	93	-10
524	2	7867	特力屋	ROTC	53b130187d0000003b11a6755a185d27	居家生活	54821a619600000068f861e0ba33627f	居家生活其他	96000	96000		20260914	3	0			1	0	0	0	0	0			4.29	0	0	0	0	0	0	0	0	0	0	0	0	0
525	2	6155	鈞寶	TWSE	BO	被動元件	BO01	電感	88024	88024		20260914	1	0			0	0	0	0	0	0			1.81	30.72	1.45	3.46	2.54	-250	0	5	-133	-245	64	-5	5	5
526	2	6130	上亞科技	OTC	AK	生技	AK03	製藥業	49300	49300		20260914	2	0			0	0	0	0	0	0			-1.04	0	0	2.16	1.77	3	0	0	-12	3	-42	0	0	0
527	2	2636	台驊控股	TWSE	AU	航運	AU03	航運其他	141835	141835		20260914	1	0			0	0	0	0	0	0			7.05	10.11	7.02	3.81	1.76	377	0	2	121	379	-29	0	7	0
528	2	3058	立德	TWSE	CJ	電源供應器	CJ01	電源供應器	201723	201723		20260914	1	0			1	0	0	0	0	0			-1.7	0	0	0.4	0.31	-77	0	2	-51	-75	0	0	0	0
529	2	8929	富堡	OTC	AS	紙業	AT05	不織布	50581	50581		20260914	2	0			0	0	0	0	0	0			0.34	37	0	1.42	0.98	0	0	0	0	0	0	0	0	0
530	2	2614	東森	TWSE	CW	電商平台	CW01	電子商務	327265	327265		20260914	1	0			0	0	0	0	0	0			2.05	8.76	6.69	2.46	1.01	-110	0	-5	-75	-115	-10	0	15	0
531	2	5489	彩富	OTC	BV	安全監控	BV01	安全監控系統	102706	102706		20260914	2	0			0	0	0	0	0	0			2.17	19.38	3.7	1.92	1.55	-8	0	0	0	-8	2	0	0	0
532	2	4303	信立	OTC	AW	塑膠	AW02	塑膠製品	132447	132447	上曜集團	20260914	2	0			0	0	0	0	0	0			9.29	3.97	13.57	0.66	0.56	76	0	0	15	76	-18	3	29	0
533	2	7753	星亞	OTC	CC	顯示器	CC01	顯示器	25000	25000		20260914	2	0			0	0	0	0	0	0			4.52	8.23	4.14	5.05	3.09	-1	0	0	0	-1	0	0	0	0
534	2	6220	岳豐	OTC	BP	連接元件	BP02	連接線材	146463	146463		20260914	2	0			0	0	0	0	0	0	622010	2026-05-04	1.16	22.03	2.74	1.31	0.8	-5	0	0	6	-5	-13	0	0	0
535	2	6561	是方	OTC	CA	電信服務	CA01	電信數據服務	77958	77958	中華電信集團	20260914	2	0			0	0	0	0	0	0			15.08	20.97	4.54	9.57	4.42	-6	0	0	-22	-6	1	0	5	0
536	2	1734	杏輝	TWSE	AK	生技	AK03	製藥業	201609	201609		20260914	1	0			0	0	0	0	0	0			1.86	16.86	5.13	2.4	1.47	-43	0	0	19	-43	0	0	6	0
537	2	8131	福懋科	TWSE	BE	IC-封測	BE01	IC封裝測試	442222	442222	台塑集團	20260914	1	0			0	0	0	0	0	0			3.45	17.48	1.66	3.06	2.49	-690	0	-5	-593	-695	-40	-30	237	-5
538	2	7561	光晟生技	ROTC	AK	生技	AK01	醫療器材	30085	30085		20260914	3	0			1	0	0	0	0	0			1.68	0	0	0	0	0	0	0	0	0	0	0	0	0
539	2	6879	大江基因	ROTC	AK	生技	AK01	醫療器材	26459	26459		20260914	3	0			1	0	0	0	0	0			3.28	0	0	0	0	0	0	0	0	0	0	0	0	0
540	2	3455	由田	OTC	CK	儀器設備工程	CK04	半導體檢測	59851	59851		20260914	2	0			0	0	0	0	0	0	34552		3.57	65.41	1.5	0.96	0.62	60	0	12	-201	72	-238	27	217	18
541	2	4736	泰博	TWSE	AK	生技	AK02	應用生技	103578	103578		20260914	1	0	PDF	泰博期貨	0	0	0	0	0	0			27.03	4.68	3.98	12.29	9.57	-25	10	4	5	-11	-1	0	11	0
542	2	6840	東研信超	OTC	BW	電子-其他	BW01	電子其他	30760	30760		20260914	2	0			0	0	0	0	0	0	68401	2024-04-03	2.18	41.4	1.12	2.65	1.73	-71	0	1	-20	-70	-4	-5	1	0
543	2	2883	凱基金	TWSE	AA	金融-金控	AA01	金控	18556754	16974612	中信集團	20260914	1	0	LRF	凱基金期貨	0	0	0	0	0	0			3.09	13.23	2.64	3.99	0.38	16651	261	435	10314	17346	805	8	4309	437
544	2	7752	世紀樺欣	ROTC	53b13043c3000000e2c2ca8d2ab4246e	綠能環保	54824c5a3a0000008b34ddf577ece042	環保材料	200000	200000		20260914	3	0			1	0	0	0	0	0			2.44	0	0	0	0	0	0	0	0	0	0	0	0	0
545	2	3490	單井	OTC	AY	電機	AY05	模具	55006	55006		20260914	2	0			0	0	0	0	0	0			6.33	6.57	1.2	15.29	9.86	-290	0	0	-223	-290	111	6	64	0
546	2	4171	瑞基	OTC	AK	生技	AK04	生技其他	58057	58057		20260914	2	0			0	0	0	0	0	0			-0.76	0	0	-0.79	-0.45	-1	0	1	-12	0	2	0	3	1
547	2	6739	竹陞科技	OTC	BW	電子-其他	AE01	系統整合	23393	23393		20260914	2	0			0	0	0	0	0	0			23.72	53.79	1.02	18.65	10.97	102	16	-29	-44	89	24	-6	1	-28
548	2	3665	貿聯-KY	TWSE	BP	連接元件	BP02	連接線材	199578	199578		20260914	1	0	VEF	貿聯-KY期貨	0	0	0	0	0	0			54.62	34.43	0.81	6.2	3.55	-414	182	-2	-228	-233	38	0	63	7
549	2	8085	福華	OTC	CS	電子零組件	CS01	電子零組件	139983	139983	大同集團	20260914	2	0			1	0	0	0	0	0			-0.77	0	0	-3.57	-1.49	-44	0	0	-43	-44	-53	0	0	0
550	2	8213	志超	TWSE	BL	PCB-製造	BL01	硬板	271242	271242		20260914	1	0			0	0	0	0	0	0			1.96	16.37	3.53	0.99	0.62	27	0	-70	-42	-43	27	0	1	0
551	2	3532	台勝科	TWSE	BM	矽晶圓	BM01	矽晶圓	387848	387848	台塑集團	20260914	1	0	QDF	台勝科期貨	0	0	0	0	0	0			1.28	325.38	0.24	0.2	0.19	-138	337	-59	134	140	135	181	68	-24
552	2	1599	宏佳騰	OTC	AN	汽車	AN01	汽機車	73029	73029		20260914	2	0			0	0	0	0	0	0			-0.15	0	2.13	-1.24	-0.8	8	0	-1	2	7	-5	0	0	-1
553	2	2017	官田鋼	TWSE	BA	鋼鐵	BA04	鋼鐵加工	446875	446875	台灣鋼鐵集團	20260914	1	0			0	0	0	0	0	0			-0.78	0	0	-1.1	-0.33	-149	0	1	-75	-148	3	0	22	0
554	2	4744	皇將	OTC	AK	生技	AK01	醫療器材	56948	56948		20260914	2	0			0	0	0	0	0	0			1.61	17.68	3.75	-0.74	-0.31	-6	0	0	0	-6	0	0	3	0
555	2	7740	熙特爾-創	TIB	53b13043c3000000e2c2ca8d2ab4246e	綠能環保	54820dbff70000007c774dd6ca68b569	能源工程	60000	60000		20260914	4	0			0	0	0	0	0	0	77401		7.77	16	2.58	9.73	2.64	2	0	-1	-3	1	29	0	3	0
556	2	1504	東元	TWSE	AY	電機	AY04	機電工程	2376441	2376441	東元電機集團	20260914	1	0	EMF	東元期貨	0	0	0	0	0	0			2.87	25.18	2.88	2.79	1.87	-800	101	-67	-937	-766	56	-18	641	-46
557	2	3714	富采	TWSE	BI	LED及光元件	BI01	發光二極體	737940	737940	明基友達集團	20260914	1	0	QBF	富采期貨	0	0	0	0	0	0			-0.4	0	1.46	2.88	2.36	933	0	-99	147	834	-887	-2	3	-1
558	2	4174	浩鼎	OTC	AK	生技	AK03	製藥業	131580	131580	潤泰集團	20260914	2	0			0	0	0	0	0	0			-9.82	0	0	-12.13	-9.61	-82	0	0	-43	-82	-2	0	77	0
559	2	6758	冠亞	ROTC	AK	生技	AK01	醫療器材	13471	13471		20260914	3	0			1	0	0	0	0	0			1.45	0	0	0	0	0	0	0	0	0	0	0	0	0
560	2	7842	天能綠電	OTC	53b13043c3000000e2c2ca8d2ab4246e	綠能環保	54820dbff70000007c774dd6ca68b569	能源工程	18250	18250		20260914	2	0			1	0	0	0	0	0			5.11	22.78	3.2	5.01	2.56	-16	0	0	12	-16	0	0	0	0
561	2	4569	六方科-KY	TWSE	AO	汽車零組件	AO01	汽機車零組件	30600	30600		20260914	1	0			0	0	0	0	0	0	45691	2024-12-05	8.97	17.28	2.1	2.57	1.99	-24	0	-1	-8	-25	1	0	13	0
562	2	6933	AMAX-KY	TWSE	507b7d657300000014048ace52150ac7	伺服器	537a53e127000000d573028d794f4875	伺服器機殼	42486	42486		20260914	1	0			0	0	0	0	0	0			8.08	39.7	0.78	9.21	3.98	24	0	1	-24	25	-119	-11	0	0
563	2	2344	華邦電	TWSE	BD	DRAM	BD02	FLASH	4510907	4510907	華新麗華集團	20260914	1	0	FZF	華邦電期貨	0	0	0	0	0	0			9.06	18.91	0.29	16.33	9.38	-31178	-1577	-1568	-30785	-34323	872	-250	7852	-434
564	2	9110	越南控-DR	TWSE	AO	汽車零組件	AO01	汽機車零組件	54499	54499	三陽集團	20260914	1	0			1	0	0	1	0	0			0.13	0	0	-0.1	0.28	0	0	0	0	0	0	0	0	0
565	2	6922	宸曜	OTC	BR	工業電腦	BR01	工業電腦	27155	27155		20260914	2	0			0	0	0	0	0	0	69221		9.59	19.42	2.6	7.92	3.67	-19	0	-7	-13	-26	1	0	3	-7
566	2	9905	大華	TWSE	CQ	非鐵金屬	CQ01	非鐵金屬	305000	305000		20260914	1	0			0	0	0	0	0	0			1.63	13.02	5.15	1.87	1.3	-13	0	4	-9	-9	-2	0	0	0
567	2	1752	南光	TWSE	AK	生技	AK03	製藥業	100988	100988		20260914	1	0			0	0	0	0	0	0			2.03	15.44	5.1	2.17	1.37	-1	0	0	0	-1	2	0	2	0
568	2	6638	沅聖	ROTC	CL	電腦周邊產品	CS01	電子零組件	30000	30000	泛鴻海集團	20260914	3	0			1	0	0	0	0	0			-10.95	0	0	0	0	0	0	0	0	0	0	0	0	0
569	2	4720	德淵	TWSE	AH	化學工業	AH02	合成樹脂	114516	114516		20260914	1	0			0	0	0	0	0	0			0.55	32.59	2.19	-0.35	-0.05	-26	0	0	6	-26	-30	0	12	0
570	2	6569	醫揚	OTC	BR	工業電腦	BR01	工業電腦	42821	42821	華碩集團	20260914	2	0			0	0	0	0	0	0			4.7	19.21	3.32	3.98	2.76	2	0	0	0	2	-2	0	0	0
571	2	4162	智擎	OTC	AK	生技	AK03	製藥業	143678	143678	東洋集團	20260914	2	0	PCF	智擎期貨	0	0	0	0	0	0			3.75	14.59	3.7	2.69	2.51	5	0	0	-167	5	3	0	14	0
572	2	7769	鴻勁	TWSE	CK	儀器設備工程	CK04	半導體檢測	179930	179930		20260914	1	0			0	0	0	0	0	0			101.26	65.15	1.03	9.16	6.6	-16	-48	-1	-15	-64	-5	-1	11	-1
573	2	3339	泰谷	OTC	BI	LED及光元件	BI03	LED原料	66568	66568		20260914	2	0			0	0	0	0	0	0	33395		-3.37	0	0	-16.93	-8.2	10	0	0	48	10	46	-5	4	0
574	2	8088	品安	OTC	BD	DRAM	BD01	DRAM	60922	60922		20260914	2	0			0	0	0	0	0	0			3	14.05	3.57	0.57	0.48	-64	0	0	-49	-64	-20	-2	0	0
575	2	3594	磐儀	OTC	BR	工業電腦	BR01	工業電腦	95948	95948		20260914	2	0			0	0	0	0	0	0			1.33	36.18	0.87	1.81	1.05	42	0	-4	-70	39	-24	0	0	-4
576	2	8416	實威	OTC	AE	軟體-系統整合	AE01	系統整合	28211	28211		20260914	2	0			1	0	0	0	0	0			14.7	11.56	5	5.37	4.2	0	0	0	0	0	0	0	0	0
577	2	2615	萬海	TWSE	AU	航運	AU02	貨櫃航運	2806146	2806146	士林紙業集團	20260914	1	0	QXF	萬海期貨	0	0	0	0	0	0			14.56	7.69	2.68	4.01	2.77	2305	-6	-34	2131	2264	-85	34	886	71
578	2	6850	光鼎生技	ROTC	AK	生技	AK01	醫療器材	33089	33089		20260914	3	0			1	0	0	0	0	0			0.99	0	0	0	0	0	0	0	0	0	0	0	0	0
579	2	8048	德勝	OTC	CI	網通設備	CI01	光通訊設備	59437	59437		20260914	2	0			0	0	0	0	0	0			3.44	13.69	4.84	4.75	3.53	-90	0	-2	-89	-92	-18	-1	14	-3
580	2	3118	進階	OTC	AK	生技	AK01	醫療器材	32453	32453		20260914	2	0			0	0	0	0	0	0			2.35	13.44	7	2.38	1.66	0	0	0	0	0	0	0	0	0
581	2	8081	致新	TWSE	BF	IC-設計	BF01	IC設計	86172	86172		20260914	1	0			0	0	0	0	0	0			18.38	13.43	6.48	4.3	3.03	-22	22	0	0	0	-24	0	13	0
582	2	6738	鼎恒	ROTC	CL	電腦周邊產品	CL01	電腦及周邊產品	36714	36714		20260914	3	0			1	0	0	0	0	0			-4.33	0	0	0	0	0	0	0	0	0	0	0	0	0
583	2	8354	冠好	OTC	AW	塑膠	AW02	塑膠製品	78532	78532		20260914	2	0			0	0	0	0	0	0			2.71	6.37	0.64	3.99	2.18	-1	0	0	0	-1	12	0	0	0
584	2	3567	逸昌	OTC	BE	IC-封測	BE02	IC測試	33954	33954		20260914	2	0			0	0	0	0	0	0			1.1	22.79	3.95	1.72	1.57	0	0	0	0	0	0	0	0	0
585	2	6618	永虹先進	ROTC	AH	化學工業	AH01	化學工業	104816	104816		20260914	3	0			1	0	0	0	0	0			-2.18	0	0	0	0	0	0	0	0	0	0	0	0	0
586	2	1906	寶隆	TWSE	AS	紙業	AS01	工業用紙	151000	151000	榮成集團	20260914	1	0			0	0	0	0	0	0			0.61	18.03	0	1.29	0.79	-6	0	-6	-3	-12	1	0	0	0
587	2	8227	巨有科技	OTC	BF	IC-設計	BF02	矽智財	39543	39543		20260914	2	0			0	0	1	0	0	0			5.15	46.41	0.71	8.67	5.15	1095	0	50	1732	1145	86	171	0	45
588	2	4568	科際精密	OTC	AY	電機	AY03	機械零組件	32045	32045		20260914	2	0			0	0	0	0	0	0			1.83	21.39	5.14	0.09	0.06	0	0	0	0	0	0	0	0	0
589	2	1524	耿鼎	TWSE	AO	汽車零組件	59723caa37000000785f6384ccccd6f7	汽機車零組件(AM)	165310	165310		20260914	1	0			0	0	0	0	0	0			2.04	12.77	5.37	2.12	1.26	92	0	0	-7	92	-7	0	2	0
590	2	3163	波若威	OTC	CI	網通設備	CI01	光通訊設備	94635	94635		20260914	2	0			0	0	0	0	0	0			9.65	68.37	0.52	2.71	2.05	-127	0	-16	-362	-143	-175	-23	10	-2
591	2	4938	和碩	TWSE	CL	電腦周邊產品	CL01	電腦及周邊產品	2675709	2675709	華碩集團,和碩集團	20260914	1	0	JSF	和碩期貨	0	0	0	0	0	0			5.92	15.35	4.41	2.51	1.03	-1341	193	52	428	-1096	42	-2	1842	36
592	2	1325	恆大	TWSE	AT	紡織纖維	AT05	不織布	85281	85281		20260914	1	0			0	0	0	0	0	0			-0.39	0	0	-0.74	-0.72	9	0	0	-18	9	-4	0	3	0
593	2	6639	源大環能	ROTC	CN	油電燃氣	51cd8f8d0c000000e552bcec2a3c175f	油電燃氣	67645	67645		20260914	3	0			1	0	0	0	0	0			-1.81	0	0	0	0	0	0	0	0	0	0	0	0	0
594	2	1568	倉佑	TWSE	AO	汽車零組件	AO01	汽機車零組件	103087	103087		20260914	1	0			0	0	0	0	0	0			1.89	14.92	3.55	2.78	2.28	-293	0	-4	-136	-297	33	1	20	1
595	2	3191	雲嘉南	OTC	CS	電子零組件	CS01	電子零組件	43597	43597		20260914	2	0			1	0	0	0	0	0			0.79	21.2	0	1.15	0.97	-1	0	0	0	-1	0	0	0	0
596	2	4432	銘旺實	OTC	AT	紡織纖維	AT04	成衣	50589	50589		20260914	2	0			0	0	0	0	0	0			4.76	3.24	2.6	-0.04	-0.01	-1	0	0	0	-1	-6	0	1	0
597	2	4543	萬在	OTC	AO	汽車零組件	AO01	汽機車零組件	62761	62761		20260914	2	0			0	0	0	0	0	0			2.56	10.96	2.5	1.97	1.45	6	0	1	-18	7	3	0	0	1
598	2	8110	華東	TWSE	BE	IC-封測	BE01	IC封裝測試	517740	517740	華新麗華集團	20260914	1	0			0	0	0	0	0	0			5.5	7.73	3.53	6.77	5.39	245	0	-23	87	222	-77	-39	140	-25
599	2	7715	裕山	OTC	53b13043c3000000e2c2ca8d2ab4246e	綠能環保	CO02	廢棄物處理	32757	32757		20260914	2	0			0	0	0	0	0	0			1.43	19.1	6.5	0.01	0.12	-17	0	0	-3	-17	-8	0	0	0
600	2	6651	全宇昕	OTC	DA	MOSFET	DA01	MOSFET	34602	34602		20260914	2	0			0	0	0	0	0	0			8.93	15.29	2.93	7.14	5.34	21	0	-28	-1	-7	-3	0	0	-6
601	2	3679	新至陞	TWSE	CS	電子零組件	CS01	電子零組件	63022	63022		20260914	1	0			0	0	0	0	0	0			11.84	9.18	8.29	2	1.1	-2	1	0	2	-1	0	0	0	0
602	2	2751	王座	OTC	BC	觀光	BC01	餐飲	19845	19845		20260914	2	0			0	0	0	0	0	0			5.06	10.42	7.59	6.1	2.56	-2	0	0	0	-2	0	0	0	0
603	2	7820	立盈	OTC	53b13043c3000000e2c2ca8d2ab4246e	綠能環保	CO02	廢棄物處理	37768	37768		20260914	2	0			0	0	0	0	0	0			2.47	47.83	1.36	3.03	1.97	-3	0	0	-1	-3	0	0	0	0
604	2	7824	智寶	ROTC	CX	文化創意	CX01	文化創意	31337	31337		20260914	3	0			1	0	0	0	0	0			-1.75	0	0	0	0	0	0	0	0	0	0	0	0	0
605	2	3308	聯德	TWSE	CJ	電源供應器	CJ01	電源供應器	60000	60000		20260914	1	0			0	0	0	0	0	0			1.59	13.61	0	2.6	1.59	-3	0	0	0	-3	1	0	0	0
606	2	6198	瑞築	OTC	BB	營建	BB01	營造工程	171400	171400		20260914	2	0			1	0	0	0	0	0			-0.33	0	0	-0.31	-0.2	0	0	0	0	0	0	0	0	0
607	2	2489	瑞軒	TWSE	CC	顯示器	CC01	顯示器	610000	610000		20260914	1	0	HAF	瑞軒期貨	0	0	0	0	0	0			1.34	26.55	3.25	1.36	0.8	356	13	-431	-1587	-62	-1077	-259	1068	-212
608	2	8476	台境*	TWSE	53b13043c3000000e2c2ca8d2ab4246e	綠能環保	CO02	廢棄物處理	168390	168390		20260914	1	0			0	0	0	0	0	0	84762	2026-01-13	0.27	71.07	1.01	1.06	0.61	-56	0	0	-6	-56	42	0	28	0
609	2	3546	宇峻	OTC	AG	軟體-遊戲	AG01	軟體遊戲	61349	61349		20260914	2	0			0	0	0	0	0	0			4.96	14.5	3.43	4.09	2.66	-37	0	3	-10	-34	1	0	7	3
610	2	6859	伯特光	OTC	CH	光學鏡片	CH01	光學鏡片與鏡頭	41589	41589		20260914	2	0			0	0	0	0	0	0			2.83	41.49	1.71	0	0.04	-9	0	0	2	-9	-5	0	4	0
611	2	2885	元大金	TWSE	AA	金融-金控	AA01	金控	13864396	13864396		20260914	1	0	DOF	元大金期貨	0	0	0	0	0	0			4.21	16.39	3.14	5.88	0.48	-389	1513	36	1638	1160	-144	-6	347	32
612	2	5314	世紀*	OTC	AK	生技	AK02	應用生技	1203460	1203460	上曜集團	20260914	2	0			0	0	1	0	0	0			4.64	9.1	75.01	3.34	1.93	7046	0	-375	-7823	6670	917	-229	89	-375
613	2	1595	川寶	OTC	CK	儀器設備工程	CK02	半導體設備	57725	57725		20260914	2	0			0	0	0	0	0	0	15952	2024-07-22	-1.53	0	0.75	-0.48	-0.28	12	0	0	-39	12	-13	1	6	-2
614	2	7901	大大寬頻	ROTC	CA	電信服務	CA01	電信數據服務	60000	60000		20260914	3	0			1	0	0	0	0	0			27.37	0	0	0	0	0	0	0	0	0	0	0	0	0
615	2	5312	寶島科	OTC	AP	其他	AP01	傳產其他	60060	60060		20260914	2	0			0	0	0	0	0	0			7.32	12.27	7.24	3.21	1.5	3	0	0	0	3	-5	0	0	0
616	2	7768	頌勝科技	TWSE	AH	化學工業	AH01	化學工業	70065	70065		20260914	1	0			1	0	0	0	0	0			5.21	56.44	1.33	3.57	2.17	-26	0	0	-14	-26	0	0	0	0
617	2	3491	昇達科	OTC	4e9b311404000000b8b28c61891a26ae	低軌衛星	CI03	無線通訊設備	68875	68875		20260914	2	0			0	0	0	0	0	0	34913	2026-04-30	12.75	112.48	0.48	7.67	4.85	371	71	8	431	450	-37	15	54	-1
618	2	6821	聯寶	OTC	CS	電子零組件	CS01	電子零組件	36267	36267		20260914	2	0			0	0	0	0	0	0	68211	2025-07-01	1.76	22.63	2.74	3.19	2.03	-24	0	0	0	-24	8	0	0	0
619	2	4538	大詠城	OTC	AY	電機	AY03	機械零組件	59470	59470		20260914	2	0			0	0	0	0	0	0			0.38	44.49	5.76	0.77	0.7	0	0	0	0	0	2	0	0	0
620	2	6535	順藥	OTC	AK	生技	AK03	製藥業	167841	167841	晟德集團	20260914	2	0			1	0	0	0	0	0			-2.22	0	0	-12.33	-11.28	-85	-40	0	-76	-125	0	0	0	0
621	2	5284	jpp-KY	TWSE	CI	網通設備	CI03	無線通訊設備	55143	55143		20260914	1	0			0	0	0	0	0	0	52845	2026-03-30	16.04	18.84	1.68	6.13	3.14	11	0	-2	-37	9	-30	-2	41	-2
622	2	7642	昶瑞機電	OTC	AY	電機	AY04	機電工程	30194	30194		20260914	2	0			0	0	0	0	0	0			2.5	29.88	4.07	2.43	1.58	1	0	-2	-1	-1	0	0	1	0
623	2	3130	一零四	TWSE	53b13081400000008039a015822c2b77	數位雲端	CW02	網站相關	33191	33191		20260914	1	0			0	0	0	0	0	0			16.6	12.58	7.03	11.79	4.8	-12	0	1	-7	-11	0	0	3	-2
624	2	7714	創泓科技	OTC	CI	網通設備	CI02	網路設備	21000	21000		20260914	2	0			0	0	0	0	0	0			7.75	22.45	2.88	9.02	4.69	82	0	5	206	87	73	0	0	5
625	2	7702	前端風電	ROTC	53b13043c3000000e2c2ca8d2ab4246e	綠能環保	BA04	鋼鐵加工	66000	66000		20260914	3	0			1	0	0	0	0	0			-0.23	0	0	0	0	0	0	0	0	0	0	0	0	0
626	2	6670	復盛應用	TWSE	53b12ee9760000004fff0eead0b0f535	運動休閒	AM02	高爾夫球	139387	139387		20260914	1	0			0	0	0	0	0	0	66702	2025-07-03	24.5	11.23	5.82	4.7	3.01	-16	0	-7	10	-23	61	0	20	0
627	2	4131	浩泰	OTC	AK	生技	AK04	生技其他	39879	39879		20260914	2	0			1	0	0	0	0	0			-0.84	0	0	0.36	0.36	0	0	0	0	0	0	0	0	0
628	2	6488	環球晶	OTC	BM	矽晶圓	BM01	矽晶圓	478114	478114	中美晶集團	20260914	2	0	OWF	環球晶期貨	0	0	0	0	0	0			20.6	43.79	0.85	3.98	2.03	-173	-42	-17	-267	-232	-132	19	304	11
629	2	3379	彬台	OTC	AY	電機	AY06	自動化設備	38042	38042		20260914	2	0			0	0	0	0	0	0			1.02	26.27	4.48	-3.31	-1.74	9	0	0	0	9	0	0	0	0
630	2	2248	華勝-KY	TWSE	AY	電機	AY01	機械	47600	47600		20260914	1	0			0	0	0	0	0	0			7.27	8.2	5.24	5.85	3.11	-19	0	-5	-12	-24	-26	0	1	0
631	2	9927	泰銘	TWSE	CQ	非鐵金屬	CQ01	非鐵金屬	120000	120000		20260914	1	0			0	0	0	0	0	0			5.1	11.75	7.15	2.63	2.06	-19	0	0	0	-19	0	0	4	0
632	2	6691	洋基工程	TWSE	CK	儀器設備工程	CK05	無塵室工程	133547	133547		20260914	1	0			0	0	0	0	0	0			32.34	18.22	3.61	21.69	5.96	-203	0	-16	-73	-219	-11	0	79	-5
633	2	7920	瀚陽*	ROTC	AK	生技	AK03	製藥業	593987	593987		20260914	3	0			1	0	0	0	0	0			-0.3	0	0	0	0	0	0	0	0	45	0	0	0	0
634	2	7881	科明	ROTC	AK	生技	AK02	應用生技	27000	27000		20260914	3	0			1	0	0	0	0	0			7.01	0	0	0	0	0	0	0	0	0	0	0	0	0
635	2	5706	鳳凰	TWSE	BC	觀光	BC02	旅遊	83768	83768		20260914	1	0			0	0	0	0	0	0			3.86	11.39	10.25	5.26	2.83	10	0	0	-2	10	-13	0	4	0
636	2	4438	廣越	TWSE	AT	紡織纖維	AT04	成衣	113425	113425		20260914	1	0			0	0	0	0	0	0	44383	2025-07-21	7.25	8.52	3.97	2.9	1.71	-8	0	0	0	-8	0	0	5	0
637	2	4766	南寶	TWSE	AH	化學工業	AH02	合成樹脂	120571	120571		20260914	1	0			0	0	0	0	0	0			23.44	14.38	5.34	6.15	3.21	-12	0	-6	4	-18	1	0	11	-5
638	2	6228	全譜	OTC	BX	消費性電子	BX03	掃描器	29000	29000		20260914	2	0			1	0	0	0	0	0			-0.07	0	0	-2.42	-1.29	0	0	0	0	0	0	0	0	0
639	2	6793	天力離岸	ROTC	53b13043c3000000e2c2ca8d2ab4246e	綠能環保	AP01	傳產其他	105600	105600		20260914	3	0			1	0	0	0	0	0			-8.2	0	0	0	0	0	0	0	0	5	0	0	0	0
640	2	7814	海昌生技	OTC	AK	生技	AK02	應用生技	45000	45000		20260914	2	0			1	0	0	0	0	0			0.14	207.14	0	-0.02	-0.02	-3	0	0	-3	-3	0	0	0	0
641	2	1618	合機	TWSE	AX	電線電纜	AX01	電線電纜	192692	192692		20260914	1	0			0	0	0	0	0	0			4.86	8	4.38	3.87	3	86	0	2	-1	88	-19	0	1	0
642	2	1468	昶和	TWSE	AT	紡織纖維	AT03	紡織纖維	160405	160405		20260914	1	0			1	0	0	0	0	0			0.88	14.78	0	1.4	0.79	-9	0	-1	0	-10	0	0	0	0
643	2	6112	邁達特	TWSE	AF	軟體-其他	AF01	軟體其他	188357	188357	明基友達集團	20260914	1	0			0	0	0	0	0	0			3.23	14.21	3.58	6.24	2.32	317	0	2	81	320	-71	0	27	5
644	2	8933	愛地雅	OTC	53b12ee9760000004fff0eead0b0f535	運動休閒	AM01	自行車	326724	326724		20260914	2	0			1	0	0	1	0	0			-1.21	0	0	-5.26	-1.85	0	0	0	-16	0	0	0	0	0
645	2	7779	鍇睿國際	ROTC	AP	其他	CX01	文化創意	16105	16105		20260914	3	0			1	0	0	0	0	0			-5.68	0	0	0	0	0	0	0	0	0	0	0	0	0
646	2	2327	國巨*	TWSE	BO	被動元件	BO02	MLCC	2064731	2064731	國巨集團	20260914	1	0	LXF	國巨期貨	0	0	0	0	0	0			14.88	36.63	1.1	5.43	2.23	-5586	565	-538	-6240	-5560	-1613	-42	423	-368
647	2	3701	大眾控	TWSE	BW	電子-其他	BW01	電子其他	236669	236669	大眾集團	20260914	1	0			0	0	0	0	0	0	37013		-2.61	0	0.5	-3.18	-1.46	-5	0	-12	-78	-17	-14	1	59	-12
648	2	7829	思捷優達-KY	ROTC	AK	生技	AK03	製藥業	99388	99388		20260914	3	0			1	0	0	0	0	0			-9.1	0	0	0	0	0	0	0	0	0	0	0	0	0
649	2	1810	和成	TWSE	CP	家居	CP01	家居用品	302304	302304		20260914	1	0			0	0	0	0	0	0			3.66	6.43	0.85	-0.09	-0.03	-117	34	3	-290	-79	-37	14	46	0
650	2	3504	揚明光	TWSE	CH	光學鏡片	CH01	光學鏡片與鏡頭	114060	114060		20260914	1	0			0	0	0	0	0	0			-0.06	0	0	0.18	0.19	-106	0	-1	-117	-107	-54	-16	32	-1
651	2	6683	雍智科技	OTC	BE	IC-封測	BE02	IC測試	27553	27553		20260914	2	0			0	0	0	0	0	0	66831	2026-06-22	22.69	57.59	0.7	5.72	4.45	50	0	-2	46	48	22	-2	8	0
652	2	3666	光耀	OTC	CF	LCD零組件	CF02	光學膜	138950	138950		20260914	2	0			0	0	0	0	0	0			-2.69	0	0	-2.24	-1.63	2	0	0	0	2	-5	0	0	0
653	2	8410	森田	OTC	CS	電子零組件	CS01	電子零組件	36589	36589		20260914	2	0			0	0	0	0	0	0			4.38	6.78	5.38	0.89	0.76	0	0	0	0	0	0	0	0	0
654	2	2486	一詮	TWSE	BE	IC-封測	BE03	IC封裝測試設備	240742	240742		20260914	1	0	UTF	一詮期貨	0	0	0	0	0	0	24867	2026-06-22	1.19	204.74	0.21	2.44	1.17	-100	0	-26	-377	-126	-52	-32	471	-14
655	2	6574	霈方	OTC	AK	生技	AK02	應用生技	21990	21990		20260914	2	0			1	0	0	0	0	0			13.24	9.06	2.5	12.96	9.99	-1	0	0	0	-1	0	0	0	0
656	2	8446	華研	OTC	CX	文化創意	CX01	文化創意	52914	52914		20260914	2	0			0	0	0	0	0	0			7.85	10.96	9.3	5.58	3.72	-1	0	0	2	-1	-6	0	0	0
657	2	2308	台達電	TWSE	CJ	電源供應器	CJ01	電源供應器	2597543	2597543	台達電集團	20260914	1	0	FRF	台達電期貨	0	0	0	0	0	0			31.42	51.56	0.72	7.68	3.84	-3573	-535	304	-3526	-3804	91	-11	454	231
658	2	7801	華芸科技	ROTC	CL	電腦周邊產品	CL01	電腦及周邊產品	18300	18300	華碩集團	20260914	3	0			1	0	0	0	0	0			6.34	0	0	0	0	0	0	0	0	0	0	0	0	0
659	2	5381	光譜	OTC	BK	PCB-材料設備	BK02	PCB原材料	207691	207691		20260914	2	0			0	0	0	0	0	0	53813		0.75	28.86	0	2.73	1.49	-271	0	0	-129	-270	-24	0	89	0
660	2	3717	聯嘉投控	TWSE	DB	控股公司	DB01	控股公司	211642	211642		20260914	1	0			0	0	0	0	0	0	37171	2025-12-02	1.6	263.13	0.95	0	0	-194	0	26	-196	-168	-33	-29	40	0
661	2	3259	鑫創	OTC	BF	IC-設計	BF01	IC設計	72966	72966		20260914	2	0			1	0	0	1	0	0			-2.37	0	0	-11.69	-8.48	2	0	0	0	2	0	0	0	0
662	2	6485	點序	OTC	BF	IC-設計	BF01	IC設計	47366	47366		20260914	2	0			0	0	0	0	0	0			-0.28	0	0.8	-1.62	-1.25	-11	0	-1	-6	-12	-3	0	6	-1
663	2	6820	連訊	ROTC	CI	網通設備	CI01	光通訊設備	22253	22253		20260914	3	0			1	0	0	0	0	0			5.88	0	0	0	0	0	0	0	0	-1	0	0	0	0
664	2	4749	新應材	OTC	AH	化學工業	AH01	化學工業	94733	94733		20260914	2	0			0	0	0	0	0	0	47491	2026-03-31	12.91	55.93	1.11	3.15	2.43	-131	0	-62	-316	-193	12	0	60	-35
665	2	2752	豆府	OTC	BC	觀光	BC01	餐飲	26694	26694		20260914	2	0			1	0	0	0	0	0			16.3	10.86	7.63	9.04	4.59	0	0	0	0	0	0	0	0	0
666	2	2221	大甲	OTC	BA	鋼鐵	BA02	不鏽鋼產品	42325	42325		20260914	2	0			0	0	0	0	0	0	22211	2026-08-10	3.02	31.49	1.57	4.19	2.83	-767	0	109	-613	-658	-204	-2	0	-5
667	2	8092	建暐	OTC	AY	電機	AY02	工具機	57172	57172		20260914	2	0			0	0	0	0	0	0	80924	2023-12-29	0.15	85.33	0	0	0.1	0	0	0	0	0	0	0	0	0
668	2	7718	友鋮	OTC	AY	電機	AY01	機械	46356	46356		20260914	2	0			0	0	0	0	0	0			5.61	8.37	5.41	3	2.23	0	0	0	0	0	1	0	0	0
669	2	4763	材料*-KY	TWSE	AT	紡織纖維	AT01	紡織原料	989147	989147		20260914	1	0			0	0	0	0	0	0			4.17	11.71	6.24	3.46	3.03	273	16	124	595	413	44	0	161	85
670	2	2013	中鋼構	TWSE	BA	鋼鐵	BA06	鋼結構	200000	200000	中鋼集團	20260914	1	0			0	0	0	0	0	0			3.27	12.68	5.79	2.74	1.05	-31	0	-4	-8	-35	1	0	0	-1
671	2	1799	易威	OTC	AK	生技	AK03	製藥業	248776	248776		20260914	2	0			1	0	0	0	0	0			-0.13	0	0	-1.66	-0.64	-69	0	0	-32	-69	0	0	0	0
672	2	5443	均豪	OTC	BI	LED及光元件	BI02	LED檢測設備	164747	164747		20260914	2	0			0	0	0	0	0	0			2.32	46.48	2.09	1.25	0.94	127	0	-34	-113	93	-40	-9	107	-31
673	2	7725	列特博	ROTC	AK	生技	AK01	醫療器材	48327	48327		20260914	3	0			1	0	0	0	0	0			-4.12	0	0	0	0	0	0	0	0	0	0	0	0	0
674	2	8028	昇陽半導體	TWSE	BH	IC-製造	BH02	晶圓代工	184745	184745		20260914	1	0			0	0	0	0	0	0	80282	2024-12-12	5.79	40.41	1.2	5.34	2.42	-464	35	-13	-440	-442	-13	-9	131	-12
675	2	1466	聚隆	TWSE	AT	紡織纖維	AT02	加工絲	111157	111157		20260914	1	0			0	0	0	0	0	0	14664	2025-04-28	-0.35	0	1.35	1.37	0.73	6	0	-3	0	3	20	4	6	0
676	2	6939	啟弘生技	ROTC	AK	生技	AK01	醫療器材	35384	35384		20260914	3	0			1	0	0	0	0	0			-3.58	0	0	0	0	0	0	0	0	0	0	0	0	0
677	2	6226	光鼎	TWSE	BI	LED及光元件	BI01	發光二極體	115535	115535		20260914	1	0			0	0	1	0	0	0			-0.02	0	0	0.2	0.26	-5681	0	-28	-8054	-5709	-556	-581	81	0
678	2	7799	禾榮科	TWSE	AK	生技	AK01	醫療器材	159739	159739		20260914	1	0			0	0	0	0	0	0			-3.22	0	0	-0.95	-0.92	-173	0	-41	-178	-214	139	1	70	0
679	2	7762	吉晟生	ROTC	AK	生技	AK03	製藥業	58849	58849		20260914	3	0			1	0	0	0	0	0			0.98	0	0	0	0	0	0	0	0	0	0	0	0	0
680	2	4967	十銓	TWSE	BD	DRAM	BD01	DRAM	98566	98566		20260914	1	0			0	0	0	0	0	0	49675	2026-07-13	65.41	4.17	3.07	26.45	11.07	916	0	30	725	946	-222	37	69	66
681	2	6838	台新藥	TWSE	AK	生技	AK04	生技其他	150977	150977		20260914	1	0			1	0	0	0	0	0			-1.26	0	0	-4.81	-3.41	-20	0	-3	-5	-23	0	0	0	0
682	2	1809	中釉	TWSE	AQ	玻璃陶瓷	AQ02	釉料	167042	167042		20260914	1	0			0	0	0	0	0	0			0.2	187.25	0.67	0.01	0.07	17	0	0	-19	17	-15	-18	24	0
683	2	2820	華票	TWSE	AB	金融-保險	AB01	保險	1342960	1342960		20260914	1	0			0	0	0	0	0	0			1.69	10.3	5.17	2.86	0.3	4156	0	82	2421	4238	-14	0	0	0
684	2	2472	立隆電	TWSE	BO	被動元件	BO04	鋁質電解電容	164735	164735		20260914	1	0			0	0	0	0	0	0			9.82	21.74	1.64	3.85	2.97	758	-430	2	134	330	-91	-1	34	3
685	2	6024	群益期	TWSE	AD	金融-證券	AD01	證券	266683	266683		20260914	1	0			0	0	0	0	0	0			7.13	8.36	5.72	5.97	0.6	69	0	0	-16	69	1	0	0	0
686	2	2328	廣宇	TWSE	BP	連接元件	BP01	連接器	518346	518346	泛鴻海集團	20260914	1	0	KWF	廣宇期貨	0	0	0	0	0	0			0.43	106.98	1.96	-0.29	-0.2	264	0	49	225	312	-32	0	28	-12
687	2	6938	藍新資訊	ROTC	CL	電腦周邊產品	AE01	系統整合	12570	12570		20260914	3	0			1	0	0	0	0	0			7.45	0	0	0	0	0	0	0	0	0	0	0	0	0
688	2	4154	樂威科-KY	OTC	AK	生技	AK02	應用生技	38390	38390		20260914	2	0			1	0	0	0	0	0			-0.92	0	0	-2.42	-1.38	0	0	0	0	0	0	0	0	0
689	2	6863	永道-KY	TWSE	CI	網通設備	CI03	無線通訊設備	74888	74888	永豐餘集團	20260914	1	0			0	0	0	0	0	0	68631	2024-08-28	2.84	32	1.64	1.59	1.12	-189	0	-3	-142	-192	-6	2	17	0
690	2	6666	羅麗芬-KY	TWSE	AK	生技	AK02	應用生技	47388	47388		20260914	1	0			0	0	0	0	0	0			3.41	12.9	4.55	6.6	5.02	4	0	0	0	4	-9	0	0	0
691	2	6733	博晟生醫	OTC	AK	生技	AK01	醫療器材	134316	134316	晟德集團	20260914	2	0			1	0	0	0	0	0			-0.54	0	0	-2.35	-2.25	-7	0	0	-20	-7	0	0	0	0
692	2	5283	禾聯碩	TWSE	BX	消費性電子	BX01	消費性電子產品	101617	101617		20260914	1	0			0	0	0	0	0	0			6.5	8.17	3.77	4.89	2.82	-13	0	0	-6	-13	1	0	3	0
693	2	1314	中石化	TWSE	AI	石化	AI01	石化	3784850	3784850	威京集團	20260914	1	0	EGF	中石化期貨	0	0	0	0	0	0			-0.8	0	0	-2.27	-1.25	389	0	-173	1131	215	110	0	287	0
694	2	6583	友松	ROTC	CX	文化創意	CX01	文化創意	15947	15947		20260914	3	0			1	0	0	0	0	0			0.58	0	0	0	0	0	0	0	0	0	0	0	0	0
695	2	6816	捷智商訊	ROTC	CL	電腦周邊產品	CL01	電腦及周邊產品	12180	12180		20260914	3	0			1	0	0	0	0	0			4.77	0	0	0	0	0	0	0	0	0	0	0	0	0
696	2	1773	勝一	TWSE	AH	化學工業	AH04	電子化工品	300000	300000		20260914	1	0			0	0	0	0	0	0			8.01	19.83	2.52	6.01	3.9	-123	0	-16	-75	-139	-3	0	6	-6
697	2	2302	麗正	TWSE	CU	二極體	CU01	二極體	166303	166303		20260914	1	0			0	0	0	0	0	0			1.06	38.32	0.85	3.24	2.15	-235	0	0	-390	-235	20	-1	0	0
698	2	6967	汎瑋材料	OTC	CS	電子零組件	CS01	電子零組件	30404	30404		20260914	2	0			0	0	0	0	0	0			5.32	12.36	5.74	5.11	3.15	-10	0	0	-3	-9	14	0	0	0
699	2	3051	力特	TWSE	CF	LCD零組件	CF04	偏光板	167000	167000		20260914	1	0			0	0	0	0	0	0			1.77	11.95	2.36	3.86	2.61	-459	0	-3	-352	-462	31	-2	91	0
700	2	2064	晉椿	OTC	BA	鋼鐵	BA04	鋼鐵加工	69330	69330		20260914	2	0			0	0	0	0	0	0			0.03	612.5	0	-0.27	0.14	0	0	0	0	0	0	0	0	0
701	2	8099	大世科	OTC	AE	軟體-系統整合	AE01	系統整合	100073	100073	大同集團	20260914	2	0			0	0	0	0	0	0			3.28	18.02	3.54	4.66	2.13	65	0	0	23	65	6	0	12	0
702	2	5202	力新	OTC	AF	軟體-其他	AF01	軟體其他	89094	89094	力晶集團	20260914	2	0			0	0	0	0	0	0			-0.99	0	1.7	-7.03	-6.57	-24	0	0	-14	-24	11	0	19	0
703	2	3264	欣銓	OTC	BE	IC-封測	BE02	IC測試	490170	490170		20260914	2	0	NEF	欣銓期貨	0	0	0	0	0	0			7.93	30.09	1.82	5.8	3.14	-2514	0	-288	-1685	-2801	366	-7	37	-153
704	2	4804	大略-KY	OTC	CX	文化創意	CX01	文化創意	71992	71992		20260914	2	0			1	1	0	1	0	0			-2.19	0	0	-28.56	-17.39	0	0	0	0	0	0	0	0	0
705	2	6624	萬年清	OTC	53b13043c3000000e2c2ca8d2ab4246e	綠能環保	CO02	廢棄物處理	22579	22579		20260914	2	0			0	0	0	0	0	0	66241	2023-12-21	0.56	74.25	0.73	-0.17	-0.04	-1	0	0	0	-1	0	0	0	0
706	2	5287	數字	OTC	53b13081400000008039a015822c2b77	數位雲端	CW02	網站相關	65738	65738		20260914	2	0			0	0	0	0	0	0			15.36	8.84	8.26	10.73	6.1	-24	2	0	-9	-22	-2	0	11	0
707	2	6469	大樹	OTC	AK	生技	AK02	應用生技	159108	159108		20260914	2	0			0	0	0	0	0	0	64693	2025-04-28	3.45	19.22	5.68	2.75	0.86	-334	0	-1	-237	-335	28	-4	125	-1
708	2	4573	高明鐵	ROTC	AY	電機	AY01	機械	46125	46125		20260914	3	0			1	0	0	0	0	0			0.52	0	0	0	0	0	0	0	0	70	0	0	0	0
709	2	8147	正淩	OTC	BP	連接元件	BP01	連接器	42263	42263		20260914	2	0			0	0	0	0	0	0	81473	2024-08-26	2.59	50.78	2.33	1.35	0.85	32	0	-7	-7	26	-18	0	26	-7
710	2	6177	達麗	TWSE	BB	營建	BB01	營造工程	471891	471891		20260914	1	0			0	0	0	0	0	0	61777	2025-12-27	9.11	5.24	6.32	5.64	1.58	826	-668	-7	-178	151	-6	3	4	0
711	2	4772	台特化	OTC	AH	化學工業	AH01	化學工業	147682	147682		20260914	2	0			0	0	0	0	0	0	47721	2025-10-20	5.55	42.24	1.28	6.46	3.74	-169	0	-19	-94	-188	5	0	139	-19
712	2	6829	千附精密	OTC	CK	儀器設備工程	CK02	半導體設備	59169	59169		20260914	2	0			0	0	0	0	0	0			5.33	42.7	1.54	4.08	2.3	40	0	-8	-218	32	-235	-3	0	-9
713	2	2449	京元電子	TWSE	BE	IC-封測	BE02	IC測試	1283882	1283882		20260914	1	0	GRF	京元電子期貨	0	0	0	0	0	0			7.63	34.47	0.57	4.26	2.2	-3501	-7	-568	-4819	-4077	-62	-10	2103	-509
714	2	3558	神準	OTC	CI	網通設備	CI02	網路設備	59061	59061		20260914	2	0			0	0	0	0	0	0			2.14	55.61	2.52	0.87	0.44	15	0	0	-1	15	-3	-4	1	0
715	2	2385	群光	TWSE	CS	電子零組件	CS01	電子零組件	765721	765721	群光藍天集團	20260914	1	0	GKF	群光期貨	0	0	0	0	0	0			8.97	11.78	6.86	5.19	2.47	731	58	40	351	829	-3	-1	44	38
716	2	2937	集雅社	OTC	53b130187d0000003b11a6755a185d27	居家生活	CP01	家居用品	47896	47896		20260914	2	0			1	0	0	0	0	0			4.09	10.66	7.13	3.5	1.29	-1	0	0	0	-1	0	0	0	0
717	2	1402	遠東新	TWSE	AT	紡織纖維	AT01	紡織原料	5352875	5352875	遠東集團	20260914	1	0	CRF	遠東新期貨	0	0	0	0	0	0	140203	2024-06-13	2.05	14.84	4.36	1.69	0.94	3878	-1913	-47	673	1919	-244	0	14	30
718	2	7810	捷創科技	OTC	CK	儀器設備工程	CK04	半導體檢測	20250	20250		20260914	2	0			0	0	0	0	0	0			9.19	25.09	2.28	6.88	5.42	11	0	-5	1	6	3	0	0	-4
719	2	1515	力山	TWSE	AM	運動	AM03	健身	181474	181474		20260914	1	0			0	0	0	0	0	0			1.5	20.74	1.94	0.21	0.19	74	0	-6	104	68	209	1	4	0
720	2	7882	倍利創投	ROTC	AK	生技	AK04	生技其他	212467	212467		20260914	3	0			1	0	0	0	0	0			4.55	0	0	0	0	0	0	0	0	-4	0	0	0	0
721	2	2891	中信金	TWSE	AA	金融-金控	AA01	金控	20175923	19675933	中信集團	20260914	1	0	CNF	中信金期貨	0	0	0	0	0	0			4.26	16.05	3.73	2.53	0.17	1165	335	987	1840	2487	-122	0	2538	971
722	2	3323	加百裕	OTC	CV	電池	CV01	電池	99593	99593		20260914	2	0			0	0	0	0	0	0			-1.59	0	0	-1.82	-0.79	-116	0	-5	-64	-121	48	1	71	-5
723	2	6221	晉泰	OTC	AE	軟體-系統整合	AE01	系統整合	168612	168612		20260914	2	0			0	0	0	0	0	0			2.35	9.96	5.15	4.77	2.36	0	0	1	189	1	-12	1	0	1
724	2	8298	威睿	ROTC	CI	網通設備	CI02	網路設備	25632	25632		20260914	3	0			1	0	0	0	0	0			4.32	0	0	0	0	0	0	0	0	0	0	0	0	0
725	2	3088	艾訊	OTC	BR	工業電腦	BR01	工業電腦	113011	113011		20260914	2	0			0	0	0	0	0	0			8.01	15.54	2.36	4.21	2.78	-16	0	-1	-18	-17	-56	-3	33	-1
726	2	5426	振發	OTC	CL	電腦周邊產品	CL02	電腦機殼	143800	143800		20260914	2	0			0	0	0	0	0	0			0.63	43.81	1.09	0.75	0.57	-18	0	0	-21	-18	43	0	5	0
727	2	8359	錢櫃	ROTC	BC	觀光	BC01	餐飲	136500	136500		20260914	3	0			1	0	0	0	0	0			12.15	0	0	0	0	0	0	0	0	0	0	0	0	0
728	2	4977	眾達-KY	TWSE	CI	網通設備	CI01	光通訊設備	90990	90990		20260914	1	0			0	0	0	0	0	0			3.46	52.55	1.25	5.24	3.57	-359	0	-11	-178	-370	116	17	147	-13
729	2	6953	家碩	OTC	CK	儀器設備工程	CK02	半導體設備	30015	30015		20260914	2	0			0	0	0	0	0	0			9.73	23.59	2.61	6.93	3.66	-3	0	-1	-8	-3	2	0	0	-1
730	2	6784	天凱科技	ROTC	CL	電腦周邊產品	CR01	車用電子	19077	19077		20260914	3	0			1	0	0	0	0	0			0	0	0	0	0	0	0	0	0	0	0	0	0	0
731	2	7788	松川精密	TWSE	CS	電子零組件	CS01	電子零組件	79746	79746		20260914	1	0			0	0	0	0	0	0			8.55	34.48	0.7	4.1	2.26	-363	0	-65	-412	-428	-33	4	52	-49
732	2	6944	兆聯實業	TWSE	53b13043c3000000e2c2ca8d2ab4246e	綠能環保	CO01	水資源處理	99694	99694		20260914	1	0			0	0	0	0	0	0	69442		38.11	17.14	2.9	10.07	4.91	-68	1	-1	-130	-68	22	0	11	-1
733	2	2458	義隆	TWSE	BF	IC-設計	BF01	IC設計	303880	303880		20260914	1	0	GWF	義隆期貨	0	0	0	0	0	0			10.91	11.76	5.59	7.94	5.06	-94	3	6	-38	-86	18	4	349	1
734	2	7738	東聯互動	OTC	53b13081400000008039a015822c2b77	數位雲端	54821a619600000068f861e0ba33627f	居家生活其他	27356	27356		20260914	2	0			0	0	0	0	0	0	77381	2026-07-20	13.42	12.85	6.08	4.64	3.69	-5	0	0	0	-5	1	0	3	0
735	2	7895	元進莊	ROTC	AR	食品	AR01	食品加工	38790	38790		20260914	3	0			1	0	0	0	0	0			5.9	0	0	0	0	0	0	0	0	0	0	0	0	0
736	2	1101	台泥	TWSE	AJ	水泥	AJ01	水泥	7723182	7523182	和信集團	20260914	1	0	DFF	台泥期貨	0	0	0	0	0	0	11011	2024-09-30	-1.29	0	3.27	1.11	0.74	-3142	410	-269	-1327	-3001	245	-8	1210	-253
737	2	6744	豐技生技	ROTC	AK	生技	AK01	醫療器材	15400	15400		20260914	3	0			1	0	0	0	0	0			1.66	0	0	0	0	0	0	0	0	0	0	0	0	0
738	2	5464	霖宏	OTC	BL	PCB-製造	BL01	硬板	76134	76134		20260914	2	0			0	0	0	0	0	0	54642	2026-03-27	0.47	189.57	0	-2.09	-0.37	20	0	-10	33	10	-38	24	44	0
739	2	1293	利統	ROTC	AR	食品	AR01	食品加工	17094	17094		20260914	3	0			1	0	0	0	0	0			3.7	0	0	0	0	0	0	0	0	0	0	0	0	0
740	2	5309	系統電	OTC	CR	車用電子	CR01	車用電子	231693	231693		20260914	2	0			0	0	0	0	0	0	53097	2025-10-27	0.21	292.06	1	-0.36	-0.15	-31	42	-7	-18	4	-49	-1	30	-16
741	2	1339	昭輝	TWSE	AO	汽車零組件	59723caa37000000785f6384ccccd6f7	汽機車零組件(AM)	74124	74124		20260914	1	0			0	0	0	0	0	0			5.8	7.39	5.82	1.44	1.18	-8	0	-7	0	-15	-2	0	0	0
742	2	3390	旭軟	OTC	BL	PCB-製造	BL02	軟板	79330	79330		20260914	2	0			0	0	0	0	0	0	33902	2024-12-27	-0.25	0	0.92	-1.76	-1.13	-6	0	0	-2	-6	-9	0	2	0
743	2	3260	威剛	OTC	BD	DRAM	BD01	DRAM	336463	336463		20260914	2	0	NDF	威剛期貨	0	0	0	0	0	0	32609	2026-08-18	81.13	5.2	4.22	30.06	10.76	-1938	323	173	-1124	-1443	-198	-73	148	2
744	2	3709	鑫聯大投控	OTC	CL	電腦周邊產品	CL01	電腦及周邊產品	145569	145569		20260914	2	0			0	0	0	0	0	0			11.47	5.49	3.48	8.53	1.27	20	0	-3	-14	17	-23	-7	9	-3
745	2	1103	嘉泥	TWSE	AJ	水泥	AJ01	水泥	832875	832875		20260914	1	0			0	0	0	0	0	0			1.43	9.74	3.98	0.69	0.54	-87	0	0	-27	-87	37	0	2	0
746	2	7728	光焱科技	OTC	BW	電子-其他	CK04	半導體檢測	13993	13993		20260914	2	0			0	0	0	0	0	0			6.35	97.78	0.83	2.12	1.63	6	0	0	0	6	1	0	1	0
747	2	4178	永笙-KY	TWSE	AK	生技	AK04	生技其他	215905	215905		20260914	1	0			1	0	0	0	0	0			-0.88	0	0	-2.77	-1.52	-39	0	0	-8	-39	0	0	0	0
748	2	3349	寶德	OTC	BX	消費性電子	BX01	消費性電子產品	47822	47822		20260914	2	0			1	0	0	0	0	0			-1.22	0	0	-4.4	-2.65	-2	0	0	3	-2	0	0	0	0
749	2	6103	合邦	OTC	BF	IC-設計	BF01	IC設計	13605	13605		20260914	2	0			0	0	0	0	0	0			0.41	75.75	0	-1.66	-1.6	1	0	0	0	1	-4	0	0	0
750	2	3062	建漢	TWSE	CI	網通設備	CI03	無線通訊設備	330082	330082	泛鴻海集團	20260914	1	0			0	0	0	0	0	0			-1.98	0	0	-2.67	-1.68	430	0	-37	201	393	-10	-3	48	-37
751	2	3321	同泰	TWSE	BL	PCB-製造	BL02	軟板	86114	86114	聯電集團	20260914	1	0			1	0	0	0	0	0			-1.81	0	0	-1.15	-0.2	25	0	-1	-7	24	0	0	0	0
752	2	8383	千附	OTC	AY	電機	AY03	機械零組件	113760	113760		20260914	2	0			0	0	0	0	0	0			4.99	13.08	3.87	4.62	3.03	-454	0	-7	-363	-461	20	4	161	-7
753	2	3236	千如	OTC	BO	被動元件	BO01	電感	105001	105001		20260914	2	0			0	0	0	0	0	0			0.72	59.58	1.17	0.65	0.45	-663	0	-14	-546	-677	78	-14	2	-14
754	2	6697	東捷資訊	OTC	AE	軟體-系統整合	AE01	系統整合	27323	27323	東元電機集團	20260914	2	0			0	0	0	0	0	0			3.06	13.25	6.41	4.98	3.07	0	0	0	0	0	0	0	0	0
755	2	1294	漢田生技	OTC	AK	生技	AK02	應用生技	36626	36626		20260914	2	0			0	0	0	0	0	0			4.7	10.59	9.67	4.49	3.19	-2	0	0	-1	-2	-2	0	0	0
756	2	6451	訊芯-KY	TWSE	BE	IC-封測	BE01	IC封裝測試	117737	117737	泛鴻海集團	20260914	1	0			0	0	0	0	0	0	64512	2024-12-23	1.13	375.69	0.05	0.84	0.61	82	0	-16	-43	66	-116	-5	122	-18
757	2	7935	安富科技	ROTC	BF	IC-設計	BF01	IC設計	37000	37000		20260914	3	0			1	0	0	0	0	0			-0.96	0	0	0	0	0	0	0	0	0	0	0	0	0
758	2	7856	漢測	ROTC	BE	IC-封測	BE03	IC封裝測試設備	27177	27177		20260914	3	0			1	0	0	0	0	0			30.72	0	0	0	0	0	0	0	0	31	0	0	0	0
759	2	1413	宏洲	TWSE	AT	紡織纖維	AT01	紡織原料	132112	132112		20260914	1	0			1	0	0	0	0	0			0.31	29.94	0	3.51	1.69	1	0	-1	0	0	0	0	0	0
760	2	6265	方土昶	OTC	BD	DRAM	BD01	DRAM	118172	118172		20260914	2	0			0	0	0	0	0	0			8.21	5.94	0	29.31	23.07	-2476	0	-98	-2049	-2573	-132	-8	244	-97
761	2	8342	益張	OTC	CP	家居	CP01	家居用品	33537	33537		20260914	2	0			0	0	0	0	0	0			7.56	11.52	5.75	7.68	4.73	0	0	0	0	0	0	0	0	0
762	2	5364	力麗店	OTC	BC	觀光	BC03	飯店	63850	63850	力麗集團	20260914	2	0			0	0	0	0	0	0			-0.5	0	0	-1.86	-1.05	-3	0	0	0	-3	0	0	0	0
763	2	1732	毛寶	TWSE	AH	化學工業	AH01	化學工業	42444	42444		20260914	1	0			0	0	0	0	0	0			1.23	21.14	2.31	2.17	1.57	-14	0	-3	1	-17	3	0	1	0
764	2	4417	金洲	OTC	AT	紡織纖維	AT03	紡織纖維	83971	83971		20260914	2	0			0	0	0	0	0	0			5.2	9.54	7.06	3.59	2.57	190	0	0	253	190	54	0	1	0
765	2	8086	宏捷科	OTC	BH	IC-製造	BH03	砷化鎵代工	196516	196516	中美晶集團	20260914	2	0	PRF	宏捷科期貨	0	0	1	0	0	0			5.37	19.78	1.58	3.34	2.58	-481	0	-4	-493	-485	-76	-3	342	-2
766	2	7558	群利	ROTC	AP	其他	BW01	電子其他	18621	18621		20260914	3	0			1	0	0	0	0	0			3.34	0	0	0	0	0	0	0	0	0	0	0	0	0
767	2	6125	廣運	OTC	AY	電機	AY06	自動化設備	259011	259011		20260914	2	0			0	0	0	0	0	0	61255	2024-05-06	0.29	167.24	1.03	-1.22	-0.49	-241	0	-6	-197	-247	-51	-9	132	-5
768	2	5530	龍巖	OTC	AP	其他	AP01	傳產其他	420084	420084		20260914	2	0			0	0	0	0	0	0			3.34	14.76	0	1.03	0.4	104	0	0	9	104	3	0	1	0
769	2	8467	波力-KY	TWSE	53b12ee9760000004fff0eead0b0f535	運動休閒	53b133ac220000000686c57f08b6e33d	運動休閒其他	48374	48374		20260914	1	0			0	0	0	0	0	0	84673	2024-04-22	6.28	12.95	8.46	3.17	1.9	-10	0	0	-6	-10	-5	1	1	0
770	2	7943	鴻璟科技	ROTC	BF	IC-設計	BF02	矽智財	30651	30651		20260914	3	0			1	0	0	0	0	0			1.79	0	0	0	0	0	0	0	0	0	0	0	0	0
771	2	6438	迅得	TWSE	BK	PCB-材料設備	BK01	印刷電路板設備	82206	82206		20260914	1	0			0	0	0	0	0	0	64383		5.79	25.65	3.38	2.64	1.54	-9	0	-6	-32	-15	-13	0	14	-6
772	2	6654	天正國際	OTC	AY	電機	AY06	自動化設備	37263	37263		20260914	2	0			0	0	0	0	0	0			3.14	71.02	0	4.73	2.67	-2	0	0	0	-2	9	-1	0	0
773	2	2476	鉅祥	TWSE	CS	電子零組件	CS01	電子零組件	220132	220132		20260914	1	0			0	0	0	0	0	0	24762	2023-12-12	6.25	19.19	2.52	4.47	3.37	-147	0	162	-1	14	57	-7	104	162
774	2	6645	金萬林-創	TIB	AK	生技	AK01	醫療器材	60864	60864		20260914	4	0			1	0	0	0	0	0	66451	2024-10-30	-2.24	0	0	-6.99	-2.77	1	0	-11	0	-10	0	0	0	-11
775	2	6118	建達	OTC	CL	電腦周邊產品	CL01	電腦及周邊產品	90890	90890	威盛集團	20260914	2	0			0	0	0	0	0	0			0.16	93.44	0	-0.7	-0.1	-7	0	0	-13	-7	-5	0	1	0
776	2	6684	安格	OTC	BF	IC-設計	BF01	IC設計	44559	44559	神盾集團	20260914	2	0			0	0	0	0	0	0			-2.06	0	0	-0.12	-0.1	9	0	0	0	9	-5	0	4	0
777	2	8442	威宏-KY	TWSE	AP	其他	AP01	傳產其他	70170	70170		20260914	1	0			0	0	0	0	0	0	84424	2026-05-08	3.13	14.71	6.56	2.58	1.44	-9	2	0	0	-7	0	0	1	0
778	2	4540	全球傳動	TWSE	AY	電機	AY03	機械零組件	115187	115187		20260914	1	0			0	0	0	0	0	0	45403		-0.15	0	0	1.46	0.83	295	0	0	199	295	-58	-51	12	0
779	2	3149	正達	TWSE	AQ	玻璃陶瓷	AQ01	玻璃	286234	286234	泛鴻海集團	20260914	1	0			0	0	0	0	0	0	31494	2026-03-31	-2.2	0	0	-4.44	-1.85	1069	0	-69	773	1000	696	-29	354	0
780	2	4961	天鈺	TWSE	BF	IC-設計	BF03	驅動IC	121254	121254	泛鴻海集團	20260914	1	0			0	0	0	0	0	0			8.84	19.1	4.54	2.52	2.08	278	0	-10	136	268	31	0	25	-10
781	2	4562	穎漢	TWSE	AY	電機	AY06	自動化設備	87546	87546		20260914	1	0			0	0	0	0	0	0			-0.7	0	0	-1.42	-0.38	16	0	0	0	16	-6	1	11	0
782	2	1414	東和	TWSE	AT	紡織纖維	AT03	紡織纖維	198000	198000		20260914	1	0			0	0	0	0	0	0			0.55	30.89	1.16	2.14	1.55	-40	0	-6	0	-46	56	0	8	0
783	2	1580	新麥	OTC	AY	電機	AY01	機械	49339	49339		20260914	2	0			0	0	0	0	0	0			11.45	8.52	8.7	3.13	2.17	-2	0	0	-14	-2	0	0	1	0
784	2	1470	大統新創	TWSE	AT	紡織纖維	AT03	紡織纖維	85767	85767		20260914	1	0			0	0	0	0	0	0			1.29	18.42	2.71	2.36	1.98	-3	0	0	0	-3	1	0	0	0
785	2	8097	常珵	OTC	CI	網通設備	CI01	光通訊設備	60302	60302		20260914	2	0			0	0	0	0	0	0			-1.4	0	0	-2.44	-1.6	-11	0	-4	0	-15	17	0	2	-4
786	2	8426	紅木-KY	OTC	BB	營建	BB03	建材	50243	50243		20260914	2	0			0	0	0	0	0	0			2.13	9.65	3.89	-2.8	-1.31	17	0	0	0	17	-1	0	0	0
787	2	3550	聯穎	TWSE	BP	連接元件	BP02	連接線材	107550	107550		20260914	1	0			0	0	0	0	0	0			0	182.92	0	2.83	1.35	-64	0	-2	-17	-66	34	2	0	0
788	2	6263	普萊德	OTC	CI	網通設備	CI02	網路設備	62501	62501		20260914	2	0			0	0	0	0	0	0			8.83	17.38	5.08	8.83	6.19	-10	0	1	-32	-9	6	0	22	-1
789	2	4160	訊聯基因	OTC	AK	生技	AK04	生技其他	28014	28014		20260914	2	0			0	0	0	0	0	0			0.68	58.43	1.27	1.25	0.94	-1	0	0	0	-1	0	0	0	0
790	2	4905	台聯電	OTC	CI	網通設備	CI02	網路設備	29260	29260		20260914	2	0			0	0	0	0	0	0			12.38	6.41	1.89	6.15	4.3	-4	0	-7	-4	-11	1	0	2	1
791	2	9945	潤泰新	TWSE	BB	營建	BB04	地產代銷	2844225	2844225	潤泰集團	20260914	1	0	KPF	潤泰新期貨	0	0	0	0	0	0			12.56	4.91	3.91	5.52	3.54	2222	0	-30	733	2192	-447	0	386	-33
792	2	8444	綠河-KY	OTC	BB	營建	BB03	建材	125105	125105		20260914	2	0			1	0	0	1	1	0			-14.12	0	0	-355.61	-2.64	0	0	0	0	0	-1	0	0	0
793	2	2330	台積電	TWSE	BH	IC-製造	BH02	晶圓代工	25932370	25932370	台積電集團	20260914	1	0	CDF	台積電期貨	0	0	0	0	0	0			86.28	27.94	0.91	11.39	7.86	-8251	-181	-400	-7072	-8832	427	-2	61	144
794	2	6712	長聖	OTC	AK	生技	AK03	製藥業	100489	100489	晟德集團	20260914	2	0			0	0	0	0	0	0			5.14	33.12	2.6	3.19	2.51	-35	0	0	-10	-35	7	0	7	0
795	2	3631	晟楠	OTC	CQ	非鐵金屬	CQ01	非鐵金屬	81821	81821		20260914	2	0			0	0	0	0	0	0			-0.47	0	0	-1.52	-0.73	5	0	0	2	5	-3	0	0	0
796	2	4907	富宇	OTC	BB	營建	BB01	營造工程	118146	118146		20260914	2	0			0	0	0	0	0	0			7.19	6.04	3.46	15.09	5.25	5	0	0	-7	5	11	0	1	0
797	2	2108	南帝	TWSE	AZ	橡膠	AZ02	橡膠工業	492417	492417	南紡集團	20260914	1	0			0	0	0	0	0	0			1.78	16.35	3.44	3.4	2.98	44	0	-10	-1	34	5	0	1	0
798	2	6279	胡連	OTC	BP	連接元件	BP01	連接器	119016	119016		20260914	2	0	OHF	胡連期貨	0	0	0	0	0	0			11.45	9.74	4.95	3.61	2.19	-7	0	-4	-96	-11	-29	0	78	-4
799	2	2504	國產	TWSE	AJ	水泥	AJ02	預拌混凝土	1180000	1180000	國產集團	20260914	1	0			0	0	0	0	0	0			3.19	9.81	8.31	3.34	1.96	-51	44	29	119	22	16	0	109	0
800	2	8176	智捷	OTC	CI	網通設備	CI03	無線通訊設備	71701	71701		20260914	2	0			1	0	0	0	0	0			0.31	32	0	1.13	0.92	1	0	0	0	1	0	0	0	0
801	2	1582	信錦	TWSE	CS	電子零組件	CS01	電子零組件	144269	144269		20260914	1	0			0	0	0	0	0	0			3.21	21.84	4.28	2.49	1.53	75	0	-7	0	68	-1	-1	21	-6
802	2	7858	芝普	ROTC	AH	化學工業	AH04	電子化工品	22237	22237		20260914	3	0			1	0	0	0	0	0			7.27	0	0	0	0	0	0	0	0	0	0	0	0	0
803	2	6136	富爾特	TWSE	CS	電子零組件	CS01	電子零組件	115536	115536		20260914	1	0			0	0	0	0	0	0			0.74	33.38	4.7	-0.07	-0.05	36	0	0	6	36	-100	0	2	0
804	2	6819	眾智	ROTC	BW	電子-其他	CK02	半導體設備	40974	40974		20260914	3	0			1	0	0	0	0	0			0.11	0	0	0	0	0	0	0	0	127	0	0	0	0
805	2	4609	唐鋒	OTC	53b130187d0000003b11a6755a185d27	居家生活	CP01	家居用品	47947	47947		20260914	2	0			1	0	0	1	1	0			0.18	22.32	0	-3.12	-0.43	0	0	0	0	0	0	0	0	0
806	2	7798	將捷	ROTC	BB	營建	BB01	營造工程	354126	354126		20260914	3	0			1	0	0	0	0	0			2.45	0	0	0	0	0	0	0	0	0	0	0	0	0
807	2	6719	力智	TWSE	BF	IC-設計	BF01	IC設計	105521	105521	華碩集團	20260914	1	0			0	0	0	0	0	0			8.88	20.27	2.56	1.56	1.34	40	0	-27	-27	13	-57	-2	22	-27
808	2	1702	南僑	TWSE	AR	食品	AR01	食品加工	294133	294133		20260914	1	0			0	0	0	0	0	0			0.66	48.79	4.97	0.37	0.29	-6	0	-16	-42	-22	2	0	13	0
809	2	6282	康舒	TWSE	CJ	電源供應器	CJ01	電源供應器	856101	856101	新金寶集團	20260914	1	0	KFF	康舒期貨	0	0	0	0	0	0	62822	2023-05-05	1.22	35.04	1.87	0.32	0.27	-573	85	10	-449	-478	-19	-5	328	-7
810	2	6950	科科科技-KY	ROTC	AF	軟體-其他	AF01	軟體其他	172926	172926		20260914	3	0			1	0	0	0	0	0			1.07	0	0	0	0	0	0	0	0	0	0	0	0	0
811	2	7877	海利普	ROTC	BS	太陽能	BS01	太陽能	38857	38857		20260914	3	0			1	0	0	0	0	0			5.76	0	0	0	0	0	0	0	0	0	0	0	0	0
812	2	6873	泓德能源	TWSE	53b13043c3000000e2c2ca8d2ab4246e	綠能環保	54820dbff70000007c774dd6ca68b569	能源工程	142649	142649		20260914	1	0			0	0	0	0	0	0	68732	2025-04-09	0.97	70.94	3.73	-2.12	-0.36	23	0	1	-6	24	-16	-1	18	-1
813	2	6555	榮炭	ROTC	CS	電子零組件	CS01	電子零組件	119230	119230		20260914	3	0			1	0	0	0	0	0			-7.18	0	0	0	0	0	0	0	0	-5	0	0	0	0
814	2	2256	歐特明	ROTC	BW	電子-其他	BW01	電子其他	42524	42524		20260914	3	0			1	0	0	0	0	0			0.87	0	0	0	0	0	0	0	0	-6	0	0	0	0
815	2	6754	匯僑設計	TWSE	53b130187d0000003b11a6755a185d27	居家生活	54821a619600000068f861e0ba33627f	居家生活其他	66000	66000		20260914	1	0			0	0	0	0	0	0			3.31	12.7	8.32	1.74	0.88	-3	0	0	0	-3	0	0	0	0
816	2	1604	聲寶	TWSE	BX	消費性電子	BX01	消費性電子產品	384200	384200	聲寶集團	20260914	1	0			0	0	0	0	0	0			1.74	13.4	6.4	1.93	1	-41	0	-2	4	-43	-54	0	0	0
817	2	2323	中環	TWSE	BU	光碟片	BU01	光碟片	1089348	1089348	中環集團	20260914	1	0	CUF	中環期貨	0	0	0	0	0	0			3.03	3.53	1.87	7.76	5.17	1857	0	2	690	1859	-154	-2	0	-11
818	2	4440	宜新實業	TWSE	AT	紡織纖維	AT01	紡織原料	67598	67598		20260914	1	0			0	0	0	0	0	0			1.97	8.98	5.68	3.42	2.2	-2	0	-8	0	-10	2	0	0	0
819	2	3325	旭品	OTC	CL	電腦周邊產品	CL02	電腦機殼	110169	110169		20260914	2	0			1	0	0	0	0	0			-2.26	0	0	-8.6	-4.94	23	0	0	0	23	0	0	0	0
820	2	7912	新聿科	ROTC	BO	被動元件	BO01	電感	22190	22190		20260914	3	0			1	0	0	0	0	0			10.72	0	0	0	0	0	0	0	0	0	0	0	0	0
821	2	3081	聯亞	OTC	CI	網通設備	CI01	光通訊設備	101869	101869		20260914	2	0	OTF	聯亞期貨	0	0	0	0	0	0	30812	2026-07-03	11.21	241.82	0.14	10.46	7.89	0	-64	-69	27	-133	27	-13	19	-3
822	2	3117	年程	ROTC	CS	電子零組件	CS01	電子零組件	22800	22800		20260914	3	0			1	0	0	0	0	0			-2	0	0	0	0	0	0	0	0	-5	0	0	0	0
823	2	2901	欣欣	TWSE	AL	百貨	AL03	百貨	73043	73043		20260914	1	0			0	0	0	0	0	0			0.44	52.27	1.61	0.94	0.78	-2	0	0	0	-2	-7	0	0	0
824	2	3059	華晶科	TWSE	BF	IC-設計	BF01	IC設計	307668	307668		20260914	1	0			0	0	0	0	0	0			1.26	29.56	2.68	1.75	1.17	-173	0	-13	-86	-186	9	0	171	-13
825	2	6192	巨路	TWSE	AY	電機	AY01	機械	96156	96156		20260914	1	0			0	0	0	0	0	0			10.33	10.74	5.23	3.47	2.04	-120	0	-2	-108	-122	-7	0	5	0
826	2	3013	晟銘電	TWSE	507b7d657300000014048ace52150ac7	伺服器	537a53e127000000d573028d794f4875	伺服器機殼	213344	213344		20260914	1	0			0	0	0	0	0	0	30134	2024-08-30	5.43	16.23	0.94	5.16	2.88	-223	0	-10	-262	-233	51	-1	32	-10
827	2	1338	廣華-KY	TWSE	AO	汽車零組件	AO01	汽機車零組件	83840	83840		20260914	1	0			0	0	0	0	0	0	13382	2023-10-17	-2.16	0	2.15	-1.18	-0.31	0	0	1	0	1	35	0	0	0
828	2	1711	永光	TWSE	AH	化學工業	AH01	化學工業	547752	547752		20260914	1	0			0	0	0	0	0	0			0.13	295.77	0	1.17	0.85	667	0	-73	153	594	-269	-27	65	-71
829	2	6659	天明	ROTC	AK	生技	AK03	製藥業	85893	85893		20260914	3	0			1	0	0	0	0	0			1.92	0	0	0	0	0	0	0	0	0	0	0	0	0
830	2	5533	皇鼎	TWSE	BB	營建	BB01	營造工程	285245	285245		20260914	1	0			0	0	0	0	0	0			0.58	23.56	4.32	0.71	0.57	-21	0	-14	0	-35	-5	0	0	0
831	2	7669	碩正科技	ROTC	CH	光學鏡片	CF02	光學膜	22000	22000		20260914	3	0			1	0	0	0	0	0			7.27	0	0	0	0	0	0	0	0	0	0	0	0	0
832	2	8067	志旭	OTC	BG	IC-通路	BG01	IC零組件通路商	20700	20700		20260914	2	0			1	0	0	0	0	0			0.25	49	0	9.82	4	0	0	0	0	0	0	0	0	0
833	2	5398	慕康生醫	OTC	AK	生技	AK03	製藥業	49465	49465		20260914	2	0			0	0	0	0	0	0			0.1	142.5	0	1.38	1.25	1	0	0	0	1	-1	0	0	0
834	2	1529	樂事綠能	TWSE	AY	電機	AY04	機電工程	202850	202850		20260914	1	0			0	0	0	0	0	0			0.64	24.38	6.31	3.27	2.07	-15	0	0	0	-15	-11	-6	4	0
835	2	8039	台虹	TWSE	BL	PCB-製造	BL02	軟板	263868	263868		20260914	1	0	KIF	台虹期貨	0	0	0	0	0	0			3.19	86.35	0.73	2.21	1.53	-569	3	-322	-518	-888	486	-116	524	-12
836	2	4175	杏一	OTC	AK	生技	AK01	醫療器材	42323	42323		20260914	2	0			0	0	0	0	0	0			3.79	13.32	5.94	3.77	0.99	7	0	0	0	7	0	0	0	0
837	2	2010	春源	TWSE	BA	鋼鐵	BA04	鋼鐵加工	647655	647655		20260914	1	0			0	0	0	0	0	0			2.51	8.78	9.07	4.04	2.22	-231	0	1	-236	-230	24	0	12	1
838	2	8424	惠普	OTC	BB	營建	BB03	建材	36054	36054	國產集團	20260914	2	0			0	0	0	0	0	0			6.2	11.08	7.27	5.48	4.58	-2	0	0	0	-2	0	0	0	0
839	2	5225	東科-KY	TWSE	BX	消費性電子	BX01	消費性電子產品	79136	79136		20260914	1	0			0	0	0	0	0	0			6.67	7.98	13.6	0.94	0.47	93	0	1	-34	94	-9	-20	8	0
840	2	3293	鈊象	OTC	AG	軟體-遊戲	AG01	軟體遊戲	281802	281802		20260914	2	0	PXF	鈊象期貨	0	0	0	0	0	0			43.28	16.01	5.19	24.05	10.35	-963	35	7	-729	-921	-19	0	32	-7
841	2	6509	聚和	OTC	CV	電池	CV01	電池	197434	197434		20260914	2	0			0	0	0	0	0	0	65096	2024-05-07	3.61	12.44	3.09	3.52	2.38	-249	62	-7	-78	-194	12	0	4	-6
842	2	4565	宏偉	ROTC	AY	電機	AY01	機械	61740	61740		20260914	3	0			1	0	0	0	0	0			9.73	0	0	0	0	0	0	0	0	0	0	0	0	0
843	2	5529	鉅陞	OTC	BB	營建	BB01	營造工程	105769	105769		20260914	2	0			0	0	0	0	0	0			3.7	6.65	1.62	3.5	1.13	10	0	0	-3	10	-3	0	0	0
844	2	1593	祺驊	OTC	53b12ee9760000004fff0eead0b0f535	運動休閒	AM03	健身	39785	39785		20260914	2	0			0	0	0	0	0	0			3.92	8.03	6.34	6.34	4.57	1	0	0	0	1	-1	0	0	0
845	2	7758	睿騰能源	ROTC	CV	電池	CV01	電池	16100	16100		20260914	3	0			1	0	0	0	0	0			1.34	0	0	0	0	0	0	0	0	0	0	0	0	0
846	2	6696	仁新*	ROTC	AK	生技	AK04	生技其他	835100	835100		20260914	3	0			1	0	0	0	0	0			-32.25	0	0	0	0	0	0	0	0	-789	0	0	0	0
847	2	7708	全家餐飲	OTC	BC	觀光	BC01	餐飲	25500	25500		20260914	2	0			1	0	0	0	0	0			7.52	12.22	5.98	5.84	2.97	-2	0	0	0	-2	0	0	0	0
848	2	7402	邑錡	OTC	BV	安全監控	BV01	安全監控系統	35281	35281		20260914	2	0			0	0	0	0	0	0	74022	2025-07-16	-0.04	0	0.5	0.57	0.48	-45	0	0	-37	-45	31	3	1	0
849	2	2313	華通	TWSE	BL	PCB-製造	BL01	硬板	1233821	1233821		20260914	1	0	FTF	華通期貨	0	0	0	0	0	0			6.21	35.67	1.26	3.1	1.59	6	15	-431	-555	-410	-413	-17	317	-245
850	2	6868	采威國際	ROTC	CL	電腦周邊產品	CL01	電腦及周邊產品	25043	25043		20260914	3	0			1	0	0	0	0	0			-0.95	0	0	0	0	0	0	0	0	0	0	0	0	0
851	2	1733	五鼎	TWSE	AK	生技	AK01	醫療器材	99950	99950		20260914	1	0			0	0	0	0	0	0			1.9	16.21	4.22	2	1.49	-32	0	2	-3	-30	0	-5	5	0
852	2	8473	山林水	TWSE	53b13043c3000000e2c2ca8d2ab4246e	綠能環保	CO01	水資源處理	203803	203803	力麗集團	20260914	1	0			0	0	0	0	0	0	84732	2021-08-12	3.47	11.1	4.8	2.74	1.52	-115	0	6	-370	-109	-307	0	92	0
853	2	2480	敦陽科	TWSE	AE	軟體-系統整合	AE01	系統整合	106360	106360		20260914	1	0			0	0	0	0	0	0			8.76	17.98	4.95	7.76	2.73	57	0	0	18	57	-12	0	0	0
854	2	8101	華冠	TWSE	CI	網通設備	CI03	無線通訊設備	53666	53666		20260914	1	0			1	0	0	1	0	0			-3.16	0	0	-9.91	-4.09	0	0	0	0	0	0	0	0	0
855	2	6278	台表科	TWSE	BL	PCB-製造	BL01	硬板	292398	292398		20260914	1	0	KEF	台表科期貨	0	0	0	0	0	0			9.81	18.9	2.98	3.52	1.52	212	335	-137	16	410	-468	-3	100	-27
856	2	5457	宣德	OTC	BP	連接元件	BP01	連接器	196304	196304		20260914	2	0	PPF	宣德期貨	0	0	0	0	0	0	54573	2023-12-29	0.95	34.4	5.81	-0.06	0.07	-148	0	1	-231	-147	-11	40	80	-5
857	2	2753	八方雲集	TWSE	BC	觀光	BC01	餐飲	69977	69977		20260914	1	0			0	0	0	0	0	0	27532	2025-08-29	14.04	12.69	6.74	5.28	2.77	1	3	-3	-17	1	-1	0	5	0
858	2	6166	凌華	TWSE	BR	工業電腦	BR01	工業電腦	218097	218097		20260914	1	0			0	0	0	0	0	0			5.24	21.47	1.07	5.47	2.21	175	0	-2	86	174	-22	-3	2	0
859	2	3066	李洲	OTC	BI	LED及光元件	BI01	發光二極體	83071	83071		20260914	2	0			0	0	0	0	0	0			6.01	3.87	0	29.12	20.6	-140	0	-1	-67	-141	0	0	11	0
860	2	8163	達方	TWSE	CL	電腦周邊產品	CL01	電腦及周邊產品	280000	280000	明基友達集團	20260914	1	0	KKF	達方期貨	0	0	0	0	0	0			0.59	49.33	1.69	0.47	0.33	41	0	7	-61	48	-18	1	0	-1
861	2	6903	巨漢	OTC	CK	儀器設備工程	CK05	無塵室工程	66676	66676		20260914	2	0			0	0	0	0	0	0	69032	2026-06-22	21.95	13.63	2.87	13.29	8.05	-20	0	36	-10	16	0	-1	7	36
862	2	6918	愛派司	TWSE	AK	生技	AK01	醫療器材	34571	34571		20260914	1	0			0	0	0	0	0	0			5.48	13.38	6.86	4.77	3.51	1	0	0	-8	1	-45	0	0	0
863	2	6679	鈺太	OTC	BF	IC-設計	BF01	IC設計	54975	54975	聯發科集團	20260914	2	0			0	0	0	0	0	0			12.72	15.76	3.34	2.41	2.21	-46	0	-2	-19	-48	6	-1	5	-2
864	2	6698	旭暉應材	TWSE	CE	LCD面板	CE01	TNSTN-LCD	71390	71390	旭暉應材集團	20260914	1	0			0	0	0	0	0	0			-1.83	0	1.61	-6.19	-3.84	15	0	0	-9	15	0	0	5	0
865	2	5015	華祺	OTC	BA	鋼鐵	BA02	不鏽鋼產品	60639	60639		20260914	2	0			0	0	0	0	0	0			1.52	14.47	2.29	1.63	0.95	0	0	0	0	0	0	0	0	0
866	2	6197	佳必琪	TWSE	BP	連接元件	BP02	連接線材	126025	126025		20260914	1	0			0	0	0	0	0	0	61973	2024-08-23	11.95	25.36	2.31	8.92	4.97	-101	0	-26	-104	-127	30	4	84	7
867	2	4566	時碩工業	TWSE	AO	汽車零組件	AO01	汽機車零組件	110679	110679		20260914	1	0			0	0	0	0	0	0	45663	2023-08-07	2.54	25.75	1.05	1.3	0.76	221	0	-1	92	220	-39	-2	48	0
868	2	6667	信紘科	OTC	CK	儀器設備工程	CK02	半導體設備	53479	53479		20260914	2	0			0	0	0	0	0	0			14.83	16.88	4.74	8.12	2.91	-10	0	10	-20	0	27	17	29	-5
869	2	1570	力肯	OTC	AY	電機	AY02	工具機	51501	51501		20260914	2	0			0	0	0	0	0	0			0.69	46.38	3.13	1.52	1.36	-1	0	0	-6	-1	6	0	0	0
870	2	8109	博大	OTC	CJ	電源供應器	CJ01	電源供應器	82161	82161		20260914	2	0			0	0	0	0	0	0			7.45	17.09	3.54	5.81	4.24	0	21	9	4	30	-18	0	26	0
871	2	3702	大聯大	TWSE	BG	IC-通路	BG01	IC零組件通路商	1706602	1706602		20260914	1	0	JPF	大聯大期貨	0	0	0	0	0	0	370201	2025-12-05	12	9.12	3.42	9.16	2.03	704	-238	-270	854	196	105	-110	245	8
872	2	7939	技宸	ROTC	BR	工業電腦	BR01	工業電腦	19580	19580		20260914	3	0			1	0	0	0	0	0			15.17	0	0	0	0	0	0	0	0	0	0	0	0	0
873	2	7750	新代	TWSE	AY	電機	AY01	機械	71782	71782		20260914	1	0			0	0	1	0	0	0			61.08	34.29	0.8	15.25	8.44	-93	0	-13	-70	-106	-40	1	14	-3
874	2	3473	智通聯網	ROTC	CI	網通設備	CI02	網路設備	23424	23424		20260914	3	0			1	0	0	0	0	0			-4.57	0	0	0	0	0	0	0	0	0	0	0	0	0
875	2	4102	永日	OTC	AK	生技	AK03	製藥業	42373	42373		20260914	2	0			0	0	0	0	0	0			-0.02	0	0	0.41	0.37	0	0	0	0	0	0	0	0	0
876	2	6541	泰福-KY	TWSE	AK	生技	AK03	製藥業	265216	265216	潤泰集團	20260914	1	0			0	0	0	0	0	0			-5.71	0	0	-7.41	-4.84	-191	0	0	-74	-191	53	0	81	0
877	2	6789	采鈺	TWSE	CH	光學鏡片	CH02	影像感測元件	318413	318413	台積電集團	20260914	1	0			0	0	0	0	0	0			5.25	85.11	0.67	2.46	2.07	-181	-4	-45	-242	-230	-58	0	119	-46
878	2	7878	藥祇	ROTC	AK	生技	AK03	製藥業	60537	60537		20260914	3	0			1	0	0	0	0	0			-4.87	0	0	0	0	0	0	0	0	-1	0	0	0	0
879	2	3521	台鋼建設	OTC	BR	工業電腦	BR01	工業電腦	185766	185766		20260914	2	0			0	0	0	0	0	0			2.18	7.02	0	-0.14	-0.13	0	0	0	0	0	1	0	0	0
880	2	1235	興泰	TWSE	AR	食品	AR03	飼料	188578	188578		20260914	1	0			0	0	0	0	0	0			-0.34	0	2.66	5.49	3.21	-3	0	0	0	-3	0	0	0	0
881	2	8121	越峰	OTC	BO	被動元件	BO01	電感	212994	212994	台聚集團	20260914	2	0			1	0	0	0	0	0			0.07	330.63	0	-1.05	-0.35	-373	0	-1	-246	-374	0	0	0	-1
882	2	2231	為升	TWSE	AO	汽車零組件	AO01	汽機車零組件	135932	135932		20260914	1	0	ODF	為升期貨	0	0	0	0	0	0			-0.9	0	0.56	-0.95	-0.25	-30	0	-12	-27	-42	-1	2	17	-2
883	2	3499	環天科	OTC	CI	網通設備	CI03	無線通訊設備	54971	54971		20260914	2	0			1	0	0	0	0	0			-1.27	0	0	-4.02	-2.59	-7	0	0	-2	-7	0	0	0	0
884	2	3311	閎暉	TWSE	CS	電子零組件	CS01	電子零組件	100000	100000	華新麗華集團	20260914	1	0			0	0	0	0	0	0			1.93	19.34	1.71	0.94	0.72	51	0	3	218	54	23	4	0	0
885	2	6508	惠光	OTC	AH	化學工業	AH03	農藥及肥料	86539	86539		20260914	2	0			0	0	0	0	0	0			1.01	24.61	1.99	1.84	1.61	3	0	0	-2	3	-5	0	0	0
886	2	3630	新鉅科	OTC	CH	光學鏡片	CH01	光學鏡片與鏡頭	204192	204192	群光藍天集團	20260914	2	0			0	0	0	0	0	0			-1.43	0	0	-3.29	-2.17	38	0	-3	6	35	8	0	0	-3
887	2	4950	金耘國際	OTC	BA	鋼鐵	BA02	不鏽鋼產品	57729	57729		20260914	2	0			1	0	0	0	0	0			0.79	19.94	0	5.14	3.1	0	0	0	0	0	0	0	0	0
888	2	5245	智晶	OTC	CE	LCD面板	CE02	TFT-LCD	45127	45127		20260914	2	0			0	0	0	0	0	0	52452	2024-11-08	-4.16	0	0	-4.52	-1.48	17	0	-35	-16	-18	2	0	0	0
889	2	4577	達航科技	OTC	AY	電機	AY02	工具機	49138	49138		20260914	2	0			0	0	0	0	0	0			-0.04	0	0	0.69	0.56	-15	0	-27	2	-42	1	0	11	-29
890	2	3221	台嘉碩	OTC	BO	被動元件	BO05	石英元件	104989	104989		20260914	2	0			0	0	0	0	0	0			1.01	45.15	0.61	1.94	1.41	-84	0	-96	-190	-179	-3	8	50	-26
891	2	8999	台灣積層	ROTC	AW	塑膠	AW02	塑膠製品	36000	36000		20260914	3	0			1	0	0	0	0	0			4.71	0	0	0	0	0	0	0	0	0	0	0	0	0
892	2	4702	中美實	OTC	AN	汽車	AN01	汽機車	72333	72333		20260914	2	0			0	0	0	0	0	0			2.23	4.16	5.42	1.74	1.5	-5	0	0	-7	-5	-20	0	0	0
893	2	6035	悠遊卡	ROTC	AP	其他	548239c919000000c9a1dc5ad73357c8	電子支付	71460	71460		20260914	3	0			1	0	0	0	0	0			7.91	0	0	0	0	0	0	0	0	0	0	0	0	0
894	2	4729	熒茂	OTC	CE	LCD面板	CE02	TFT-LCD	79227	79227		20260914	2	0			0	0	0	0	0	0			0.45	40.56	0	1.88	1.02	13	0	0	0	13	-1	-1	0	0
895	2	4575	銓寶	ROTC	AY	電機	AY01	機械	38669	38669		20260914	3	0			1	0	0	0	0	0			2.8	0	0	0	0	0	0	0	0	0	0	0	0	0
896	2	1776	展宇	TWSE	AH	化學工業	AH02	合成樹脂	60107	60107		20260914	1	0			0	0	0	0	0	0			0.91	19.34	3.41	2.09	1.39	-8	0	-2	6	-10	0	0	1	0
897	2	1442	名軒	TWSE	BB	營建	BB01	營造工程	366211	366211		20260914	1	0			0	0	0	0	0	0			1.7	17.63	7.96	2.28	1.2	26	0	6	-38	32	29	0	29	0
898	2	4726	永昕	OTC	AK	生技	AK03	製藥業	207022	207022	晟德集團	20260914	2	0			1	0	0	0	0	0			-1.84	0	0	-5.71	-2.26	-90	0	-1	-26	-91	0	0	0	-1
899	2	910322	康師傅-DR	TWSE	AR	食品	AR02	飲料相關	20765	20765	頂新集團	20260914	1	0			1	0	0	0	0	0			7.09	0	0	17.01	5.35	4	0	0	0	4	0	0	0	0
900	2	6770	力積電	TWSE	BH	IC-製造	BH02	晶圓代工	4715615	4715615	力晶集團	20260914	1	0	QZF	力積電期貨	0	0	0	0	0	0			3.31	23.57	0	2.92	1.87	-39065	-11	-2631	-43830	-41706	-2433	-972	1217	-2023
901	2	6206	飛捷	TWSE	BR	工業電腦	BR01	工業電腦	143062	143062		20260914	1	0			0	0	0	0	0	0			9.05	15.25	3.99	8.86	6.69	488	257	6	489	750	-15	-3	0	8
902	2	4506	崇友	OTC	BB	營建	BB02	電梯	177012	177012		20260914	2	0			0	0	0	0	0	0			7.73	15.5	4.42	6.96	3.63	-6	0	-2	-17	-8	0	0	5	-2
903	2	1437	勤益控	TWSE	DB	控股公司	DB01	控股公司	201871	201871		20260914	1	0			0	0	0	0	0	0			4.3	7.36	3.01	3.28	2.13	8	0	-5	0	3	0	0	0	0
904	2	5340	建榮	OTC	AQ	玻璃陶瓷	AQ03	玻纖布	194894	194894		20260914	2	0			0	0	0	0	0	0			1.82	47.2	0.7	4.58	3.47	-210	0	-7	259	-217	-117	-28	95	-7
905	2	1459	聯發	TWSE	AT	紡織纖維	AT02	加工絲	252747	252747		20260914	1	0			0	0	0	0	0	0			2	6.01	1.29	11.56	7.82	-5	0	-15	5	-20	0	0	0	0
906	2	3057	喬鼎	TWSE	CL	電腦周邊產品	CL01	電腦及周邊產品	67865	67865		20260914	1	0			1	0	0	0	0	0			-1.53	0	0	-4.86	-3.45	-3	0	2	-1	-1	0	0	0	0
907	2	4198	欣大健康	OTC	AK	生技	AK01	醫療器材	24108	24108		20260914	2	0			1	0	0	0	0	0	41981	2026-08-06	-1.68	0	0	-4.21	-2.99	0	0	0	0	0	0	0	0	0
908	2	6862	三集瑞-KY	TWSE	BO	被動元件	BO01	電感	50000	50000		20260914	1	0			0	0	0	0	0	0	68621	2026-01-15	6.77	19.62	3.76	1.13	0.77	3	0	-9	0	-6	1	0	0	-9
909	2	6832	金鼎科	ROTC	AP	其他	BA02	不鏽鋼產品	26411	26411		20260914	3	0			1	0	0	0	0	0			6.61	0	0	0	0	0	0	0	0	0	0	0	0	0
910	2	6935	王子製藥	ROTC	AR	食品	AR01	食品加工	47410	47410		20260914	3	0			1	0	0	0	0	0			3.23	0	0	0	0	0	0	0	0	0	0	0	0	0
911	2	3094	聯傑	TWSE	BF	IC-設計	BF01	IC設計	83117	83117	聯電集團	20260914	1	0			0	0	0	0	0	0			0.62	65.97	0.61	2.61	2.32	-132	0	7	-74	-125	-134	-10	1	0
912	2	6222	立軒	OTC	CP	家居	CP01	家居用品	110689	110689		20260914	2	0			0	0	0	0	0	0			-0.32	0	0	-0.33	-0.24	1	0	0	0	1	0	0	0	0
913	2	6818	連騰	ROTC	CI	網通設備	CI02	網路設備	25503	25503		20260914	3	0			1	0	0	0	0	0			4.14	0	0	0	0	0	0	0	0	-2	0	0	0	0
914	2	6239	力成	TWSE	BE	IC-封測	BE01	IC封裝測試	759147	759147		20260914	1	0	KCF	力成期貨	0	0	0	0	0	0			10.1	27.03	1.65	3.9	2.28	-5892	-17	-590	-5960	-6499	775	-7	787	-414
915	2	5905	南仁湖	OTC	BC	觀光	BC03	飯店	281623	281623	三地集團	20260914	2	0			1	0	0	0	0	0			-0.24	0	0	1.12	0.64	-105	0	0	-167	-105	-1	0	0	0
916	2	4523	永彰	OTC	AO	汽車零組件	AO01	汽機車零組件	64949	64949		20260914	2	0			0	0	0	0	0	0			27.14	0.9	10.96	-2.71	-1.61	-21	0	0	-15	-21	8	0	0	0
917	2	4111	濟生	OTC	AK	生技	AK02	應用生技	59832	59832		20260914	2	0			0	0	0	0	0	0			3.15	9.11	4.51	3.13	2.23	-4	0	0	0	-4	1	0	0	0
918	2	6856	鑫傳	OTC	CX	文化創意	CX01	文化創意	28200	28200		20260914	2	0			1	0	0	0	0	0			3.01	13.62	7.32	2.4	1.85	-1	0	0	0	-1	0	0	0	0
919	2	3276	宇環	OTC	BL	PCB-製造	BL01	硬板	69713	69713		20260914	2	0			0	0	0	0	0	0			0.22	63.18	0.43	0.12	0.1	-41	0	0	-13	-41	-10	0	0	0
920	2	6139	亞翔	TWSE	CK	儀器設備工程	CK05	無塵室工程	235576	235576		20260914	1	0	UBF	亞翔期貨	0	0	0	0	0	0	61394	2023-12-14	49.75	14.28	3.24	16.81	4.8	-987	-101	-204	-1356	-1293	12	-19	773	-146
921	2	7898	乾瞻	ROTC	BF	IC-設計	BF02	矽智財	30039	30039		20260914	3	0			1	0	0	0	0	0			-7.66	0	0	0	0	0	0	0	0	0	0	0	0	0
922	2	6669	緯穎	TWSE	507b7d657300000014048ace52150ac7	伺服器	507b7d1edf0000007fb3d61dc52205d2	伺服器組裝代工	560891	560891	緯創集團	20260914	1	0	PVF	緯穎期貨	0	0	0	0	0	0	66691		313.52	7.41	7.11	10.79	3.36	-501	63	18	-405	-420	21	17	209	10
923	2	6428	淘米	ROTC	CI	網通設備	CI02	網路設備	17683	17683		20260914	3	0			1	0	0	0	0	0			1.75	0	0	0	0	0	0	0	0	0	0	0	0	0
924	2	4128	中天	OTC	AK	生技	AK03	製藥業	588171	588171	中天生技集團	20260914	2	0	RDF	中天期貨	0	0	0	0	0	0			0.9	16.29	0	7.28	6.05	-125	0	0	-105	-125	-30	-9	115	0
925	2	9951	皇田	OTC	AY	電機	AY01	機械	73300	73300	大億企業集團	20260914	2	0			0	0	0	0	0	0			5.67	8.63	6.64	2.07	1.27	-8	0	0	-16	-8	-4	0	9	0
926	2	6940	格斯科技*	ROTC	CS	電子零組件	CV01	電池	320513	320513		20260914	3	0			1	0	0	0	0	0			-7.03	0	0	0	0	0	0	0	0	0	0	0	0	0
927	2	3580	友威科	OTC	BE	IC-封測	BE03	IC封裝測試設備	39471	39471	泛鴻海集團	20260914	2	0			0	0	0	0	0	0			1.62	51.36	1.44	3.16	1.81	-58	0	0	-21	-58	-16	-1	0	0
928	2	7761	三大未來	ROTC	AP	其他	CO02	廢棄物處理	28900	28900		20260914	3	0			1	0	0	0	0	0			0.17	0	0	0	0	0	0	0	0	0	0	0	0	0
929	2	5525	順天	TWSE	BB	營建	BB01	營造工程	318105	318105		20260914	1	0			0	0	0	0	0	0			3.89	5.66	5.47	6.95	2.14	-16	0	0	-3	-16	-12	0	1	0
930	2	5487	通泰	OTC	BF	IC-設計	BF01	IC設計	24223	24223		20260914	2	0			0	0	0	0	0	0			-0.1	0	0	-0.35	-0.32	0	0	0	0	0	-1	0	0	0
931	2	6899	創為精密	OTC	CE	LCD面板	CE02	TFT-LCD	42398	42398		20260914	2	0			0	0	0	0	0	0			4.45	11.25	5.66	2.68	2.1	-2	0	0	0	-2	0	0	0	0
932	2	2382	廣達	TWSE	507b7d657300000014048ace52150ac7	伺服器	507b7d1edf0000007fb3d61dc52205d2	伺服器組裝代工	4107627	4107627	廣達集團	20260914	1	0	DKF	廣達期貨	0	0	0	0	0	0			22.95	14.66	4.64	12.11	1.68	666	957	98	1221	1721	-151	0	238	81
933	2	7796	擷發科	ROTC	BF	IC-設計	BF02	矽智財	22963	22963		20260914	3	0			1	0	0	0	0	0			-14.41	0	0	0	0	0	0	0	0	-10	0	0	0	0
934	2	3716	中化控股	TWSE	AK	生技	AK03	製藥業	150579	150579		20260914	1	0			0	0	0	0	0	0			4.09	9.67	2.95	2.35	1.55	-66	0	-12	15	-78	-17	0	8	-10
935	2	6844	諾貝兒	OTC	AK	生技	AK04	生技其他	37428	37428		20260914	2	0			1	0	0	0	0	0			3.29	18.17	6.71	0.55	0.44	0	0	0	0	0	0	0	0	0
936	2	6129	普誠	OTC	BF	IC-設計	BF01	IC設計	180944	180944		20260914	2	0			1	0	0	0	0	0			-0.53	0	0	-0.27	-0.16	0	0	0	0	0	0	0	0	0
937	2	6901	鑽石投資	TWSE	AK	生技	AK04	生技其他	853950	853950		20260914	1	0			0	0	0	0	0	0			3.43	4.3	0	32.47	32.1	-217	0	0	-104	-217	108	-3	8	0
938	2	2072	世紀風電	TWSE	BA	鋼鐵	BA04	鋼鐵加工	192000	192000		20260914	1	0			0	0	0	0	0	0			16.11	8.6	5.57	3.32	2.51	11	0	0	-121	11	0	0	5	0
939	2	7716	昱臺國際	OTC	AU	航運	AU03	航運其他	22500	22500		20260914	2	0			1	0	0	0	0	0			1.78	13.85	7.26	3.26	2.12	0	0	0	0	0	0	0	0	0
940	2	2706	第一店	TWSE	DB	控股公司	DB01	控股公司	499998	499998	萬華集團	20260914	1	0			0	0	0	0	0	0			0.68	17.94	2.87	1.05	0.9	-36	0	-2	0	-38	3	0	0	0
941	2	2207	和泰車	TWSE	AN	汽車	AN01	汽機車	557103	557103	和泰汽車集團	20260914	1	0			0	0	0	0	0	0			41.01	13.03	3.77	7.06	1.85	20	13	-12	5	20	0	0	9	-12
942	2	7760	享溫馨	TWSE	BC	觀光	BC04	休閒娛樂	66048	66048		20260914	1	0			1	0	0	0	0	0			0.77	48.51	6.15	-0.4	-0.03	-1	0	0	0	-1	0	0	0	0
943	2	2939	永邑-KY	TWSE	AL	百貨	AL03	百貨	45549	45549		20260914	1	0			0	0	0	0	0	0			-1.52	0	0	-2.19	-1.4	-3	0	-453	0	-456	0	0	0	-453
944	2	2597	潤弘	TWSE	BB	營建	BB01	營造工程	310716	310716	潤泰集團	20260914	1	0			0	0	0	0	0	0			11.66	14.49	5.72	8.98	3.37	20	4	2	-23	26	4	0	36	0
945	2	3652	精聯	TWSE	BR	工業電腦	BR01	工業電腦	75098	75098		20260914	1	0			0	0	0	0	0	0			2.05	15.92	3.66	2.85	2	6	0	0	0	6	3	0	5	0
946	2	8937	合騏*	OTC	AN	汽車	AN01	汽機車	441680	441680		20260914	2	0			1	0	0	0	0	0			0.9	491.67	0	-1.99	-0.62	-52	0	4	-1	-48	-2	0	0	4
947	2	2740	華軒	OTC	BC	觀光	BC01	餐飲	16762	16762		20260914	2	0			1	0	0	0	0	0			-3.28	0	0	-10.12	-7.23	0	0	0	0	0	0	0	0	0
948	2	1714	和桐	TWSE	AH	化學工業	AH01	化學工業	991825	991825		20260914	1	0			0	0	0	0	0	0			1.19	13.01	1.17	6.09	4.35	-6236	0	7	-6684	-6229	-2417	-43	3708	-136
949	2	6704	國璽幹細胞	ROTC	AK	生技	AK04	生技其他	105949	105949		20260914	3	0			1	0	0	0	0	0			-1.76	0	0	0	0	0	0	0	0	0	0	0	0	0
950	2	4994	傳奇	TWSE	AG	軟體-遊戲	AG01	軟體遊戲	66383	66383		20260914	1	0			0	0	0	0	0	0			1.42	58.31	3.62	1.81	1.22	0	0	0	0	0	-9	0	0	0
951	2	2603	長榮	TWSE	AU	航運	AU02	貨櫃航運	2165043	2165043	長榮集團	20260914	1	0	CZF	長榮期貨	0	0	0	0	0	0			25.22	9.3	6.82	2.75	1.85	2566	1207	301	2997	4074	-263	9	70	162
952	2	4530	天意能創	OTC	AO	汽車零組件	AO01	汽機車零組件	35795	35795		20260914	2	0			0	0	0	0	0	0			0.34	1292.5	0	-4.17	-2.12	-10	0	0	0	-10	0	0	0	0
953	2	2349	錸德	TWSE	BU	光碟片	BU01	光碟片	693680	693680	錸德集團	20260914	1	0			1	0	0	0	0	0			-0.1	0	0	1.43	0.94	-494	0	0	-207	-494	0	0	0	0
954	2	2101	南港	TWSE	AZ	橡膠	AZ01	輪胎	733935	733935		20260914	1	0			0	0	0	0	0	0			5.56	5.27	2.31	11.21	3.46	-114	0	-39	-73	-153	-8	0	76	0
955	2	3483	力致	OTC	BQ	散熱模組	BQ02	散熱模組	99049	99049		20260914	2	0			0	0	0	0	0	0	34834	2024-04-09	2.92	26.29	3.92	1.06	0.61	12	0	-1	19	12	20	0	53	-1
956	2	4526	東台	TWSE	AY	電機	AY01	機械	254826	254826		20260914	1	0			0	0	0	0	0	0			-1.78	0	3.3	-1.94	-0.53	24	0	-3	-148	21	-213	-50	237	-3
957	2	7713	威力德生醫	OTC	AK	生技	AK01	醫療器材	45479	45479		20260914	2	0			0	0	0	0	0	0	77131	2025-09-01	5.5	13.69	5.47	6.76	3.3	0	0	0	0	0	0	0	0	0
958	2	8098	慶康科技	ROTC	BW	電子-其他	CK02	半導體設備	13235	13235		20260914	3	0			1	0	0	0	0	0			36.14	0	0	0	0	0	0	0	0	0	0	0	0	0
959	2	1512	瑞利	TWSE	AO	汽車零組件	59723caa37000000785f6384ccccd6f7	汽機車零組件(AM)	98183	98183		20260914	1	0			1	0	0	0	0	0			0.19	32.58	0	-0.96	0.15	-2	0	0	0	-2	0	0	0	0
960	2	3005	神基	TWSE	BR	工業電腦	BR01	工業電腦	624866	624866	聯華神通集團	20260914	1	0	SJF	神基期貨	0	0	0	0	0	0			8.45	13.72	5.88	5.98	3.26	181	35	-10	244	206	81	2	162	-1
961	2	6771	平和環保-創	TIB	AP	其他	CO02	廢棄物處理	31180	31180		20260914	4	0			0	0	0	0	0	0	67711	2025-03-28	2.88	14.5	7.66	2.78	1.86	-4	0	1	0	-3	-2	0	0	0
962	2	6446	藥華藥	TWSE	AK	生技	AK03	製藥業	422434	422434		20260914	1	0			0	0	0	0	0	0			19.9	62.68	0.2	7.1	6.02	-253	1	-7	-341	-259	-117	3	166	-8
963	2	6810	新穎生醫	ROTC	AK	生技	AK04	生技其他	49449	49449		20260914	3	0			1	0	0	0	0	0			-4.26	0	0	0	0	0	0	0	0	0	0	0	0	0
964	2	7847	豊漁	ROTC	BC	觀光	BC01	餐飲	29000	29000		20260914	3	0			1	0	0	0	0	0			-8	0	0	0	0	0	0	0	0	0	0	0	0	0
965	2	4123	晟德	OTC	AK	生技	AK03	製藥業	807456	807456	晟德集團	20260914	2	0	NIF	晟德期貨	0	0	0	0	0	0	41239	2026-03-12	1.61	22.74	7.42	-45.92	-33.75	-89	0	7	75	-82	14	-1	126	-2
966	2	6209	今國光	TWSE	CH	光學鏡片	CH01	光學鏡片與鏡頭	182182	182182		20260914	1	0			0	0	0	0	0	0	62093	2025-09-01	2.35	34.63	0.63	3.66	2.5	-987	0	51	-730	-936	26	31	114	57
967	2	8291	尚茂	OTC	BL	PCB-製造	BL03	銅箔基板	17478	17478		20260914	2	0			1	0	0	1	0	0			-1.78	0	0	-11.77	-1.52	-2	0	0	0	-2	0	0	0	0
968	2	3064	泰偉	OTC	AG	軟體-遊戲	AG01	軟體遊戲	13011	13011		20260914	2	0			1	0	0	1	0	0			-2.39	0	0	-10.2	-1.33	0	0	0	0	0	0	0	0	0
969	2	1903	士紙	TWSE	AS	紙業	AS02	家庭用紙	260039	260039	士林紙業集團	20260914	1	0			0	0	0	0	0	0			1.35	34.85	0	-0.38	-0.1	-9	0	0	0	-9	3	0	4	0
970	2	7841	經貿聯網	ROTC	AE	軟體-系統整合	AE01	系統整合	24200	24200		20260914	3	0			1	0	0	0	0	0			3.63	0	0	0	0	0	0	0	0	0	0	0	0	0
971	2	8043	蜜望實	OTC	BO	被動元件	BO02	MLCC	79907	79907		20260914	2	0			0	0	0	0	0	0			4.14	32.93	0.66	1	0.75	-108	0	-10	-100	-118	-13	42	9	-8
972	2	7530	鋒魁科技	ROTC	CS	電子零組件	CK02	半導體設備	46500	46500		20260914	3	0			1	0	0	0	0	0			-3.47	0	0	0	0	0	0	0	0	0	0	0	0	0
973	2	7686	捷立康	ROTC	AK	生技	AK01	醫療器材	50110	50110		20260914	3	0			1	0	0	0	0	0			-8.94	0	0	0	0	0	0	0	0	-20	0	0	0	0
974	2	3297	杭特	OTC	BX	消費性電子	BV01	安全監控系統	36049	36049		20260914	2	0			0	0	0	0	0	0			0.89	29.94	0	4.48	3.66	-2	0	0	0	-2	5	0	0	0
975	2	4587	寶元數控	ROTC	AY	電機	AY06	自動化設備	33000	33000		20260914	3	0			1	0	0	0	0	0			-2.66	0	0	0	0	0	0	0	0	0	0	0	0	0
976	2	7771	綠基	ROTC	BV	安全監控	BV01	安全監控系統	20013	20013		20260914	3	0			1	0	0	0	0	0			4.69	0	0	0	0	0	0	0	0	0	0	0	0	0
977	2	2482	連宇	TWSE	BR	工業電腦	BR01	工業電腦	77883	77883		20260914	1	0			0	0	0	0	0	0			-0.68	0	0.63	-1.64	-1.32	3	0	1	-3	4	4	0	0	0
978	2	3189	景碩	TWSE	BL	PCB-製造	BL04	IC基板	526910	526910	華碩集團,和碩集團	20260914	1	0	IXF	景碩期貨	0	0	0	0	0	0			5.9	152.5	0.18	3.22	2.05	519	160	-97	725	581	306	8	596	-61
979	2	6015	宏遠證	OTC	AD	金融-證券	AD01	證券	415694	415694	三商行集團	20260914	2	0			0	0	0	0	0	0	60152	2023-09-26	4.35	3.88	3.24	15.33	4.66	105	0	0	8	105	123	-9	68	0
980	2	6179	亞通	OTC	BB	營建	BB01	營造工程	178412	178412		20260914	2	0			0	0	0	0	0	0	61794	2024-07-19	0.61	48.97	1.4	3.54	1.38	993	0	-25	-834	968	83	-171	34	-63
981	2	4971	IET-KY	OTC	BH	IC-製造	BH03	砷化鎵代工	47186	47186		20260914	2	0			0	0	0	0	0	0			4.7	137.16	0.15	0.58	0.56	165	0	3	-37	169	-85	7	8	-1
982	2	6533	晶心科	TWSE	BF	IC-設計	BF02	矽智財	57451	57451	聯發科集團	20260914	1	0			0	0	0	0	0	0	65331	2025-07-18	-4.97	0	0	-1.57	-1	16	0	-6	-12	10	-25	40	48	-6
983	2	5520	力泰	OTC	BB	營建	BB03	建材	59975	59975		20260914	2	0			0	0	0	0	0	0			9.84	8.33	8.54	5.15	3.49	1	0	0	0	1	0	0	0	0
984	2	6680	鑫創電子	OTC	BR	工業電腦	BR01	工業電腦	25071	25071		20260914	2	0			0	0	0	0	0	0	66801	2024-07-22	0.94	56.91	0.56	0.01	0.14	0	0	0	0	0	0	0	0	0
985	2	8924	大田	OTC	53b12ee9760000004fff0eead0b0f535	運動休閒	AM02	高爾夫球	83800	83800		20260914	2	0			0	0	0	0	0	0			2.75	18.22	8.58	-1.34	-0.86	13	3	0	-3	16	0	0	4	0
986	2	8016	矽創	TWSE	BF	IC-設計	BF03	驅動IC	120137	120137		20260914	1	0			0	0	0	0	0	0			19.91	13.87	4.14	6.44	4.34	17	34	-7	10	44	-17	0	43	-7
987	2	3465	進泰電子	OTC	BW	電子-其他	BW01	電子其他	42330	42330		20260914	2	0			0	0	0	0	0	0			-0.31	0	0	-0.03	0.32	4	0	0	0	4	0	0	0	0
988	2	2206	三陽工業	TWSE	AO	汽車零組件	AO01	汽機車零組件	773676	773676	三陽集團	20260914	1	0			0	0	0	0	0	0			5.85	10.57	4.85	3.24	1.55	-403	0	-5	26	-408	-20	0	114	0
989	2	2916	滿心	OTC	53b130187d0000003b11a6755a185d27	居家生活	54821a619600000068f861e0ba33627f	居家生活其他	64627	64627		20260914	2	0			0	0	0	0	0	0			3.89	10.32	8.99	3.46	2.55	1	0	0	0	1	0	0	0	0
990	2	5011	久陽	OTC	BA	鋼鐵	BA05	鋼鐵產品	100674	100674	台灣鋼鐵集團	20260914	2	0			0	0	0	0	0	0			-0.39	0	0	-0.21	0.16	-16	0	0	6	-16	-6	0	0	0
991	2	6723	傑智環境	ROTC	53b13043c3000000e2c2ca8d2ab4246e	綠能環保	CO02	廢棄物處理	30039	30039		20260914	3	0			1	0	0	0	0	0			5.84	0	0	0	0	0	0	0	0	0	0	0	0	0
992	2	8107	大億金茂	OTC	AO	汽車零組件	AO01	汽機車零組件	75000	75000	大億企業集團	20260914	2	0			0	0	0	0	0	0			1.26	9.88	0	4.92	2.75	0	0	0	0	0	0	0	0	0
993	2	3416	融程電	TWSE	BR	工業電腦	BR01	工業電腦	84839	84839	華碩集團	20260914	1	0			0	0	0	0	0	0	34163	2023-12-21	8.65	18.64	3.18	5.83	3.79	22	0	0	-15	22	-19	-1	1	0
994	2	3557	嘉威	TWSE	53b130187d0000003b11a6755a185d27	居家生活	CP01	家居用品	84315	84315		20260914	1	0			0	0	0	0	0	0			-0.5	0	1.29	0.64	0.58	1	0	0	0	1	-6	0	1	0
995	2	6114	久威	OTC	BG	IC-通路	BG01	IC零組件通路商	43912	43912		20260914	2	0			0	0	0	0	0	0			3.8	6.15	2.15	0.54	0.44	-8	0	1	-1	-7	3	5	0	1
996	2	6870	騰雲	OTC	CW	電商平台	CW01	電子商務	28583	28583		20260914	2	0			0	0	0	0	0	0	68702	2024-10-14	8.34	35.39	1.69	3.47	1.84	55	0	1	-2	56	65	13	0	0
997	2	6434	達輝光電	ROTC	AP	其他	CF02	光學膜	463602	463602		20260914	3	0			1	0	0	0	0	0			-0.38	0	0	0	0	0	0	0	0	0	0	0	0	0
998	2	5210	寶碩	OTC	AE	軟體-系統整合	AE01	系統整合	82178	82178		20260914	2	0			0	0	0	0	0	0			1.09	25.86	0	2.58	2.23	-71	0	0	-23	-71	58	0	29	0
999	2	8415	大國鋼	OTC	BA	鋼鐵	BA05	鋼鐵產品	1031500	1031500		20260914	2	0			0	0	0	0	0	0			4	8.95	4.22	3.69	2.55	-44	0	55	-19	11	-70	0	14	55
1000	2	6921	嘉雨思-創	TIB	BF	IC-設計	BF01	IC設計	32262	32262		20260914	4	0			1	0	0	0	0	0			-0.6	0	0	-5.32	-4.88	-1	0	-1	0	-2	0	0	0	-1
1001	2	7803	雲象科技-創	TIB	AK	生技	AK01	醫療器材	94413	94413		20260914	4	0			1	0	0	0	0	0			-2.54	0	0	-15.04	-13.11	-2	0	3	-3	1	0	0	0	3
1002	2	1731	美吾華	TWSE	AH	化學工業	AH01	化學工業	132915	132915	美吾華懷特生技集團	20260914	1	0			0	0	0	0	0	0			1.51	13.77	5.87	3.09	2.06	-7	0	0	-11	-7	10	0	0	0
1003	2	3492	長盛	OTC	BP	連接元件	BP01	連接器	35532	35532		20260914	2	0			0	0	0	0	0	0			1.3	14.81	5.76	1.12	0.8	4	0	1	0	5	-34	0	0	1
1004	2	2734	易飛網	OTC	BC	觀光	BC02	旅遊	57260	57260		20260914	2	0			0	0	0	0	0	0			-0.78	0	0	-1.37	-0.83	-1	0	0	0	-1	-2	0	0	0
1005	2	2520	冠德	TWSE	BB	營建	BB01	營造工程	609487	609487		20260914	1	0	HIF	冠德期貨	0	0	0	0	0	0			3.33	10.85	4.44	5.03	2.29	72	0	-17	96	55	-9	0	68	1
1006	2	3485	敘豐	OTC	BH	IC-製造	BH01	IC製造	38501	38501		20260914	2	0			0	0	0	0	0	0			6.57	32.55	2.33	2.44	2.07	6	0	0	-13	6	0	0	0	0
1007	2	3518	柏騰	TWSE	CS	電子零組件	CS01	電子零組件	102467	102467		20260914	1	0			0	0	0	0	0	0	35181	2024-04-24	2.11	13.72	0	-0.22	-0.07	-83	0	0	-39	-83	-98	-17	34	0
1008	2	2114	鑫永銓	TWSE	AZ	橡膠	AZ02	橡膠工業	77992	77992		20260914	1	0			0	0	0	0	0	0			6.26	14.23	5.61	4.11	3.32	2	0	-3	0	-1	0	0	0	0
1009	2	1210	大成	TWSE	AR	食品	AR03	飼料	894767	894767		20260914	1	0	DZF	大成期貨	0	0	0	0	0	0			4.06	12.8	5.76	1.73	0.95	151	0	-7	51	144	-12	0	15	0
1010	2	3029	零壹	TWSE	AF	軟體-其他	AF01	軟體其他	167005	167005		20260914	1	0			0	0	0	0	0	0			6.95	16.62	4.72	6.49	2.58	-946	0	-36	-492	-982	843	14	224	2
1011	2	5223	安力-KY	OTC	CS	電子零組件	CS01	電子零組件	44550	44550		20260914	2	0			0	0	0	0	0	0			-1.35	0	0	-0.43	-0.19	0	0	0	0	0	-3	0	0	0
1012	2	7794	宏碁智新	OTC	BX	消費性電子	BX01	消費性電子產品	28000	28000	宏碁集團	20260914	2	0			1	0	0	0	0	0			2.65	12.99	5.05	5.37	1.9	-4	0	0	-4	-4	0	0	0	0
1013	2	1308	亞聚	TWSE	AW	塑膠	AW01	塑膠原料	593744	593744	台聚集團	20260914	1	0			0	0	0	0	0	0			-1.01	0	1.4	0.27	0.26	84	0	-6	58	79	43	0	61	-6
1014	2	4190	佐登-KY	TWSE	AK	生技	AK02	應用生技	61267	61267		20260914	1	0			0	0	0	0	0	0	41904	2026-05-07	-1.41	0	1.93	-2.92	-0.47	-1	0	0	0	-1	-1	0	0	0
1015	2	7722	LINEPAY	TWSE	53b13081400000008039a015822c2b77	數位雲端	5482289646000000c26187ecbfa0dd33	雲端服務	71616	71616		20260914	1	0			0	0	0	0	0	0			8.39	31.13	0.76	1.48	0.67	-18	0	0	-25	-18	-19	0	6	0
1016	2	5704	老爺知	OTC	BC	觀光	BC03	飯店	58862	58862		20260914	2	0			0	0	0	0	0	0			0.36	162.86	0	-3.01	-2.67	-1	0	0	0	-1	-1	0	1	0
1017	2	3085	新零售	OTC	53b13081400000008039a015822c2b77	數位雲端	CW01	電子商務	69019	69019		20260914	2	0			1	0	0	0	0	0			-0.6	0	0	-1.8	-1.36	0	0	0	0	0	0	0	0	0
1018	2	1788	杏昌	OTC	AK	生技	AK01	醫療器材	44521	44521		20260914	2	0			0	0	0	0	0	0			8.8	14.55	5.47	3.33	2.01	-2	0	0	0	-2	0	0	1	0
1019	2	3661	世芯-KY	TWSE	BF	IC-設計	BF02	矽智財	86303	86303		20260914	1	0	UMF	世芯-KY期貨	0	0	0	0	0	0			72.29	53.53	0.89	3.16	2.2	-2000	-4	-176	-1963	-2180	-123	-26	430	-169
1020	2	4580	捷流閥業	OTC	AY	電機	AY03	機械零組件	46803	46803		20260914	2	0			0	0	0	0	0	0			6.06	13.42	4.93	2.37	1.71	-6	0	-3	-7	-9	-1	0	0	1
1021	2	3527	聚積	OTC	BF	IC-設計	BF03	驅動IC	44445	44445		20260914	2	0			0	0	0	0	0	0			-0.78	0	2	0.29	0.26	-22	0	0	4	-22	-1	0	3	0
1022	2	1611	中電	TWSE	BI	LED及光元件	BI01	發光二極體	322736	322736		20260914	1	0			0	0	0	0	0	0			0.45	25.67	6.93	2.24	1.8	-144	0	17	-73	-127	-25	0	61	0
1023	2	8083	瑞穎	OTC	AY	電機	AY03	機械零組件	35133	35133		20260914	2	0			0	0	0	0	0	0			11.39	13.83	6.35	10.37	7.11	-12	0	0	0	-12	2	0	2	0
1024	2	7853	政美應用	ROTC	CK	儀器設備工程	CK04	半導體檢測	48247	48247		20260914	3	0			1	0	0	0	0	0			-6.72	0	0	0	0	0	0	2	0	14	0	0	0	0
1025	2	6767	台微醫	OTC	AK	生技	AK01	醫療器材	39184	39184		20260914	2	0			1	0	0	0	0	0			-0.43	0	0	-0.7	-0.52	0	0	0	0	0	0	0	0	0
1026	2	5534	長虹	TWSE	BB	營建	BB01	營造工程	315326	315326		20260914	1	0	JWF	長虹期貨	0	0	0	0	0	0	55344	2025-12-26	6.07	13.07	6.84	1.21	0.58	-78	-297	22	-197	-353	-21	0	73	-1
1027	2	1436	華友聯	TWSE	BB	營建	BB01	營造工程	194152	194152		20260914	1	0			0	0	0	0	0	0	14364	2024-12-13	2.93	12.98	13.8	1.42	0.59	22	0	0	-2	22	-1	0	4	0
1028	2	8050	廣積	OTC	BR	工業電腦	BR01	工業電腦	205205	205205	華碩集團	20260914	2	0			0	0	0	0	0	0	80506	2022-10-19	3.67	21.41	3.83	2.5	1.55	238	0	-16	51	222	-157	0	73	-16
1029	2	6902	GOGOLOOK	TWSE	53b13081400000008039a015822c2b77	數位雲端	5482289646000000c26187ecbfa0dd33	雲端服務	35550	35550		20260914	1	0			0	0	0	0	0	0			4.88	25.16	0	7.58	4.38	-44	0	1	-12	-43	18	0	0	0
1030	2	8435	鉅邁	OTC	CO	環境處理	CO01	水資源處理	35200	35200		20260914	2	0			0	0	0	0	0	0			5.42	10.37	6.02	7.03	5.05	0	0	0	0	0	0	0	0	0
1031	2	5474	聰泰	OTC	BX	消費性電子	BX02	視訊會議產品	39757	39757		20260914	2	0			0	0	0	0	0	0			5.85	25.64	2.67	3.98	3.03	26	0	0	24	26	24	0	0	0
1032	2	5907	大洋-KY	TWSE	AL	百貨	AL03	百貨	195531	195531		20260914	1	0			0	0	0	0	0	0			-4.6	0	0	-5.39	-0.44	-51	0	0	3	-51	-21	0	0	0
1033	2	3131	弘塑	OTC	CK	儀器設備工程	CK02	半導體設備	30144	30144		20260914	2	0			0	0	0	0	0	0	31312	2025-07-21	56.95	41.17	1.98	9.02	2.26	-77	-42	-13	-81	-132	25	-7	5	-5
1034	2	1326	台化	TWSE	AI	石化	AI01	石化	5861186	5861186	台塑集團	20260914	1	0	DGF	台化期貨	0	0	0	0	0	0			2.36	29.75	0.85	1.34	1.08	570	-5	-107	562	458	-822	-35	361	-99
1035	2	1541	錩泰	TWSE	AY	電機	AY02	工具機	78800	78800		20260914	1	0			0	0	0	0	0	0			2.69	7.81	0	0.41	0.33	2	0	0	0	2	-9	0	0	0
1036	2	1449	佳和	TWSE	AT	紡織纖維	AT03	紡織纖維	127115	127115		20260914	1	0			0	0	0	0	0	0			-0.19	0	0	0.66	0.51	70	0	0	14	70	60	0	3	0
1037	2	2324	仁寶	TWSE	BY	筆記型電腦	CK03	電子設備	4407147	4407147	金仁寶集團,新金寶集團	20260914	1	0	CGF	仁寶期貨	0	0	0	0	0	0			1.95	18.99	2.91	2.41	0.88	-11204	-58	-719	-10689	-11981	-579	-18	1854	-342
1038	2	9103	美德醫療-DR	TWSE	AK	生技	AK01	醫療器材	205532	205532		20260914	1	0			0	0	0	0	0	0			-1.36	0	0	0.46	0.53	-130	0	-2	-78	-132	37	-4	13	-2
1039	2	6407	相互	ROTC	CS	電子零組件	CS01	電子零組件	75131	75131		20260914	3	0			1	0	0	0	0	0			2.94	0	0	0	0	0	0	0	0	-21	0	0	0	0
1040	2	9944	新麗	TWSE	CP	家居	AT05	不織布	105908	105908		20260914	1	0			0	0	0	0	0	0			0.61	28.06	1.72	1.41	0.96	-8	0	-2	0	-10	1	0	0	0
1041	2	6997	博弘	OTC	53b13081400000008039a015822c2b77	數位雲端	5482289646000000c26187ecbfa0dd33	雲端服務	22101	22101		20260914	2	0			1	0	0	0	0	0			2.03	33.66	6.76	5.95	1.58	0	0	0	0	0	0	0	0	0
1042	2	7846	德揚	ROTC	CK	儀器設備工程	CK02	半導體設備	34412	34412		20260914	3	0			1	0	0	0	0	0			5.68	0	0	0	0	0	0	0	0	0	0	0	0	0
1043	2	4934	太極	TWSE	BS	太陽能	BS01	太陽能	225000	225000		20260914	1	0			1	0	0	0	0	0			-0.82	0	0	-4.28	-3.01	-6	0	-1	-116	-7	0	0	0	0
1044	2	5516	雙喜	OTC	BB	營建	BB01	營造工程	51545	51545		20260914	2	0			1	0	0	0	0	0			1.02	11.52	0	-0.93	0.2	0	0	0	0	0	0	0	0	0
1045	2	3413	京鼎	TWSE	CK	儀器設備工程	CK02	半導體設備	111010	111010	泛鴻海集團	20260914	1	0			0	0	0	0	0	0	34133		20.28	13.92	3.93	3.13	1.91	-622	122	-12	-427	-512	-43	1	345	-12
1046	2	5521	工信	TWSE	BB	營建	BB01	營造工程	492280	492280		20260914	1	0			0	0	0	0	0	0			0.96	11	1.44	3.81	1.66	-104	0	-4	-31	-108	14	0	0	0
1047	2	1760	寶齡富錦	TWSE	AK	生技	AK03	製藥業	85739	85739		20260914	1	0			0	0	0	0	0	0			2.51	21.55	3.7	2.11	1.3	-55	0	0	-33	-55	2	0	32	0
1048	2	7584	樂意	OTC	AG	軟體-遊戲	AG01	軟體遊戲	17055	17055		20260914	2	0			0	0	0	0	0	0			-3.66	0	1.53	0.5	0.37	-1	0	0	2	-1	0	0	0	0
1049	2	7770	君曜	OTC	BF	IC-設計	BF01	IC設計	30062	30062		20260914	2	0			1	0	0	0	0	0			2.76	14.19	5.55	1.11	0.92	0	0	0	0	0	0	0	0	0
1050	2	8054	安國	OTC	BF	IC-設計	BF02	矽智財	108733	108733	神盾集團	20260914	2	0			0	0	0	0	0	0	80541	2026-05-18	-2.07	0	0	-1.54	-0.77	-340	0	-13	-230	-353	17	-3	149	-11
1051	2	6962	奕力-KY	TWSE	BF	IC-設計	BF03	驅動IC	492397	492397	聯發科集團	20260914	1	0			0	0	0	0	0	0			1.51	20.82	3.29	0.07	0.06	275	0	-12	-56	263	-6	-5	30	-12
1052	2	4115	善德生技	ROTC	AK	生技	AK01	醫療器材	60000	60000		20260914	3	0			1	0	0	0	0	0			-0.07	0	0	0	0	0	0	0	0	0	0	0	0	0
1053	2	8429	金麗-KY	TWSE	AP	其他	AP02	鞋業	185747	185747		20260914	1	0			0	0	0	0	0	0			0.09	66.11	0	0.02	0.02	-110	0	0	-28	-110	10	0	0	0
1054	2	1108	幸福	TWSE	AJ	水泥	AJ01	水泥	404738	404738		20260914	1	0			0	0	0	0	0	0			0.68	16.47	8.93	0.35	0.25	-167	0	0	-90	-167	8	0	28	0
1055	2	5514	三豐	OTC	BB	營建	BB01	營造工程	236118	236118		20260914	2	0			0	0	0	0	0	0			0.25	63.13	0	-0.37	-0.16	1	0	0	0	1	0	0	0	0
1056	2	2429	銘旺科	TWSE	BI	LED及光元件	BI01	發光二極體	86100	86100		20260914	1	0			1	0	0	0	0	0			-1.45	0	0	-3.71	-1.25	-6	0	0	4	-6	-3	0	0	0
1057	2	5512	力麒	OTC	BB	營建	BB01	營造工程	766312	766312	力麗集團	20260914	2	0			0	0	0	0	0	0			0.14	55.29	1.29	0.56	0.44	-33	0	0	24	-33	0	0	5	0
1058	2	4559	久裕興	ROTC	53b12ee9760000004fff0eead0b0f535	運動休閒	AM01	自行車	60000	60000		20260914	3	0			1	0	0	0	0	0			0.26	0	0	0	0	0	0	0	0	0	0	0	0	0
1059	2	7855	和運租車	TWSE	AN	汽車	AP01	傳產其他	277305	277305	和泰汽車集團	20260914	1	0			1	0	0	0	0	0			5.9	8.9	7.65	3.72	0.39	54	0	0	-138	54	0	0	0	0
1060	2	3489	森寶	OTC	BB	營建	BB01	營造工程	90452	90452		20260914	2	0			0	0	0	0	0	0			0	0	13.7	0.46	0.13	-28	0	0	0	-28	-4	0	16	0
1061	2	8940	新天地	TWSE	BC	觀光	BC01	餐飲	67491	67491		20260914	1	0			0	0	0	0	0	0			0.53	27.83	0	-2.85	-1.1	1	0	0	-1	1	0	0	0	0
1062	2	1441	大東	TWSE	AT	紡織纖維	AT01	紡織原料	71744	71744		20260914	1	0			1	0	0	0	0	0			-1.98	0	0	-15.03	-3.95	-2	0	0	-3	-2	0	0	0	0
1063	2	6996	力領科技	OTC	BF	IC-設計	CC01	顯示器	42090	42090		20260914	2	0			0	0	0	0	0	0			15.17	10.96	6.06	7.37	5.4	-20	0	-5	-11	-24	-24	0	4	-5
1064	2	8105	凌巨	TWSE	CE	LCD面板	CE02	TFT-LCD	441545	441545		20260914	1	0			0	0	0	0	0	0			0.86	17.03	0	0.87	0.66	224	0	1	220	226	25	-50	21	1
1065	2	8114	振樺電	TWSE	BR	工業電腦	BR01	工業電腦	76777	76777		20260914	1	0			0	0	0	0	0	0	81143		13.32	12.65	6.46	5.17	3.46	220	-238	0	-19	-18	-9	-26	3	0
1066	2	4942	嘉彰	TWSE	CS	電子零組件	CS01	電子零組件	142368	142368		20260914	1	0			0	0	0	0	0	0			2.91	11	6.27	0.4	0.33	-69	0	0	-37	-69	2	2	7	0
1067	2	2062	橋椿	TWSE	53b130187d0000003b11a6755a185d27	居家生活	CP01	家居用品	199994	199994		20260914	1	0			0	0	0	0	0	0			0.27	64.64	5.52	0.51	0.41	-94	0	1	-35	-93	-4	0	0	0
1068	2	2367	燿華	TWSE	BL	PCB-製造	BL01	硬板	706253	706253		20260914	1	0	VBF	燿華期貨	0	0	0	0	0	0	23673		-0.65	0	0.49	-1.33	-0.48	617	0	-72	371	545	-36	29	105	-10
1069	2	6599	普達系統	ROTC	CL	電腦周邊產品	BZ01	電腦通路商	21000	21000		20260914	3	0			1	0	0	0	0	0			5.02	0	0	0	0	0	0	0	0	0	0	0	0	0
1070	2	2724	藝舍-KY	OTC	BC	觀光	BC03	飯店	59656	59656		20260914	2	0			1	0	0	0	0	0			-0.2	0	0	4.75	4.04	0	0	0	0	0	0	0	0	0
1071	2	1343	旭東環保	ROTC	AW	塑膠	AW02	塑膠製品	40514	40514		20260914	3	0			1	0	0	0	0	0			-0.88	0	0	0	0	0	0	0	0	0	0	0	0	0
1072	2	6986	和迅	OTC	AK	生技	AK01	醫療器材	52134	52134		20260914	2	0			1	0	0	0	0	0			2.52	18.14	0.54	4.17	3.8	-3	0	0	0	-3	0	0	0	0
1073	2	6538	倉和	OTC	BS	太陽能	BS01	太陽能	38936	38936		20260914	2	0			1	0	1	0	1	1	65381	2025-03-21	1.8	211.49	0.42	2.32	1.59	-10	0	16	129	6	-94	-203	32	35
1074	2	2528	皇普	TWSE	BB	營建	BB01	營造工程	502829	502829		20260914	1	0			0	0	0	0	0	0	25284	2024-08-05	2.44	8.05	15.15	4.49	1.59	-55	16	-5	-4	-44	-18	0	28	0
1075	2	2030	彰源	TWSE	BA	鋼鐵	BA01	不鏽鋼加工	280526	280526		20260914	1	0			0	0	0	0	0	0			1.95	11.99	2.13	5.59	2.51	-11	0	16	-36	5	-186	5	1	0
1076	2	1315	達新	TWSE	AW	塑膠	AW02	塑膠製品	99099	99099		20260914	1	0			0	0	0	0	0	0			2.45	27.17	6.79	0.26	0.24	2	0	0	0	2	-12	0	0	0
1077	2	6676	祥翊	ROTC	AK	生技	AK04	生技其他	169685	169685		20260914	3	0			1	0	0	0	0	0			-3.95	0	0	0	0	0	0	0	0	0	0	0	0	0
1078	2	2897	王道銀行	TWSE	AC	金融-銀行	AC01	銀行	3055358	2805358		20260914	1	0			0	0	0	0	0	0			0.84	13.75	4.73	2.19	0.2	1863	0	-66	988	1797	10	0	0	0
1079	2	2890	永豐金	TWSE	AA	金融-金控	AA01	金控	14782169	14782169	永豐餘集團	20260914	1	0	DEF	永豐金期貨	0	0	0	0	0	0			2.73	16.49	2.97	5.04	0.35	-2754	7980	755	4080	5982	265	4	2045	599
1080	2	3252	海灣	OTC	BC	觀光	BC03	飯店	76149	76149		20260914	2	0			0	0	0	0	0	0			-0.06	0	0	-0.44	0.12	-2	0	-1	0	-3	2	0	0	0
1081	2	3629	地心引力	OTC	AG	軟體-遊戲	AG01	軟體遊戲	32955	32955		20260914	2	0			1	0	0	1	1	0			-0.37	0	0	-6.28	-4.82	0	0	0	0	0	0	0	0	0
1082	2	2348	海悅	TWSE	BB	營建	BB04	地產代銷	189486	159486		20260914	1	0			0	0	0	0	0	0			4.66	16.78	7.82	1.74	0.59	-14	0	-3	-50	-17	-68	0	7	-1
1083	2	8089	康全電訊	OTC	CI	網通設備	CI01	光通訊設備	65999	65999		20260914	2	0			0	0	0	0	0	0			-3.04	0	0	-3.36	-2.27	24	0	0	4	24	-1	0	0	0
1084	2	6199	天品	OTC	AP	其他	AP01	傳產其他	61760	61760		20260914	2	0			0	0	0	0	0	0	61994	2025-12-02	2.72	36.18	0	5.47	3.25	-38	0	-3	0	-41	231	54	38	-3
1085	2	3128	昇銳	OTC	BW	電子-其他	BV01	安全監控系統	50157	50157		20260914	2	0			0	0	0	0	0	0	31283		1.17	17.35	5.01	-0.24	-0.03	-1	0	0	2	-1	-2	0	2	0
1086	2	9911	櫻花	TWSE	53b130187d0000003b11a6755a185d27	居家生活	CP01	家居用品	222332	222332		20260914	1	0			0	0	0	0	0	0			6.49	12.68	6.11	4.65	2.77	5	0	-7	-39	-2	0	0	8	0
1087	2	3373	熱映	OTC	AK	生技	AK01	醫療器材	47619	47619	凌陽集團	20260914	2	0			0	0	0	0	0	0			-0.74	0	6.94	-0.53	-0.49	-2	0	0	3	-2	-7	0	2	0
1088	2	3704	合勤控	TWSE	CI	網通設備	CI02	網路設備	415445	415445		20260914	1	0			0	0	0	0	0	0			3.36	12.13	0.99	4.33	2.08	-542	0	-92	-402	-634	126	14	429	-80
1089	2	2607	榮運	TWSE	AU	航運	AU03	航運其他	533571	533571	長榮集團	20260914	1	0			0	0	0	0	0	0			4.59	10.64	5.07	2.81	2.01	103	0	-10	16	93	-2	0	0	0
1090	2	910861	神州-DR	TWSE	AE	軟體-系統整合	AE01	系統整合	34567	34567		20260914	1	0			1	0	0	0	0	0			-0.84	0	0	1.68	0.97	8	0	0	10	8	0	0	0	0
1091	2	6552	易華電	TWSE	BL	PCB-製造	BL04	IC基板	83000	83000		20260914	1	0			0	0	0	0	0	0	65521	2021-08-18	-13.08	0	0	-0.96	-0.54	3	0	-1	-15	2	-2	0	0	0
1092	2	2608	嘉里大榮	TWSE	AU	航運	AU03	航運其他	467000	467000		20260914	1	0			0	0	0	0	0	0			1.92	15.05	5.71	2.19	1.28	-113	0	5	89	-107	1	0	0	0
1093	2	3044	健鼎	TWSE	BL	PCB-製造	BL01	硬板	525606	525606		20260914	1	0	LBF	健鼎期貨	0	0	0	0	0	0			23.34	21.77	2.5	6.83	3.69	293	343	5	387	641	-3	5	25	11
1094	2	2355	敬鵬	TWSE	BL	PCB-製造	BL01	硬板	397495	397495		20260914	1	0	MBF	敬鵬期貨	0	0	0	0	0	0			1.9	21.84	2.41	1.02	0.76	295	0	9	157	304	6	-2	9	5
1095	2	5607	遠雄港	TWSE	AU	航運	AU03	航運其他	370553	370553	遠雄集團	20260914	1	0			0	0	0	0	0	0			3.65	14.52	3.4	3.93	1.9	607	0	-1	236	606	-39	0	0	0
1096	2	1535	中宇	TWSE	AY	電機	AY04	機電工程	123743	123743	中鋼集團	20260914	1	0			0	0	0	0	0	0			3.77	11.92	6.66	2.81	1.48	-3	0	-3	-12	-6	-1	0	0	0
1097	2	7925	健生	ROTC	AO	汽車零組件	AO01	汽機車零組件	65600	65600		20260914	3	0			1	0	0	0	0	0			8	0	0	0	0	0	0	0	0	0	0	0	0	0
1098	2	1717	長興	TWSE	AH	化學工業	AH02	合成樹脂	1184245	1184245		20260914	1	0	QOF	長興期貨	0	0	0	0	0	0	17172	2026-04-21	1.9	37.32	1.41	2.79	1.47	-245	-1	-189	-797	-435	-193	1	420	-107
1099	2	6504	南六	TWSE	AT	紡織纖維	AT05	不織布	72600	72600		20260914	1	0			0	0	0	0	0	0			1.56	23.53	2.72	-0.18	0.12	-6	0	0	0	-6	1	0	0	0
1100	2	1451	年興	TWSE	AT	紡織纖維	AT04	成衣	198000	198000		20260914	1	0			0	0	0	0	0	0			1.52	11.26	5.88	0.5	0.43	3	0	0	-41	3	-19	0	0	0
1101	2	6411	晶焱	OTC	BF	IC-設計	BF01	IC設計	99505	99505		20260914	2	0			0	0	0	0	0	0			4.28	18.4	2.87	3.14	2.37	-19	0	3	-15	-16	16	0	15	-1
1102	2	2641	正德	OTC	AU	航運	AU01	散裝航運	330334	330334		20260914	2	0			0	0	0	0	0	0	26418	2025-06-25	2.34	7.66	2.82	2.36	1.75	438	0	-2	-148	436	-363	-1	40	-2
1103	2	7765	中華資安	TWSE	53b13081400000008039a015822c2b77	數位雲端	5482289646000000c26187ecbfa0dd33	雲端服務	40681	40681		20260914	1	0			0	0	0	0	0	0			11.83	19.05	4.43	5.5	3.75	-15	0	-1	2	-16	11	0	10	0
1104	2	6812	梭特	ROTC	BW	電子-其他	CK02	半導體設備	30585	30585		20260914	3	0			1	0	0	0	0	0			-1.29	0	0	0	0	0	0	0	0	3	0	0	0	0
1105	2	6936	永鴻生技	TWSE	AK	生技	AH03	農藥及肥料	72804	72804		20260914	1	0			0	0	0	0	0	0			2.24	14.28	4.76	2.9	2.26	-2	0	-2	-7	-4	0	0	0	0
1106	2	3515	華擎	TWSE	CG	板卡	CG01	板卡	123521	123521	華碩集團,和碩集團	20260914	1	0			0	0	0	0	0	0			15.47	13.37	5.31	5.42	2.66	-991	0	-41	-204	-1032	-64	139	203	-44
1107	2	7871	安立璽榮-KY	ROTC	AK	生技	AK03	製藥業	134278	134278		20260914	3	0			1	0	0	0	0	0			-57.41	0	0	0	0	0	0	0	0	141	0	0	0	0
1108	2	3023	信邦	TWSE	BP	連接元件	BP02	連接線材	240069	240069		20260914	1	0			0	0	0	0	0	0			13.37	24.08	3.11	5.31	2.73	43	22	3	18	68	-27	0	54	1
1109	2	7835	永悅健康-創	TIB	AK	生技	AK02	應用生技	46544	46544		20260914	4	0			1	0	0	0	0	0			-4.1	0	0	-25.65	-8.26	-1	0	0	-2	-1	0	0	0	0
1110	2	3715	定穎投控	TWSE	DB	控股公司	BL01	硬板	283575	283575		20260914	1	0			0	0	0	0	0	0	37152	2025-11-03	-0.74	0	0.88	-2.34	-0.27	-254	0	-116	-300	-371	-137	-25	212	-74
1111	2	6231	系微	OTC	AF	軟體-其他	AF01	軟體其他	45652	45652		20260914	2	0			0	0	0	0	0	0			7.54	27.65	2.73	8.48	4.33	-113	0	1	-179	-112	-55	0	78	1
1112	2	4532	瑞智	TWSE	AY	電機	AY01	機械	494895	494895	聲寶集團	20260914	1	0			0	0	0	0	0	0			1.87	12.41	6.4	2.32	0.93	-247	17	-1	-240	-231	1	0	1	0
1113	2	2601	益航	TWSE	AL	百貨	AL03	百貨	824776	824776		20260914	1	0			1	0	0	0	0	0			-1.58	0	0	-2.08	-1.08	162	0	0	-49	162	-30	0	0	0
1114	2	6283	淳安	TWSE	CS	電子零組件	CS01	電子零組件	147581	147581		20260914	1	0			0	0	0	0	0	0			-0.26	0	0	-3.89	-2.79	-90	0	0	-36	-90	26	0	4	0
1115	2	2354	鴻準	TWSE	CS	電子零組件	CS01	電子零組件	1414485	1414485	泛鴻海集團	20260914	1	0	GCF	鴻準期貨	0	0	0	0	0	0			2.36	27.84	2.28	0.8	0.57	7731	-4	544	6424	8270	-251	23	135	511
1116	2	2509	全坤建	TWSE	BB	營建	BB01	營造工程	224551	224551		20260914	1	0			0	0	0	0	0	0			-0.75	0	0	-0.4	0.12	-4	0	-1	-10	-5	39	0	11	0
1117	2	6907	雅特力-KY	OTC	BF	IC-設計	DC01	MCU	62563	62563	聯電集團	20260914	2	0			0	0	0	0	0	0			5.3	36.14	0.55	11.24	7.55	-5	0	-4	-256	-9	-225	4	37	-15
1118	2	2305	全友	TWSE	BX	消費性電子	BX03	掃描器	205661	205661		20260914	1	0			0	0	1	0	0	0			0.82	50.06	0	4.42	3.43	910	0	19	-2648	928	277	17	105	2
1119	2	2707	晶華	TWSE	BC	觀光	BC01	餐飲	127403	127403		20260914	1	0			0	0	0	0	0	0			14.44	12.29	6.06	9.62	3.79	-6	0	0	10	-6	-7	0	4	0
1120	2	1236	宏亞	TWSE	AR	食品	AR01	食品加工	86674	86674		20260914	1	0			0	0	0	0	0	0			-0.07	0	6.32	-1.33	-0.93	-4	0	-1	0	-5	0	0	1	0
1121	2	6173	信昌電	OTC	BO	被動元件	BO02	MLCC	171200	171200	華新麗華集團	20260914	2	0	PKF	信昌電期貨	0	0	1	0	0	0			5.3	54.61	0.62	3.21	2.71	1569	0	503	-1110	2072	1563	2033	123	-148
1122	2	9930	中聯資源	TWSE	53b13043c3000000e2c2ca8d2ab4246e	綠能環保	CO02	廢棄物處理	248540	248540	中鋼集團	20260914	1	0			0	0	0	0	0	0			4.43	14.03	6.45	3.97	2.44	-18	0	-3	-23	-21	0	0	4	-1
1123	2	2254	巨鎧精密-創	TIB	BI	LED及光元件	BI01	發光二極體	63908	63908		20260914	4	0			0	0	0	0	0	0			-3.13	0	0	-6.82	-2.85	-9	0	-200	0	-209	319	0	0	-200
1124	2	7578	利百景	ROTC	AP	其他	CO02	廢棄物處理	60073	60073		20260914	3	0			1	0	0	0	0	0			0.55	0	0	0	0	0	0	0	0	0	0	0	0	0
1125	2	8404	百和興業-KY	TWSE	AP	其他	AP02	鞋業	419934	419934		20260914	1	0			0	0	0	0	0	0	84041	2025-04-01	0.83	16.55	3.6	-0.42	0.34	119	0	0	-134	119	-250	0	46	0
1126	2	8042	金山電	OTC	BO	被動元件	BO03	電容	133569	133569		20260914	2	0			0	0	0	0	0	0	80426	2025-10-08	3.82	29.58	1.06	2.05	1.06	-155	0	-101	-1333	-256	-1134	10	113	-90
1127	2	8112	至上	TWSE	BG	IC-通路	BG01	IC零組件通路商	595883	565883		20260914	1	0	SKF	至上期貨	0	0	0	0	0	0	811211	2026-05-20	13.86	6.4	4.49	13.28	2.63	-1117	0	59	-1413	-1058	-78	-11	524	-18
1128	2	5863	瑞興銀	ROTC	AC	金融-銀行	AC01	銀行	326606	326606		20260914	3	0			1	0	0	0	0	0			0.75	0	0	0	0	0	0	0	0	0	0	0	0	0
1129	2	2368	金像電	TWSE	BL	PCB-製造	BL01	硬板	530595	530595		20260914	1	0	RKF	金像電期貨	0	0	0	0	0	0	23682	2023-10-20	28.58	36.97	0.95	12.41	5.33	1692	-1072	-95	266	526	-336	3	26	-46
1130	2	2495	普安	TWSE	CL	電腦周邊產品	CL01	電腦及周邊產品	273552	273552		20260914	1	0			0	0	0	0	0	0			2.03	18.45	2.14	1.63	1.12	-104	0	-17	-112	-122	-68	-1	36	-17
1131	2	6741	91APP*-KY	OTC	53b13081400000008039a015822c2b77	數位雲端	CW01	電子商務	120578	120578		20260914	2	0			0	0	0	0	0	0			4.74	13.01	3.52	4.28	2.56	-118	0	-1	3	-119	2	0	0	-1
1132	2	2331	精英	TWSE	CL	電腦周邊產品	CL01	電腦及周邊產品	557403	557403	大同集團	20260914	1	0	FVF	精英期貨	0	0	0	0	0	0			1	18.51	0	2.13	1.1	190	0	-20	25	170	-129	-119	55	-17
1133	2	3026	禾伸堂	TWSE	BO	被動元件	BO02	MLCC	165890	165890		20260914	1	0			0	0	0	0	0	0			10.25	72.59	0.78	5.99	3.73	-897	758	37	-896	-103	-911	-47	963	1
1134	2	6146	耕興	OTC	CK	儀器設備工程	CK04	半導體檢測	101867	101867		20260914	2	0			0	0	0	0	0	0			11.42	15.69	6.7	5.11	3.7	-108	0	-1	-39	-109	-1	0	61	-1
1135	2	3346	麗清	TWSE	BI	LED及光元件	BI01	發光二極體	121228	121228		20260914	1	0			0	0	0	0	0	0	33466	2024-10-15	-0.1	0	0.56	-0.62	0.01	-264	0	5	-300	-259	25	3	90	0
1136	2	4952	凌通	TWSE	BF	IC-設計	BF01	IC設計	108816	108816	凌陽集團	20260914	1	0			0	0	0	0	0	0			1.77	26.54	2.12	5.85	4.31	-46	0	2	-36	-44	5	0	10	0
1137	2	8011	台通	TWSE	CI	網通設備	CI01	光通訊設備	165922	165922	泛鴻海集團	20260914	1	0			0	0	0	0	0	0			0.75	21.01	4.5	0.86	0.65	104	0	0	39	104	35	0	1	0
1138	2	4107	邦特	OTC	AK	生技	AK01	醫療器材	69298	69298		20260914	2	0			0	0	0	0	0	0			8.5	13.16	4.91	4.41	3.17	-18	0	1	-12	-17	-1	0	0	1
1139	2	3587	閎康	OTC	CK	儀器設備工程	CK04	半導體檢測	71685	71685		20260914	2	0			0	0	0	0	0	0	35872	2025-12-23	6.99	35.87	1.78	1.03	0.7	-61	0	-8	-124	-69	-96	1	55	-9
1140	2	1269	乾杯	ROTC	BC	觀光	BC01	餐飲	20882	20882		20260914	3	0			1	0	0	0	0	0			3.51	0	0	0	0	0	0	0	0	0	0	0	0	0
1141	2	1513	中興電	TWSE	AY	電機	AY04	機電工程	503113	503113		20260914	1	0	SDF	中興電期貨	0	0	0	0	0	0			8.89	18.56	3.64	5.92	2.67	341	0	-47	456	293	-59	-1	23	-14
1142	2	6415	矽力*-KY	TWSE	BF	IC-設計	BF01	IC設計	390092	390092		20260914	1	0			0	0	0	0	0	0			9.88	40.71	0.64	3.94	3.36	-477	-8	-4	-59	-489	-20	-2	28	-4
1143	2	4560	強信-KY	TWSE	AY	電機	AY03	機械零組件	68097	68097		20260914	1	0			0	0	0	0	0	0			2.96	9.95	6.79	2.15	1.7	-15	0	2	0	-13	3	0	10	0
1144	2	9925	新保	TWSE	AP	其他	AP01	傳產其他	387490	387490	新光集團	20260914	1	0			0	0	0	0	0	0			3.02	13.1	5.06	3.91	2.84	-122	0	-13	-64	-135	-1	0	0	0
1145	2	3444	利機	OTC	BG	IC-通路	BG01	IC零組件通路商	44997	44997		20260914	2	0			0	0	0	0	0	0			1.99	39.55	2.29	2.77	1.86	8	0	-29	-30	-22	-11	0	0	-1
1146	2	7551	知識科技	ROTC	CI	網通設備	CI02	網路設備	12100	12100		20260914	3	0			1	0	0	0	0	0			-2.7	0	0	0	0	0	0	0	0	0	0	0	0	0
1147	2	6641	基士德-KY	TWSE	53b13043c3000000e2c2ca8d2ab4246e	綠能環保	CO01	水資源處理	36500	36500		20260914	1	0			0	0	0	0	0	0			0.8	20.86	2.37	0.46	0.34	-5	0	1	0	-5	0	0	0	0
1148	2	1605	華新	TWSE	BA	鋼鐵	BA01	不鏽鋼加工	4431333	4431333	華新麗華集團	20260914	1	0	CSF	華新期貨	0	0	0	0	0	0			3.32	11.33	1.34	4.63	2.88	1557	263	-381	-177	1439	22	-25	6	-321
1149	2	7455	樺緯物聯	ROTC	BX	消費性電子	BX01	消費性電子產品	25500	25500	泛鴻海集團	20260914	3	0			1	0	0	0	0	0			7.39	0	0	0	0	0	0	0	0	0	0	0	0	0
1150	2	6585	鼎基	TWSE	AW	塑膠	AW02	塑膠製品	72485	72485		20260914	1	0			0	0	0	0	0	0	65852	2023-09-13	7.75	13.27	4.37	5.56	4.13	-65	0	-2	-4	-67	25	-31	11	0
1151	2	6589	台康生技	TWSE	AK	生技	AK03	製藥業	303355	303355		20260914	1	0			0	0	0	0	0	0			-1.88	0	0	-2.42	-1.81	-412	0	0	-430	-412	93	0	128	0
1152	2	2393	億光	TWSE	BI	LED及光元件	BI01	發光二極體	443393	443393		20260914	1	0	GMF	億光期貨	0	0	0	0	0	0			4.7	13.24	7.25	2.82	1.87	32	41	-15	-48	58	2	-9	24	-10
1153	2	8069	元太	OTC	CC	顯示器	CC01	顯示器	1154862	1154862	永豐餘集團	20260914	2	0	NVF	元太期貨	0	0	0	0	0	0			10.28	14.2	4.03	5.27	3.33	-229	-29	-35	-580	-294	-136	-12	303	13
1154	2	2491	吉祥全	TWSE	BI	LED及光元件	BI01	發光二極體	82008	82008		20260914	1	0			0	0	0	0	0	0			31.98	1.24	0	91.86	76.12	229	0	9	-122	238	-49	6	0	0
1155	2	4545	銘鈺	TWSE	CS	電子零組件	CS01	電子零組件	77000	77000		20260914	1	0			0	0	0	0	0	0			0.86	37.91	0.4	1.03	0.7	-58	0	39	-50	-19	29	1	4	0
1156	2	1603	華電	TWSE	AX	電線電纜	AX01	電線電纜	191688	191688		20260914	1	0			0	0	0	0	0	0			2.79	10.75	6.67	2.14	1.46	-8	0	0	7	-8	11	0	1	0
1157	2	3055	蔚華科	TWSE	CK	儀器設備工程	CK02	半導體設備	114975	114975		20260914	1	0			1	0	1	0	1	1			-1.13	0	0.32	0.57	0.49	-641	0	-61	-746	-703	-20	316	66	-57
1158	2	5538	東明-KY	TWSE	BA	鋼鐵	BA02	不鏽鋼產品	201203	201203		20260914	1	0			0	0	0	0	0	0			4.35	8.21	4.2	4.11	2.3	-8	0	2	0	-6	-13	0	0	0
1159	2	3528	安馳	TWSE	BG	IC-通路	BG01	IC零組件通路商	66639	66639		20260914	1	0			0	0	0	0	0	0			9.1	9	1.69	8.12	1.64	-27	0	1	-14	-26	13	0	3	0
1160	2	6518	康科特	ROTC	AP	其他	AK01	醫療器材	33333	33333		20260914	3	0			1	0	0	0	0	0			4.21	0	0	0	0	0	0	0	0	0	0	0	0	0
1161	2	6662	樂斯科	OTC	AK	生技	AK04	生技其他	25612	25612		20260914	2	0			1	0	0	0	0	0			1.6	17.81	5.44	2.45	1.82	0	0	0	0	0	0	0	0	0
1162	2	1256	鮮活果汁-KY	TWSE	AR	食品	AR02	飲料相關	35781	35781		20260914	1	0			0	0	0	0	0	0	12561	2025-08-28	15.92	10.99	3.86	4.9	3.79	-3	0	0	-16	-3	-22	0	0	0
1163	2	6668	中揚光	TWSE	CH	光學鏡片	CH01	光學鏡片與鏡頭	107116	107116	泛鴻海集團	20260914	1	0			0	0	0	0	0	0			-2.22	0	0	-1.07	-0.5	-235	0	0	-133	-235	-4	-5	3	0
1164	2	2761	橘焱胡同	ROTC	BC	觀光	BC01	餐飲	21337	21337		20260914	3	0			1	0	0	0	0	0			-3.3	0	0	0	0	0	0	0	0	0	0	0	0	0
1165	2	3285	微端	OTC	BW	電子-其他	BW01	電子其他	42735	42735		20260914	2	0			0	0	0	0	0	0			1.85	21.63	1.26	4.7	2.51	-1	0	1	0	0	-2	0	0	0
1166	2	2399	映泰	TWSE	CG	板卡	CG01	板卡	178100	178100		20260914	1	0			0	0	0	0	0	0			3.97	11.46	0	13.91	10.85	-173	0	-9	-33	-182	-61	-5	305	-1
1167	2	3305	昇貿	TWSE	CQ	非鐵金屬	CQ01	非鐵金屬	143641	143641		20260914	1	0			0	0	0	0	0	0	33055	2023-11-13	5.66	18.1	2.28	4.9	2.22	51	0	-5	-157	46	-136	2	66	-5
1168	2	8917	欣泰	OTC	CN	油電燃氣	CN03	瓦斯	162652	162652		20260914	2	0			0	0	0	0	0	0			2.49	21.4	3.93	4.89	2.18	0	0	0	0	0	0	0	0	0
1169	2	4737	華廣	TWSE	AK	生技	AK02	應用生技	77403	77403		20260914	1	0			0	0	0	0	0	0			-4.06	0	0	-2.44	-0.73	-10	0	0	1	-10	36	0	5	0
1170	2	2832	台產	TWSE	AB	金融-保險	AB01	保險	253540	253540		20260914	1	0			0	0	0	0	0	0			5.39	9.48	6.14	3.51	1.64	108	7	-2	-107	112	7	0	0	1
1171	2	3037	欣興	TWSE	BL	PCB-製造	BL04	IC基板	1643557	1643557	聯電集團	20260914	1	0	IRF	欣興期貨	0	0	0	0	0	0	30371	2025-09-19	15.49	65.05	0.2	10.91	4.79	406	457	6	391	869	-36	23	162	29
1172	2	4503	金雨	OTC	BR	工業電腦	BR01	工業電腦	78313	78313		20260914	2	0			0	0	0	0	0	0	45031	2026-03-27	3.72	6.13	0	6.5	5.41	-8	0	0	2	-8	-5	0	1	0
1173	2	4724	宣捷幹細胞	ROTC	AK	生技	AK04	生技其他	95976	95976		20260914	3	0			1	0	0	0	0	0			-2.26	0	0	0	0	0	0	0	0	0	0	0	0	0
1174	2	1460	宏遠	TWSE	AT	紡織纖維	AT03	紡織纖維	694643	694643	遠東集團	20260914	1	0			1	0	0	0	0	0			-0.2	0	0	-1.59	-0.69	-59	0	0	-15	-59	0	0	0	0
1175	2	7709	榮田	OTC	AY	電機	AY01	機械	39103	39103		20260914	2	0			0	0	0	0	0	0			3.76	22.46	1.79	3.19	2.1	13	0	0	-13	13	-1	-3	3	0
1176	2	2748	雲品	TWSE	BC	觀光	BC01	餐飲	105779	105779	和信集團	20260914	1	0			0	0	0	0	0	0			2.54	15.28	4.51	0.73	0.51	-13	0	0	-7	-13	0	0	3	0
1177	2	6204	艾華	OTC	CS	電子零組件	BO06	電阻	23102	23102		20260914	2	0			0	0	0	0	0	0			1.21	74	0.56	2.48	1.74	26	0	0	7	26	-17	0	0	0
1178	2	7863	中科	ROTC	AU	航運	AU03	航運其他	30000	30000		20260914	3	0			1	0	0	0	0	0			7.4	0	0	0	0	0	0	0	0	0	0	0	0	0
1179	2	5007	三星	TWSE	BA	鋼鐵	BA05	鋼鐵產品	294940	294940		20260914	1	0			0	0	0	0	0	0			3.53	15.76	5.38	3.79	3.08	-18	0	-4	0	-22	0	0	0	0
1180	2	1735	日勝化	TWSE	AH	化學工業	AH02	合成樹脂	99388	99388		20260914	1	0			0	0	0	0	0	0			1.17	17.05	3.26	1.22	0.74	-3	0	-2	0	-5	1	0	3	1
1181	2	2536	宏普	TWSE	BB	營建	BB01	營造工程	332809	332809		20260914	1	0			0	0	0	0	0	0			4.15	4.6	10.47	5.01	1.88	116	0	-11	26	105	-24	0	13	0
1182	2	5201	凱衛	OTC	AF	軟體-其他	AF01	軟體其他	38675	38675		20260914	2	0			0	0	0	0	0	0	52011	2025-08-28	-0.18	0	1.67	-0.76	-0.43	-1	0	0	1	-1	-9	-1	0	0
1183	2	5508	永信建	OTC	BB	營建	BB01	營造工程	217428	217428		20260914	2	0			0	0	0	0	0	0			3.07	17.29	5.25	3.59	1.1	6	0	0	9	6	-1	0	4	0
1184	2	6949	沛爾生醫*-創	TIB	AK	生技	AK04	生技其他	1311566	1311566		20260914	4	0			0	0	0	0	0	0			-7.15	0	0	-3.5	-3.09	-1009	0	-1	-4043	-1010	790	714	0	-1
1185	2	2413	環科	TWSE	CR	車用電子	CR01	車用電子	127359	127359		20260914	1	0			0	0	0	0	0	0			3.75	13.39	1	11.06	5.45	258	0	7	161	266	-67	21	19	0
1186	2	7928	合聖科技*	ROTC	CI	網通設備	CI01	光通訊設備	41530	41530		20260914	3	0			1	0	0	0	0	0			-3.29	0	0	0	0	0	0	2	0	4	0	0	0	0
1187	2	7945	廣盛科技	ROTC	CL	電腦周邊產品	CL01	電腦及周邊產品	11543	11543		20260914	3	0			1	0	0	0	0	0			10.99	0	0	0	0	0	0	0	0	0	0	0	0	0
1188	2	1609	大亞	TWSE	AX	電線電纜	AX01	電線電纜	785262	785262		20260914	1	0	RJF	大亞期貨	0	0	0	0	0	0	16095	2024-08-19	2.71	13.97	1.85	6.51	2.36	631	0	1	434	632	14	0	173	-2
1189	2	2477	美隆電	TWSE	CS	電子零組件	CS01	電子零組件	158573	158573		20260914	1	0			0	0	0	0	0	0			0.88	25	6.36	0.02	0.13	-2	5	0	-8	3	0	0	1	0
1190	2	4953	緯致	OTC	AF	軟體-其他	AF01	軟體其他	74326	74326	緯創集團	20260914	2	0			0	0	0	0	0	0			10.02	11.91	4.34	4.38	2.77	-57	0	-2	-22	-59	36	0	11	-2
1191	2	1440	南紡	TWSE	AT	紡織纖維	AT01	紡織原料	1656816	1656816	南紡集團	20260914	1	0	EKF	南紡期貨	0	0	0	0	0	0			0.02	446.67	2.24	1.07	0.77	-327	0	-1	-110	-328	-14	-7	158	0
1192	2	2440	太空梭	TWSE	AX	電線電纜	AX01	電線電纜	139117	139117		20260914	1	0			0	0	0	0	0	0			0.13	100.36	0	0.19	0.35	-38	0	-3	-21	-41	6	0	6	0
1193	2	2065	世豐	OTC	BA	鋼鐵	BA05	鋼鐵產品	63517	63517		20260914	2	0			0	0	0	0	0	0			3.81	9.2	4.28	4.83	2.61	-2	0	-43	-25	-45	-1	0	1	0
1194	2	2258	鴻華先進-創	TIB	AN	汽車	AN01	汽機車	1751405	1751405	泛鴻海集團	20260914	4	0			1	0	0	0	0	0			-2.63	0	0	-9.32	-5.35	-279	0	-18	-172	-297	0	0	0	4
1195	2	7907	錸恩帕斯	ROTC	CK	儀器設備工程	CK02	半導體設備	39393	39393		20260914	3	0			1	0	0	0	0	0			17.3	0	0	0	0	0	0	0	0	0	0	0	0	0
1196	2	6461	益得	OTC	AK	生技	AK03	製藥業	110325	110325	健喬集團	20260914	2	0			1	0	0	0	0	0			-2.91	0	0	-10.89	-4.15	-13	0	1	10	-12	0	0	0	1
1197	2	2881	富邦金	TWSE	AA	金融-金控	AA01	金控	15607355	14007365	富邦集團	20260914	1	0	CEF	富邦金期貨	0	0	0	0	0	0			11.63	13.88	2.86	5.54	0.48	-163	-1	-272	-185	-435	-165	-12	1482	-176
1198	2	5388	中磊	TWSE	CI	網通設備	CI02	網路設備	304343	304343		20260914	1	0	RBF	中磊期貨	0	0	0	0	0	0	53887	2023-10-20	4.49	16.04	3.49	2.97	0.97	-180	0	-39	-132	-219	-62	-1	169	-7
1199	2	1506	正道	TWSE	AO	汽車零組件	AO01	汽機車零組件	300389	300389		20260914	1	0			1	0	0	0	0	0			0.06	198.4	0	-0.75	-0.63	4	0	0	-41	4	0	0	0	0
1200	2	4908	前鼎	OTC	CI	網通設備	CI01	光通訊設備	78217	78217		20260914	2	0			0	0	0	0	0	0			2.51	94.62	0.42	2.94	2.55	122	0	-11	-97	111	29	-30	161	-11
1201	2	3257	虹冠電	TWSE	BF	IC-設計	BF01	IC設計	79824	79824		20260914	1	0			0	0	0	0	0	0	32571	2024-09-06	2.54	18.46	6	2.27	1.57	41	0	0	-3	41	-32	10	4	0
1202	2	6768	志強-KY	TWSE	53b12ee9760000004fff0eead0b0f535	運動休閒	AP02	鞋業	200095	200095		20260914	1	0			0	0	0	0	0	0	67681	2024-09-18	5	12.32	8.39	1.94	1.34	-16	0	0	-73	-16	4	10	73	0
1203	2	8210	勤誠	TWSE	507b7d657300000014048ace52150ac7	伺服器	537a53e127000000d573028d794f4875	伺服器機殼	125619	125619		20260914	1	0			0	0	0	0	0	0	82103	2025-12-09	38.57	23.59	1.56	10.99	5.09	-112	1	-3	-100	-114	6	0	36	-3
1204	2	6570	維田	OTC	BR	工業電腦	BR01	工業電腦	37119	37119	明基友達集團	20260914	2	0			0	0	0	0	0	0	65702	2026-07-14	2.51	18.81	2.31	5.22	3.07	9	0	0	-11	9	0	0	0	0
1205	2	6597	立誠	OTC	CS	電子零組件	CS01	電子零組件	30042	30042		20260914	2	0			1	0	0	0	0	0	65971	2026-07-27	1.64	45.89	1.38	-0.12	0.18	0	0	0	0	0	0	0	0	0
1206	2	4173	久裕	OTC	AK	生技	AK04	生技其他	74574	74574		20260914	2	0			0	0	0	0	0	0			0.81	21.5	6.05	0.62	0.28	1	0	0	0	1	-2	0	0	0
1207	2	6549	景凱	ROTC	AK	生技	AK04	生技其他	80122	80122		20260914	3	0			1	0	0	0	0	0			-0.56	0	0	0	0	0	0	0	0	0	0	0	0	0
1208	2	2913	農林	TWSE	AR	食品	AR02	飲料相關	790000	790000	三陽集團	20260914	1	0	IHF	農林期貨	0	0	0	0	0	0			-0.17	0	0	-0.38	-0.1	-120	0	-59	-30	-179	14	0	113	0
1209	2	7607	通用幹細胞*	ROTC	AK	生技	AK01	醫療器材	36653	36653		20260914	3	0			1	0	0	0	0	0			-2.43	0	0	0	0	0	0	0	0	0	0	0	0	0
1210	2	1817	凱撒衛	TWSE	CP	家居	CP01	家居用品	72600	72600		20260914	1	0			0	0	0	0	0	0			5.03	8.06	5.44	5.35	4.19	-1	0	0	0	-1	0	0	0	0
1211	2	2537	聯上發	TWSE	BB	營建	BB01	營造工程	300558	300558		20260914	1	0			0	0	0	0	0	0			0.41	28.25	0	0.1	0.19	0	0	5	-9	5	-28	0	0	0
1212	2	3312	弘憶股	TWSE	BG	IC-通路	BG01	IC零組件通路商	182627	182627		20260914	1	0			0	0	0	0	0	0	33121	2024-05-07	4.07	12.38	2.73	3.66	1.31	-43	0	-19	-79	-62	-35	0	107	-15
1213	2	8045	達運光電	TWSE	CI	網通設備	CI02	網路設備	95042	95042		20260914	1	0			0	0	0	0	0	0			0.86	54.88	2.12	0.66	0.5	1	0	1	0	2	16	4	1	0
1214	2	2940	歐都納	ROTC	53b12ee9760000004fff0eead0b0f535	運動休閒	53b133ac220000000686c57f08b6e33d	運動休閒其他	25184	25184		20260914	3	0			1	0	0	0	0	0			2.58	0	0	0	0	0	0	0	0	0	0	0	0	0
1215	2	6877	鏵友益	OTC	CK	儀器設備工程	AY06	自動化設備	47167	47167		20260914	2	0			0	0	0	0	0	0			-0.71	0	0.45	-2.44	-1.72	3	0	1	-1	4	0	0	4	1
1216	2	1614	三洋電	TWSE	BX	消費性電子	BX01	消費性電子產品	269113	269113		20260914	1	0			0	0	0	0	0	0			1.26	24.68	3.12	0.9	0.7	-18	0	0	-1	-18	-4	0	2	0
1217	2	1234	黑松	TWSE	AR	食品	AR02	飲料相關	401871	401871		20260914	1	0			0	0	0	0	0	0			1.64	20.3	4.95	0.68	0.54	24	0	0	-20	24	0	0	0	0
1218	2	2850	新產	TWSE	AB	金融-保險	AB01	保險	315963	315963	新光集團	20260914	1	0			0	0	0	0	0	0			15.37	10.34	4.57	6.51	2.4	62	0	-3	10	59	-1	0	1	0
1219	2	4581	光隆精密-KY	TWSE	AO	汽車零組件	AO01	汽機車零組件	33899	33899		20260914	1	0			0	0	0	0	0	0	45811	2025-05-09	4.06	11.58	6.36	3.09	1.66	0	0	0	0	0	0	0	0	0
1220	2	7886	科建	ROTC	CK	儀器設備工程	CK02	半導體設備	24978	24978		20260914	3	0			1	0	0	0	0	0			0.08	0	0	0	0	0	0	0	0	3	0	0	0	0
1221	2	6111	光聚晶電	OTC	AG	軟體-遊戲	AG01	軟體遊戲	108514	108514		20260914	2	0			0	0	0	0	0	0	61112	2023-12-19	-4.24	0	0	0.77	0.53	-66	0	0	-74	-66	20	15	21	0
1222	2	1309	台達化	TWSE	AW	塑膠	AW01	塑膠原料	397587	397587	台聚集團	20260914	1	0			0	0	0	0	0	0			-1.5	0	1.07	-4.62	-2.81	213	0	-43	15	170	124	-18	210	-43
1223	2	8374	羅昇	TWSE	AY	電機	AY06	自動化設備	112585	112585	明基友達集團	20260914	1	0			0	0	0	0	0	0	83742	2024-10-08	-0.14	0	0.25	3.12	1.75	42	0	-4	-23	38	-11	0	3	-4
1224	2	7911	阿波羅電力	ROTC	53b13043c3000000e2c2ca8d2ab4246e	綠能環保	54820dbff70000007c774dd6ca68b569	能源工程	60000	60000		20260914	3	0			1	0	0	0	0	0			-2.22	0	0	0	0	0	0	0	0	0	0	0	0	0
1225	2	3025	星通	TWSE	CI	網通設備	CI01	光通訊設備	56736	56736		20260914	1	0			0	0	0	0	0	0			4.71	10.79	6.31	4.4	3.09	33	0	0	9	33	-3	0	11	0
1226	2	4745	合富-KY	OTC	AK	生技	AK02	應用生技	66221	66221		20260914	2	0			0	0	0	0	0	0			-3.23	0	0	-0.87	-0.55	-1	0	0	0	-1	0	0	0	0
1227	2	6751	智聯服務	OTC	AE	軟體-系統整合	AE01	系統整合	22200	22200	宏碁集團	20260914	2	0			0	0	0	0	0	0			5.77	7.11	7.32	2.52	1.72	1	0	0	0	1	0	0	0	0
1228	2	1104	環泥	TWSE	AJ	水泥	AJ02	預拌混凝土	686682	686682		20260914	1	0			0	0	0	0	0	0			2.7	10.07	6.8	1.93	1.61	79	0	0	-29	79	-12	0	31	0
1229	2	2351	順德	TWSE	BE	IC-封測	BE03	IC封裝測試設備	195351	195351		20260914	1	0			0	0	0	0	0	0	23511	2024-12-09	4.09	59.85	0.44	3.99	2.37	918	0	39	331	958	-464	13	1	54
1230	2	6187	萬潤	OTC	CK	儀器設備工程	CK02	半導體設備	98263	98263		20260914	2	0			0	0	0	0	0	0	61876	2026-05-22	19.6	64.8	0.93	10.34	6.68	208	1	-40	69	170	-165	-7	11	-13
1231	2	1472	三洋實業	TWSE	BB	營建	BB01	營造工程	52765	52765		20260914	1	0			0	0	0	0	0	0	14723	2025-04-14	6.39	13.94	6.73	3.78	1.75	0	0	0	0	0	0	0	0	0
1232	2	9935	慶豐富	TWSE	53b130187d0000003b11a6755a185d27	居家生活	CP01	家居用品	177839	177839		20260914	1	0			0	0	0	0	0	0	99354	2026-04-22	2.46	7.33	6.63	4.09	1.55	-522	6	-52	-654	-568	-141	0	8	0
1233	2	3644	凌嘉科	ROTC	CK	儀器設備工程	CK02	半導體設備	83300	83300		20260914	3	0			1	0	0	0	0	0			3.42	0	0	0	0	0	0	0	0	0	0	0	0	0
1234	2	1530	亞崴	TWSE	AY	電機	AY02	工具機	103108	103108		20260914	1	0			0	0	0	0	0	0			1.88	14.6	3.64	0.08	0.15	-9	0	0	-8	-9	0	0	1	0
1235	2	2115	六暉-KY	TWSE	AO	汽車零組件	AO01	汽機車零組件	104373	104373		20260914	1	0			0	0	0	0	0	0			1.58	15.03	6.32	2.99	2.09	-6	0	0	0	-6	3	0	0	0
1236	2	6245	立端	OTC	BR	工業電腦	BR01	工業電腦	146608	146608		20260914	2	0	ROF	立端期貨	0	0	0	0	0	0			4.38	18.56	4.67	2.53	1.59	72	0	-7	52	65	26	0	2	-5
1237	2	6634	欣耀	ROTC	AK	生技	AK04	生技其他	71289	71289		20260914	3	0			1	0	0	0	0	0			-3.65	0	0	0	0	0	0	0	0	0	0	0	0	0
1238	2	8423	保綠-KY	OTC	53b13043c3000000e2c2ca8d2ab4246e	綠能環保	AZ02	橡膠工業	41714	41714		20260914	2	0			0	0	0	0	0	0			1.07	17.15	3.81	2.33	1.66	0	0	0	-2	0	-6	0	0	0
1239	2	2427	三商電	TWSE	AE	軟體-系統整合	AE01	系統整合	198019	198019	三商行集團	20260914	1	0			0	0	0	0	0	0	24271	2023-10-06	1.93	15.77	3.13	2.59	1.34	200	0	0	-4	200	-149	18	51	0
1240	2	4919	新唐	TWSE	BF	IC-設計	DC01	MCU	452398	452398	華新麗華集團	20260914	1	0	REF	新唐期貨	0	0	0	0	0	0			-3.43	0	0	-1.66	-0.71	-525	0	-15	-333	-540	-98	-5	92	-41
1241	2	6865	偉康科技	OTC	53b13081400000008039a015822c2b77	數位雲端	5482289646000000c26187ecbfa0dd33	雲端服務	15841	15841		20260914	2	0			0	0	0	0	0	0	68651		-0.87	0	5.57	-1.69	-1.15	0	0	0	0	0	0	0	0	0
1242	2	4760	勤凱	OTC	BO	被動元件	BO02	MLCC	32778	32778		20260914	2	0			0	0	0	0	0	0	47602	2026-03-27	9.92	26.59	1.81	7.3	3.49	-81	0	9	-39	-72	8	-1	10	7
1243	2	6225	天瀚	TWSE	BW	電子-其他	BW01	電子其他	60000	60000		20260914	1	0			1	0	0	1	0	0			-0.07	0	0	0.69	0.62	-51	0	0	-1	-51	0	0	0	0
1244	2	8201	無敵	TWSE	AF	軟體-其他	AF01	軟體其他	62366	62366		20260914	1	0			1	0	0	0	0	0			-0.12	0	0	0.09	0.09	-6	0	0	0	-6	0	0	0	0
1245	2	2374	佳能	TWSE	CH	光學鏡片	CH01	光學鏡片與鏡頭	337977	337977	華碩集團,能率集團	20260914	1	0			0	0	0	0	0	0	23742	2025-12-30	3.37	20.77	2.96	3.01	1.99	533	0	0	205	532	-232	4	102	1
1246	2	6499	益安	OTC	AK	生技	AK01	醫療器材	96945	96945	永豐餘集團,晟德集團	20260914	2	0			0	0	0	0	0	0			-5.92	0	0	-10.37	-8.53	-59	0	0	-31	-59	27	0	68	0
1247	2	9958	世紀鋼	TWSE	BA	鋼鐵	BA06	鋼結構	266897	266897		20260914	1	0	RUF	世紀鋼期貨	0	0	0	0	0	0	99589	2026-05-28	7.02	12.8	4.99	2.63	1.43	-166	0	8	-176	-158	-92	65	159	-4
1248	2	6872	浩宇生醫	OTC	AK	生技	AK01	醫療器材	70751	70751		20260914	2	0			1	0	1	0	1	1			-2.15	0	0	-8.56	-7.57	1	0	0	-8	1	0	0	0	0
1249	2	4502	健信	OTC	AO	汽車零組件	AO01	汽機車零組件	56703	56703		20260914	2	0			1	0	0	0	0	0			-0.69	0	0	0.78	0.66	1	0	0	0	1	0	0	0	0
1250	2	8068	全達	OTC	BG	IC-通路	BG01	IC零組件通路商	80766	80766		20260914	2	0			0	0	0	0	0	0			-0.23	0	0	-0.35	0.07	-7	0	0	-14	-7	-6	0	2	0
1251	2	3624	光頡	OTC	BO	被動元件	BO06	電阻	117341	117341		20260914	2	0			0	0	1	0	0	0			3.19	38.91	0.88	3.66	2.97	-83	2304	349	3581	2570	55	1380	1021	331
1252	2	2535	達欣工	TWSE	BB	營建	BB01	營造工程	270794	270794		20260914	1	0			0	0	0	0	0	0			10.21	8.8	5.12	8.35	2.91	-10	0	-2	16	-12	-1	0	9	0
1253	2	2905	三商	TWSE	AB	金融-保險	AB01	保險	1110372	1110372	三商行集團	20260914	1	0			0	0	0	0	0	0			16.46	6.83	1.62	5.04	0.33	549	0	-13	176	536	-54	0	28	0
1254	2	6875	國邑*	OTC	AK	生技	AK03	製藥業	129183	129183		20260914	2	0			1	0	0	0	0	0			-2.73	0	0	-7.07	-5.84	82	0	0	-25	82	0	0	0	0
1255	2	6257	矽格	TWSE	BE	IC-封測	BE01	IC封裝測試	483912	483912		20260914	1	0	MQF	矽格期貨	0	0	0	0	0	0			8.53	24.74	2.01	5.15	2.97	-2510	48	-141	-2003	-2603	357	-8	588	-63
1256	2	6665	康聯生醫	ROTC	AK	生技	AK04	生技其他	45350	45350	泛鴻海集團	20260914	3	0			1	0	0	0	0	0			0.82	0	0	0	0	0	0	0	0	0	0	0	0	0
1257	2	2352	佳世達	TWSE	CC	顯示器	CC01	顯示器	1580507	1580507	明基友達集團	20260914	1	0	CWF	佳世達期貨	0	0	0	0	0	0			0.76	37.27	3.48	1.59	0.67	-316	178	-107	153	-244	-48	0	113	-119
1258	2	6799	來頡	TWSE	BF	IC-設計	BF01	IC設計	43652	43652		20260914	1	0			0	0	0	0	0	0			5.24	15.25	3.18	3.41	2.87	-39	0	0	-11	-39	7	0	1	0
1259	2	1783	和康生	TWSE	AK	生技	AK03	製藥業	89698	89698		20260914	1	0			0	0	0	0	0	0			3.24	11.2	5.49	5.06	3.94	-26	0	0	-15	-26	4	0	3	0
1260	2	8102	傑霖科技	OTC	BF	IC-設計	BF01	IC設計	23358	23358		20260914	2	0			0	0	0	0	0	0			2.62	25	1.59	5.53	4.4	-5	0	0	0	-5	0	0	3	0
1261	2	4746	台耀	TWSE	AK	生技	AK02	應用生技	120256	120256		20260914	1	0			0	0	0	0	0	0			3.97	11.43	6.63	-0.62	-0.35	-203	0	-1	-197	-204	-4	0	27	-1
1262	2	8482	商億-KY	TWSE	53b130187d0000003b11a6755a185d27	居家生活	CP01	家居用品	107444	107444		20260914	1	0			0	0	0	0	0	0			2.97	16.08	4.12	3.1	2.15	-4	0	0	0	-4	0	0	0	0
1263	2	2611	志信	TWSE	AU	航運	AU03	航運其他	189002	189002		20260914	1	0			0	0	0	0	0	0			1.77	7.85	3.74	4.15	3.2	-81	0	10	-21	-71	31	0	12	0
1264	2	6126	信音	OTC	BP	連接元件	BP02	連接線材	130219	130219		20260914	2	0			0	0	0	0	0	0	61263	2023-10-20	0.79	37.18	2.06	0.82	0.58	30	0	0	-7	30	13	38	5	0
1265	2	6720	久昌	OTC	BF	IC-設計	BF01	IC設計	30226	30226		20260914	2	0			0	0	0	0	0	0			3.67	35.79	2.67	3.92	3.21	0	0	0	0	0	0	0	0	0
1266	2	5493	三聯	OTC	AY	電機	AY06	自動化設備	43689	43689		20260914	2	0			0	0	0	0	0	0			5.61	14.81	3.25	4.31	2.21	-15	0	0	-12	-15	-2	0	0	-1
1267	2	7909	鈺祥	ROTC	CK	儀器設備工程	CK02	半導體設備	70593	70593		20260914	3	0			1	0	0	0	0	0			4.79	0	0	0	0	0	0	0	0	39	0	0	0	0
1268	2	4968	立積	TWSE	BF	IC-設計	BF01	IC設計	92210	92210		20260914	1	0			0	0	0	0	0	0			3.69	23.84	1.81	1.41	1.08	18	0	-9	16	10	-17	0	28	-7
1269	2	6890	來億-KY	TWSE	53b12ee9760000004fff0eead0b0f535	運動休閒	AP02	鞋業	250296	250296		20260914	1	0			0	0	0	0	0	0	68902	2025-10-23	10.43	14.42	5.98	3.8	2.76	-114	0	5	-91	-108	5	-2	87	-1
1270	2	2237	華德動能-創	TIB	AN	汽車	AN01	汽機車	128886	128886		20260914	4	0			1	0	0	0	0	0			3.1	8.83	0	8.05	2.87	-104	0	0	-20	-104	0	0	0	0
1271	2	3597	映興	OTC	BP	連接元件	BP02	連接線材	39236	39236		20260914	2	0			0	0	0	0	0	0	35972	2026-06-12	0.8	32.81	1.52	1.75	0.86	-1	0	0	0	-1	0	0	0	0
1272	2	2105	正新	TWSE	AZ	橡膠	AZ01	輪胎	3241416	3241416		20260914	1	0	FKF	正新期貨	0	0	0	0	0	0			1.82	16.7	5.92	1.79	1.15	-1315	251	-63	-862	-1126	67	0	433	13
1273	2	4554	橙的	OTC	CR	車用電子	CR01	車用電子	30277	30277		20260914	2	0			0	0	0	0	0	0			2.81	9.98	7.13	4.5	2.82	3	0	0	-3	3	4	0	0	0
1274	2	6968	萬達寵物	OTC	53b130187d0000003b11a6755a185d27	居家生活	AL03	百貨	50436	50436		20260914	2	0			0	0	0	0	0	0			2.6	16.42	3.6	1.97	0.98	6	0	-4	0	2	-9	0	3	0
1275	2	4108	懷特	TWSE	AK	生技	AK03	製藥業	198619	198619	美吾華懷特生技集團	20260914	1	0			1	0	0	0	0	0			-0.22	0	0	-0.87	-0.85	-54	0	2	-209	-52	0	0	0	0
1276	2	7789	開展	ROTC	BC	觀光	BC01	餐飲	21184	21184		20260914	3	0			1	0	0	0	0	0			1.95	0	0	0	0	0	0	0	0	0	0	0	0	0
1277	2	4765	磐采	ROTC	AH	化學工業	AH01	化學工業	32133	32133		20260914	3	0			1	0	0	0	0	0			-2.03	0	0	0	0	0	0	0	0	0	0	0	0	0
1278	2	6120	達運	TWSE	CF	LCD零組件	CF01	面板零組件	599000	599000	明基友達集團	20260914	1	0			0	0	0	0	0	0			1.37	8.79	2.09	10.02	5.54	318	0	-3	-622	315	152	1	44	0
1279	2	6168	宏齊	TWSE	BI	LED及光元件	BI01	發光二極體	205762	205762	聯電集團	20260914	1	0			0	0	0	0	0	0			0.32	92.03	0	0.97	0.82	938	0	13	509	951	-294	-107	15	0
1280	2	2201	裕隆	TWSE	AN	汽車	AN01	汽機車	1070001	1070001	裕隆集團	20260914	1	0	FNF	裕隆期貨	0	0	0	0	0	0	22013	2023-03-29	0.9	33.71	1.87	1	0.3	-33	0	56	-34	24	70	11	1217	58
1281	2	6616	特昇-KY	OTC	53b130187d0000003b11a6755a185d27	居家生活	CP01	家居用品	35428	35428		20260914	2	0			0	0	0	0	0	0	66163	2023-08-10	-1.32	0	0	-3.34	-1.8	0	0	0	0	0	0	0	0	0
1282	2	1240	茂生農經	OTC	AR	食品	AR03	飼料	46444	46444		20260914	2	0			0	0	0	0	0	0			5.38	10.2	0.91	5.55	3.92	-2	0	0	0	-2	0	0	0	0
1283	2	5348	正能量智能	OTC	CI	網通設備	CI03	無線通訊設備	14776	14776	能率集團	20260914	2	0			1	0	0	0	0	0			-1.18	0	0	-2.37	-1.25	0	0	0	0	0	0	0	0	0
1284	2	2338	光罩	TWSE	BH	IC-製造	BH01	IC製造	370349	370349		20260914	1	0	QVF	光罩期貨	0	0	0	0	0	0			-1.49	0	0	0.43	0.42	-1533	0	32	-4056	-1501	649	469	594	71
1285	2	1452	宏益	TWSE	AT	紡織纖維	AT02	加工絲	132641	132641		20260914	1	0			0	0	0	0	0	0			-0.01	0	1.79	0.1	0.09	-7	0	0	0	-7	0	0	0	0
1286	2	4806	桂田文創	OTC	CX	文化創意	CX01	文化創意	99947	99947		20260914	2	0			1	0	0	0	0	0			-0.15	0	0	-0.93	-0.66	0	0	0	0	0	0	0	0	0
1287	2	5356	協益	OTC	CS	電子零組件	CS01	電子零組件	103040	103040		20260914	2	0			0	0	0	0	0	0			2.22	11.67	7.72	1.71	1.31	0	0	0	0	0	0	0	0	0
1288	2	3479	安勤	OTC	BR	工業電腦	BR01	工業電腦	73037	73037	金仁寶集團	20260914	2	0			0	0	0	0	0	0	34793	2023-12-07	7.29	17.97	3.53	3.48	1.62	11	0	-4	-26	7	-61	-4	21	-2
1289	2	9931	欣高	TWSE	CN	油電燃氣	CN03	瓦斯	120369	120369		20260914	1	0			0	0	0	0	0	0			2.86	11.92	5.26	2.58	1.33	3	0	0	0	3	0	0	0	0
1290	2	8234	新漢	OTC	BR	工業電腦	BR01	工業電腦	141226	141226		20260914	2	0			0	0	0	0	0	0			-0.18	0	0.63	1.48	0.81	2	0	-4	-2	-2	-27	0	18	-4
1291	2	7821	神數	TWSE	CR	車用電子	CR01	車用電子	121913	121913		20260914	1	0			1	0	0	0	0	0			3.38	12.71	5.14	2.32	0.75	-24	0	0	6	-24	0	0	0	0
1292	2	1617	榮星	TWSE	AX	電線電纜	AX01	電線電纜	169515	169515		20260914	1	0			0	0	0	0	0	0			1.36	12.87	3.43	0.9	0.7	-177	0	-4	-50	-181	5	0	13	0
1293	2	8440	綠電	OTC	53b13043c3000000e2c2ca8d2ab4246e	綠能環保	CO02	廢棄物處理	50255	50255		20260914	2	0			0	0	0	0	0	0			0.99	20.05	1.01	3.46	2.65	9	0	0	0	9	-10	0	0	0
1294	2	4931	新盛力	OTC	CR	車用電子	CV01	電池	65566	65566		20260914	2	0			0	0	0	0	0	0	49311	2026-04-16	5.97	39.26	1.07	9.83	4.91	-401	0	-45	-478	-446	-180	-13	120	-45
1295	2	3056	富華新	TWSE	BB	營建	BB01	營造工程	480555	480555		20260914	1	0			0	0	0	0	0	0			-0.09	0	4.51	-0.31	-0.12	1	0	-19	-206	-18	-76	-1	41	-3
1296	2	6483	原創生醫	ROTC	AK	生技	AK04	生技其他	66808	66808		20260914	3	0			1	0	0	0	0	0			-2.9	0	0	0	0	0	0	0	0	0	0	0	0	0
1297	2	1784	訊聯	OTC	AK	生技	AK02	應用生技	53121	53121		20260914	2	0			0	0	0	0	0	0			1.13	54.07	1.49	0.56	0.42	-12	0	-1	-6	-13	-22	0	0	-1
1298	2	7843	英柏得	ROTC	BF	IC-設計	BF01	IC設計	33440	33440		20260914	3	0			1	0	0	0	0	0			6.96	0	0	0	0	0	0	0	0	0	0	0	0	0
1299	2	6825	和暢科技	ROTC	CL	電腦周邊產品	CL01	電腦及周邊產品	39339	39339		20260914	3	0			1	0	0	0	0	0			4.31	0	0	0	0	0	0	0	0	0	0	0	0	0
1300	2	6864	元樟生技	ROTC	AK	生技	AK04	生技其他	37906	37906		20260914	3	0			1	0	0	0	0	0			-5.4	0	0	0	0	0	0	0	0	2	0	0	0	0
1301	2	6895	宏碩系統	OTC	CK	儀器設備工程	CK02	半導體設備	34100	34100	旭暉應材集團	20260914	2	0			0	0	0	0	0	0			0.51	300	1.9	-7.57	-6.12	-3	0	1	0	-2	-2	0	0	1
1302	2	3632	研勤	OTC	CI	網通設備	CI03	無線通訊設備	40890	40890		20260914	2	0			1	0	0	1	1	0			-0.23	0	0	-6.45	-2.37	0	0	0	0	0	0	0	0	0
1303	2	3230	錦明	OTC	CS	電子零組件	CS01	電子零組件	86011	86011		20260914	2	0			0	0	0	0	0	0			-1.91	0	0	-5.42	-3.72	-14	0	1	-24	-13	31	0	0	1
1304	2	6248	沛波	OTC	BA	鋼鐵	BA03	鋼胚鋼筋	99956	99956	台灣鋼鐵集團	20260914	2	0			0	0	0	0	0	0			1.33	12.82	7.24	1.35	0.85	11	0	0	-15	11	4	0	0	0
1305	2	1785	光洋科	OTC	CQ	非鐵金屬	CQ01	非鐵金屬	595951	595951	台灣鋼鐵集團	20260914	2	0			0	0	0	0	0	0			6.69	14.33	2.09	4.15	1.98	438	0	2	-49	440	-293	-17	293	0
1306	2	4167	松瑞藥	OTC	AK	生技	AK03	製藥業	331554	331554		20260914	2	0			0	0	0	0	0	0			3.16	5.71	7.83	19.28	15.99	-111	0	0	-34	-111	-2	0	7	0
1307	2	3296	勝德	TWSE	CJ	電源供應器	CJ01	電源供應器	96724	96724		20260914	1	0			0	0	0	0	0	0			-0.26	0	0	1.27	0.84	5	0	116	9	121	-81	0	0	0
1308	2	3231	緯創	TWSE	CL	電腦周邊產品	CL01	電腦及周邊產品	3429842	3429842	緯創集團	20260914	1	0	DXF	緯創期貨	0	0	0	0	0	0			12.83	14.73	2.96	8.6	2	3259	-1049	114	-1058	2323	-6063	62	1668	249
1309	2	1453	大將	TWSE	BB	營建	BB01	營造工程	116640	116640		20260914	1	0			0	0	0	0	0	0			0.68	15.64	2.74	4.53	2.25	-1	0	0	0	-1	0	0	0	0
1310	2	4117	普生	ROTC	AK	生技	AK01	醫療器材	70824	70824		20260914	3	0			1	0	0	0	0	0			4.37	0	0	0	0	0	0	0	0	0	0	0	0	0
1311	2	5291	邑昇	OTC	BL	PCB-製造	BL01	硬板	41891	41891		20260914	2	0			0	0	0	0	0	0	52912	2026-05-08	1.22	48.77	0	2.98	1.38	30	0	-1	14	29	-12	-25	12	-1
1312	2	2613	中櫃	TWSE	AU	航運	AU03	航運其他	148423	148423		20260914	1	0			0	0	0	0	0	0			1.33	16.73	4.49	2.16	0.92	12	0	0	8	12	3	0	1	0
1313	2	9924	福興	TWSE	53b130187d0000003b11a6755a185d27	居家生活	CP01	家居用品	150762	150762		20260914	1	0			0	0	0	0	0	0			3.38	10.47	6.54	1.3	1.01	-34	0	0	-8	-34	0	0	2	0
1314	2	1456	怡華	TWSE	BB	營建	BB01	營造工程	93720	93720		20260914	1	0			0	0	0	0	0	0			2.9	4.95	0	-3.2	0.21	16	0	-3	-22	13	-30	0	0	0
1315	2	1463	強盛新	TWSE	AT	紡織纖維	AT03	紡織纖維	173268	173268		20260914	1	0			0	0	0	0	0	0			-0.21	0	0.76	-0.72	-0.6	21	0	0	0	21	-2	0	0	0
1316	2	3272	東碩	OTC	BP	連接元件	BP01	連接器	61177	61177		20260914	2	0			0	0	0	0	0	0	32723	2023-12-28	-9.7	0	0	-8.53	-1.29	1	0	0	0	1	3	-2	0	0
1317	2	5271	紘通	ROTC	CS	電子零組件	BW01	電子其他	63472	63472		20260914	3	0			1	1	0	0	0	0			-1.62	0	0	0	0	0	0	0	0	0	0	0	0	0
1318	2	1516	川飛	TWSE	AY	電機	AY04	機電工程	40008	40008		20260914	1	0			1	0	0	0	0	0			0.01	1395	0	-1.56	-1.54	-2	0	0	0	-2	0	0	0	0
1319	2	2383	台光電	TWSE	BL	PCB-製造	BL03	銅箔基板	358321	358321		20260914	1	0	PJF	台光電期貨	0	0	0	0	0	0	23836	2024-08-15	64.27	83.89	0.47	18.58	6.9	-23	111	-19	26	69	-10	3	0	4
1320	2	2903	遠百	TWSE	AL	百貨	AL03	百貨	1416941	1416941	遠東集團	20260914	1	0			0	0	0	0	0	0			1.48	14.97	5.61	0.59	0.36	-28	0	-21	-8	-49	10	0	162	0
1321	2	4207	環泰	OTC	AR	食品	AR01	食品加工	198538	198538		20260914	2	0			0	0	0	0	0	0			1.89	10.51	6.08	2.66	1.74	30	0	-2	-28	28	-45	0	1	0
1322	2	9938	百和	TWSE	AP	其他	AP02	鞋業	297964	297964		20260914	1	0	MVF	百和期貨	0	0	0	0	0	0			3.25	11.74	7.86	0.76	0.67	-191	19	-313	-1016	-485	20	106	254	0
1323	2	2892	第一金	TWSE	AA	金融-金控	AA01	金控	14379469	14379469		20260914	1	0	DPF	第一金期貨	0	0	0	0	0	0			2.13	18.18	3.34	3.19	0.18	8457	9874	506	8260	18836	215	54	868	41
1324	2	2514	龍邦	TWSE	BB	營建	BB01	營造工程	394729	394729		20260914	1	0			0	0	0	0	0	0			0.38	29.74	0	-4.11	-2.13	-32	0	0	-12	-32	1	0	1	0
1325	2	5536	聖暉*	OTC	CK	儀器設備工程	AY04	機電工程	124081	124081		20260914	2	0			0	0	0	0	0	0	55363	2026-06-30	40.02	20.89	2.39	8.09	3.56	-173	-5	-3	-149	-181	-6	-1	6	-2
1326	2	8077	洛碁	OTC	BC	觀光	BC03	飯店	21946	21946		20260914	2	0			1	0	0	0	0	0			6.77	6.21	4.75	5.37	1.46	0	0	0	0	0	0	0	0	0
1327	2	7831	捷博	ROTC	AO	汽車零組件	59723caa37000000785f6384ccccd6f7	汽機車零組件(AM)	13401	13401		20260914	3	0			1	0	0	0	0	0			-6.39	0	0	0	0	0	0	0	0	0	0	0	0	0
1328	2	2889	國票金	TWSE	AA	金融-金控	AA01	金控	3665902	3665902		20260914	1	0			0	0	0	0	0	0			1.22	13.73	3.52	4.39	0.5	8443	0	10	1203	8453	-168	0	34	0
1329	2	2450	神腦	TWSE	BZ	電子資訊通路	BZ02	3C通路商	258253	258253	中華電信集團	20260914	1	0			0	0	0	0	0	0			1.62	17.47	5.48	1.75	1.02	-1	0	7	-1	6	0	0	0	0
1330	2	1201	味全	TWSE	AR	食品	AR02	飲料相關	506063	506063	頂新集團	20260914	1	0			0	0	0	0	0	0			0.61	19.75	1.74	1.81	0.88	-3	0	0	-72	-3	-39	0	79	0
1331	2	6294	智基	OTC	CX	文化創意	CX01	文化創意	26047	26047		20260914	2	0			0	0	0	0	0	0			2.66	10.56	10.68	10.83	4.38	4	0	0	0	4	0	0	0	0
1332	2	8349	恒耀	OTC	BA	鋼鐵	AO01	汽機車零組件	218821	208821		20260914	2	0			0	0	0	0	0	0			2.46	15.06	4	0.99	0.53	0	0	0	-2	0	-4	0	10	0
1333	2	4170	鑫品生醫	ROTC	AK	生技	AK04	生技其他	43771	43771		20260914	3	0			1	0	0	0	0	0			2.17	0	0	0	0	0	0	0	0	0	0	0	0	0
1334	2	6113	亞矽	OTC	BG	IC-通路	BG01	IC零組件通路商	52549	52549		20260914	2	0			0	0	0	0	0	0			0.63	35.74	0	5.76	3.77	-6	0	0	-18	-6	-25	0	0	0
1335	2	8074	鉅橡	OTC	BK	PCB-材料設備	BK02	PCB原材料	86974	86974		20260914	2	0			0	0	0	0	0	0	80746	2026-03-26	1.96	27.32	2.2	2.07	1.12	-21	0	-8	-21	-28	-40	1	46	-8
1336	2	6416	瑞祺電通	TWSE	CI	網通設備	BR01	工業電腦	73348	73348	泛鴻海集團	20260914	1	0			0	0	0	0	0	0			5.35	21.55	2.42	3.13	1.86	-299	0	16	-187	-283	138	2	34	15
1337	2	4925	智微	ROTC	BF	IC-設計	BN01	高速傳輸介面IC	86901	86901		20260914	3	0			1	0	0	0	0	0			-5.59	0	0	0	0	0	0	0	0	-19	0	0	0	0
1338	2	3019	亞光	TWSE	CH	光學鏡片	CH01	光學鏡片與鏡頭	279244	279244		20260914	1	0	IMF	亞光期貨	0	0	0	0	0	0			5.92	23.19	3.35	3.65	2.2	112	0	-27	10	85	-129	13	93	-14
1339	2	4716	大立	OTC	AH	化學工業	AH04	電子化工品	94427	94427		20260914	2	0			0	0	0	0	0	0			0.61	29.05	0	-0.31	-0.1	66	0	0	-55	66	-26	0	0	0
1340	2	3265	台星科	OTC	BE	IC-封測	BE01	IC封裝測試	136262	136262		20260914	2	0			0	0	0	0	0	0			7.13	23.14	2.48	4.62	2.89	-161	0	-104	-181	-265	-19	3	92	-63
1341	2	6614	資拓宏宇	TWSE	53b13081400000008039a015822c2b77	數位雲端	AE01	系統整合	80661	80661		20260914	1	0			0	0	0	0	0	0			2.16	17.76	4.62	1.98	0.84	3	0	0	0	3	0	0	0	0
1342	2	5234	達興材料	TWSE	AH	化學工業	AH04	電子化工品	102716	102716	明基友達集團	20260914	1	0			0	0	0	0	0	0			8.38	34.25	2.26	7.15	4.55	-25	7	-37	-63	-55	0	1	9	-2
1343	2	6576	逸達	OTC	AK	生技	AK03	製藥業	157579	157579		20260914	2	0			1	0	0	0	0	0	65761	2025-12-31	0.12	577.14	0	-9.28	-6.39	-39	0	0	11	-39	0	0	0	0
1344	2	2646	星宇航空	TWSE	AU	航運	AU03	航運其他	3008735	3008735		20260914	1	0			0	0	0	0	0	0	26462	2026-07-31	-0.34	0	0	-4.01	-0.6	-1413	0	-12	-1394	-1425	-51	49	1265	-12
1345	2	1725	元禎	TWSE	AH	化學工業	AH01	化學工業	181830	181830		20260914	1	0			0	0	0	0	0	0			2.45	13.43	3.25	1.84	1.45	4	0	-1	1	3	5	0	0	0
1346	2	2457	飛宏	TWSE	CJ	電源供應器	CJ01	電源供應器	424772	424772		20260914	1	0	GVF	飛宏期貨	0	0	0	0	0	0			-1.04	0	0	-1.5	-0.94	-4	0	-39	-158	-44	-92	1	163	-15
1347	2	3432	台端	TWSE	BP	連接元件	BP01	連接器	42230	42230		20260914	1	0			1	0	0	0	0	0			-0.83	0	0	-2.55	-1.76	0	0	0	0	0	0	0	0	0
1348	2	2478	大毅	TWSE	BO	被動元件	BO06	電阻	144731	144731		20260914	1	0			0	0	0	0	0	0			4.86	24.38	1.69	3.46	2.46	-346	0	-70	-492	-416	-354	-6	335	-70
1349	2	8927	北基	OTC	CN	油電燃氣	CN02	石油	419068	419068	三地集團	20260914	2	0			0	0	0	0	0	0	89277	2024-06-12	0.91	20.49	1.62	3.45	1.12	17	0	0	4	17	-4	0	0	0
1350	2	6854	錼創科技-KY創	TIB	BI	LED及光元件	BI01	發光二極體	117679	117679		20260914	4	0			0	0	0	0	0	0	68541	2024-12-30	-1.49	0	0	-6.65	-4.14	-39	0	1	-3	-37	0	0	12	1
1351	2	2241	艾姆勒	TWSE	BQ	散熱模組	BQ02	散熱模組	104602	104602		20260914	1	0			0	0	0	0	0	0			-0.76	0	0	-1.77	-1.02	-92	0	0	-37	-92	19	0	15	0
1352	2	2441	超豐	TWSE	BE	IC-封測	BE01	IC封裝測試	568846	568846		20260914	1	0	QTF	超豐期貨	0	0	0	0	0	0			5.4	20.65	2.7	3.39	2.84	-732	-1	-45	-962	-778	-516	13	272	-31
1353	2	4973	廣穎	OTC	BD	DRAM	BD01	DRAM	65293	65293		20260914	2	0			0	0	0	0	0	0	49731	2026-07-17	18.07	7.81	0.72	16.77	8.59	378	0	-7	155	371	-111	-11	6	-9
1354	2	3693	營邦	OTC	BR	工業電腦	BR01	工業電腦	42991	42991		20260914	2	0			0	0	0	0	0	0			15.41	43	1.21	6.09	3.69	236	0	-11	89	225	-117	-9	0	-8
1355	2	1597	直得	TWSE	AY	電機	AY06	自動化設備	89262	89262		20260914	1	0			0	0	0	0	0	0			2.04	72.06	0.48	3.1	2.01	81	0	1	197	82	58	-1	79	6
1356	2	8289	泰藝	OTC	BO	被動元件	BO05	石英元件	68334	68334		20260914	2	0			0	0	0	0	0	0			1.07	38.73	0.37	1.5	1.04	65	0	-6	-35	59	6	0	12	-1
1357	2	6823	濾能	OTC	CK	儀器設備工程	CK05	無塵室工程	33234	33234		20260914	2	0			0	0	0	0	0	0			-11.59	0	0	-12.63	-5.29	-10	0	0	0	-10	-2	0	1	0
1358	2	3162	精確	OTC	AO	汽車零組件	AO01	汽機車零組件	154020	154020		20260914	2	0			0	0	0	0	0	0			0.74	112.06	1.23	0.05	0.21	-122	0	-7	-39	-129	-7	-1	64	-7
1359	2	7777	能率亞洲	OTC	AP	其他	AP01	傳產其他	202606	202606	能率集團	20260914	2	0			0	0	0	0	0	0			1.26	29.44	0.68	9.06	8.99	-141	0	-4	-155	-145	-23	5	62	-4
1360	2	2483	百容	TWSE	BE	IC-封測	BE03	IC封裝測試設備	107890	107890		20260914	1	0			0	0	0	0	0	0			0.24	120.4	1	1.04	0.71	123	0	-1	9	122	-26	7	0	0
1361	2	9962	有益	OTC	BA	鋼鐵	BA01	不鏽鋼加工	90220	90220		20260914	2	0			0	0	0	0	0	0			0.24	43.39	0	1.49	1.16	-3	0	0	0	-3	-47	0	0	0
1362	2	6867	坦德科技	ROTC	BW	電子-其他	BW01	電子其他	24500	24500		20260914	3	0			1	0	0	0	0	0			0.62	0	0	0	0	0	0	0	0	0	0	0	0	0
1363	2	6709	昱厚生技	ROTC	AK	生技	AK04	生技其他	69380	69380		20260914	3	0			1	0	0	0	0	0			-2.77	0	0	0	0	0	0	0	0	0	0	0	0	0
1364	2	6208	日揚	OTC	CK	儀器設備工程	CK02	半導體設備	94462	94462		20260914	2	0			0	0	0	0	0	0			4.25	17.48	2.69	3.47	1.73	-20	0	-5	-10	-25	-15	0	24	-5
1365	2	6536	碩豐	ROTC	BL	PCB-製造	BK02	PCB原材料	26324	26324		20260914	3	0			1	0	0	0	0	0			0.47	0	0	0	0	0	0	0	0	0	0	0	0	0
1366	2	5469	瀚宇博	TWSE	BL	PCB-製造	BL01	硬板	486166	486166	華新麗華集團	20260914	1	0			0	0	0	0	0	0			5.43	13.39	3.49	0.82	0.55	244	0	-27	161	217	0	18	57	-17
1367	2	4528	江興鍛	OTC	AO	汽車零組件	AO01	汽機車零組件	84166	84166		20260914	2	0			0	0	0	0	0	0			-0.67	0	1.34	-1.67	-0.93	0	0	0	0	0	0	0	0	0
1368	2	6191	精成科	TWSE	BL	PCB-製造	BL01	硬板	499303	499303	華新麗華集團	20260914	1	0			0	0	0	0	0	0	61912	2025-06-13	5.87	14.34	3.16	1.08	0.64	355	6	-9	225	353	-28	1	90	-6
1369	2	7890	明曜科技	ROTC	CV	電池	CV01	電池	20800	20800		20260914	3	0			1	0	0	0	0	0			4.47	0	0	0	0	0	0	0	0	0	0	0	0	0
1370	2	3712	永崴投控	TWSE	53b13043c3000000e2c2ca8d2ab4246e	綠能環保	54820dbff70000007c774dd6ca68b569	能源工程	246242	246242	正崴集團	20260914	1	0			0	0	0	0	0	0			-13.37	0	0	-33.53	-2.59	-34	0	0	56	-34	33	0	14	0
1371	2	6242	立康	OTC	AK	生技	AK02	應用生技	31807	31807		20260914	2	0			1	0	0	0	0	0			2.39	14.17	5.88	2.85	2.2	0	0	0	0	0	0	0	0	0
1372	2	7868	聖育	ROTC	AE	軟體-系統整合	AE01	系統整合	22240	22240		20260914	3	0			1	0	0	0	0	0			4.57	0	0	0	0	0	0	0	0	0	0	0	0	0
1373	2	8070	長華*	TWSE	BG	IC-通路	BG01	IC零組件通路商	725648	725648		20260914	1	0			0	0	0	0	0	0			1.68	28.99	5.53	3.08	1.85	-301	0	-25	-163	-326	105	6	2	-11
1374	2	2911	麗嬰房	TWSE	AL	百貨	AL03	百貨	105126	105126		20260914	1	0			0	0	0	0	0	0			3.86	1.61	0	-4.92	-1.83	-11	0	0	0	-11	3	0	5	0
1375	2	3303	岱稜	OTC	CF	LCD零組件	CF02	光學膜	94791	94791		20260914	2	0			0	0	0	0	0	0	33035	2024-10-11	5.03	9.61	6.23	6.06	3.44	-144	0	-3	-92	-147	7	0	61	-3
1376	2	8455	大拓-KY	OTC	AY	電機	AY01	機械	25219	25219		20260914	2	0			1	0	0	0	0	0			0.52	44.04	0	0.73	0.45	0	0	0	0	0	0	0	0	0
1377	2	1720	生達	TWSE	AK	生技	AK03	製藥業	196566	196566	生達集團	20260914	1	0			0	0	0	0	0	0			5.62	9.74	5.36	3.93	2.98	-103	0	0	-37	-103	2	0	5	0
1378	2	2465	麗臺	TWSE	CG	板卡	CG01	板卡	93946	93946		20260914	1	0			0	0	0	0	0	0			2.7	33.21	0	12	7.35	10	0	-1	-6	9	49	-17	9	0
1379	2	2741	老四川	ROTC	BC	觀光	BC01	餐飲	22588	22588		20260914	3	0			1	0	0	0	0	0			2.99	0	0	0	0	0	0	0	0	2	0	0	0	0
1380	2	7893	睿信	ROTC	BP	連接元件	BP01	連接器	40799	40799		20260914	3	0			1	0	0	0	0	0			10.68	0	0	0	0	0	0	0	0	0	0	0	0	0
1381	2	6170	統振	OTC	CS	電子零組件	CS01	電子零組件	97260	97260		20260914	2	0			0	0	0	0	0	0			4.9	9.84	8.32	5.61	2.16	-15	0	2	3	-14	-5	0	5	2
1382	2	1780	立弘	OTC	AK	生技	AK04	生技其他	109075	109075		20260914	2	0			1	0	0	0	0	0			1.87	14.67	5.13	2.07	1.32	-8	0	2	7	-6	0	0	0	0
1383	2	4188	安克	OTC	AK	生技	AK01	醫療器材	63333	63333	美吾華懷特生技集團	20260914	2	0			1	0	0	0	0	0			-0.83	0	0	-3.29	-3.13	-3	0	0	-20	-3	0	0	0	0
1384	2	1531	高林股	TWSE	AY	電機	AY01	機械	182108	182108		20260914	1	0			0	0	0	0	0	0			0.27	43.15	8.58	-0.26	-0.2	-19	0	-3	-5	-22	-27	0	0	0
1385	2	5321	美而快	OTC	53b13081400000008039a015822c2b77	數位雲端	CW01	電子商務	59543	59543		20260914	2	0			0	0	0	0	0	0	53211	2023-12-29	-3.29	0	0	-3.81	-0.17	-612	0	3	-418	-609	176	4	96	-1
1386	2	6493	雷虎生	ROTC	AK	生技	AK01	醫療器材	30050	30050		20260914	3	0			1	0	0	0	0	0			-0.57	0	0	0	0	0	0	0	0	8	0	0	0	0
1387	2	5601	台聯櫃	OTC	AU	航運	AU03	航運其他	64800	64800		20260914	2	0			0	0	0	0	0	0			0.41	75.61	1.23	0.49	0.36	-4	0	0	0	-4	0	0	0	0
1388	2	7791	皇家可口	TWSE	AR	食品	AR01	食品加工	80000	80000		20260914	1	0			0	0	0	0	0	0			4.38	13.26	6.89	1.96	1.68	-1	0	1	0	0	-2	0	1	0
1389	2	3115	富榮綱	OTC	BK	PCB-材料設備	BK01	印刷電路板設備	72198	72198		20260914	2	0			1	0	0	0	0	0			-0.18	0	0	0.21	0.21	0	0	0	0	0	0	0	0	0
1390	2	6241	鑫永洋	OTC	CI	網通設備	CI03	無線通訊設備	45534	45534		20260914	2	0			1	0	0	0	0	0			0.47	21.01	0	-2.39	-1.3	-14	0	0	-3	-14	0	0	0	0
1391	2	1323	永裕	TWSE	AW	塑膠	AW02	塑膠製品	91275	91275		20260914	1	0			0	0	0	0	0	0			1.27	17.05	4.16	2.31	1.42	68	0	0	16	68	-4	0	0	0
1392	2	2880	華南金	TWSE	AA	金融-金控	AA01	金控	14056135	14056135		20260914	1	0	CJF	華南金期貨	0	0	0	0	0	0			2.3	19.85	3.16	4	0.22	7557	-41	766	5311	8282	-269	3	1479	264
1393	2	6715	嘉基	TWSE	BP	連接元件	BP02	連接線材	74274	74274		20260914	1	0			0	0	0	0	0	0	67152	2023-12-04	1.56	211.51	0.6	-0.42	-0.31	-156	0	-3	-211	-159	-33	-1	71	-4
1394	2	7422	鴻林堂	ROTC	AK	生技	AK03	製藥業	23272	23272		20260914	3	0			1	0	0	0	0	0			1.68	0	0	0	0	0	0	0	0	0	0	0	0	0
1395	2	4161	聿新科	OTC	AK	生技	AK01	醫療器材	59798	59798		20260914	2	0			0	0	0	0	0	0			1.86	12.29	3.15	3.9	2.47	0	0	0	0	0	-6	0	0	0
1396	2	2605	新興	TWSE	AU	航運	AU01	散裝航運	585353	585353		20260914	1	0	HQF	新興期貨	0	0	0	0	0	0			4.9	7.45	2.74	9.52	7.22	4068	0	65	2557	4133	-351	-75	0	-88
1397	2	6515	穎崴	TWSE	BE	IC-封測	BE03	IC封裝測試設備	36466	36466		20260914	1	0			0	0	0	0	0	0	65152	2025-12-22	62.23	112.8	0.72	8.89	4.56	-28	10	4	-40	-14	-19	-1	110	0
1398	2	6133	金橋	TWSE	BP	連接元件	BP02	連接線材	117006	117006		20260914	1	0			0	0	0	0	0	0			1.11	21.22	4.25	2.78	1.86	-228	0	-2	240	-230	29	41	187	0
1399	2	3095	及成	OTC	CS	電子零組件	CS01	電子零組件	14680	14680		20260914	2	0			0	0	0	0	0	0	30954	2024-12-20	2.42	14.63	0	4.97	1.4	-1	0	0	0	-1	1	0	0	0
1400	2	2243	宏旭-KY	TWSE	AO	汽車零組件	AO01	汽機車零組件	77374	77374		20260914	1	0			0	0	0	0	0	0			1.17	47.62	0	-2.37	-0.56	-65	0	0	9	-65	13	-1	0	0
1401	2	1781	合世	OTC	AK	生技	AK01	醫療器材	47408	47408		20260914	2	0			0	0	0	0	0	0	17813	2024-06-24	-1.07	0	0	-4.94	-2.12	0	0	0	0	0	0	0	0	0
1402	2	6264	富裔	OTC	BB	營建	BB01	營造工程	136355	136355		20260914	2	0			1	0	0	0	0	0			-0.62	0	0	-4.67	-0.69	0	0	0	0	0	0	0	0	0
1403	2	2032	新鋼	TWSE	BA	鋼鐵	BA01	不鏽鋼加工	130522	130522		20260914	1	0			0	0	0	0	0	0			1.46	11.64	2.94	3.91	3.01	-21	0	-6	-11	-27	-39	0	0	0
1404	2	1319	東陽	TWSE	AO	汽車零組件	59723caa37000000785f6384ccccd6f7	汽機車零組件(AM)	591477	591477		20260914	1	0	EHF	東陽期貨	0	0	0	0	0	0			6.16	12.82	6.33	2.8	2.08	290	0	22	120	313	-22	-2	29	-1
1405	2	2329	華泰	TWSE	BE	IC-封測	BE01	IC封裝測試	658948	658948		20260914	1	0	UXF	華泰期貨	0	0	0	0	0	0	23291	2025-12-22	2.6	18.57	2.4	2.93	1.71	195	0	-35	227	160	-80	-4	128	-31
1406	2	5353	台林	OTC	CI	網通設備	CI03	無線通訊設備	76500	76500		20260914	2	0			0	0	0	0	0	0			1.83	15.3	3.61	2.4	1.55	8	0	0	0	8	-4	0	0	0
1407	2	1474	弘裕	TWSE	AT	紡織纖維	AT03	紡織纖維	129897	129897		20260914	1	0			0	0	0	0	0	0	14743	2024-12-27	0.27	37.04	2.5	-0.11	0.07	-6	0	-1	-1	-7	-79	0	0	0
1408	2	7782	光速火箭	OTC	AL	百貨	AL03	百貨	23213	23213		20260914	2	0			0	0	0	0	0	0			2.31	11.71	7.84	1.76	1.1	-1	0	0	0	-1	-1	0	0	0
1409	2	7427	華上生醫	ROTC	AK	生技	AK01	醫療器材	54026	54026		20260914	3	0			1	0	0	0	0	0			-4.59	0	0	0	0	0	0	30	0	7	0	0	0	0
1410	2	2904	匯僑	TWSE	CN	油電燃氣	CN02	石油	77834	77834		20260914	1	0			0	0	0	0	0	0			0.51	24.13	5.58	1.45	1.13	1	0	0	0	1	0	0	0	0
1411	2	5425	台半	OTC	CU	二極體	CU01	二極體	263485	263485		20260914	2	0	PEF	台半期貨	0	0	0	0	0	0			2.97	31.31	2.35	3.22	1.79	-284	0	-149	-580	-433	-15	425	208	-103
1412	2	1707	葡萄王	TWSE	AK	生技	AK02	應用生技	148137	148137		20260914	1	0			0	0	0	0	0	0			7.75	11.48	6.74	3.13	2.41	-464	0	-1	-263	-465	4	1	53	0
1413	2	3703	欣陸	TWSE	BB	營建	BB01	營造工程	823216	823216		20260914	1	0			0	0	0	0	0	0			1.96	10.05	5.3	0.68	0.34	-195	0	0	-7	-195	-13	-2	22	0
1414	2	1475	業旺	TWSE	AT	紡織纖維	AT03	紡織纖維	66017	66017	中環集團	20260914	1	0			0	0	0	0	0	0			3.89	6.7	5.76	0.78	0.56	-1	0	0	0	-1	1	0	0	0
1415	2	6798	展逸	ROTC	53b12ee9760000004fff0eead0b0f535	運動休閒	53b133ac220000000686c57f08b6e33d	運動休閒其他	19572	19572		20260914	3	0			1	0	0	0	0	0			-0.07	0	0	0	0	0	0	0	0	0	0	0	0	0
1416	2	5523	豐謙	OTC	BB	營建	BB01	營造工程	155001	155001		20260914	2	0			0	0	0	0	0	0			-0.11	0	1.65	-0.17	-0.09	0	0	0	0	0	0	0	0	0
1417	2	2255	凱銳光電	ROTC	BW	電子-其他	BW01	電子其他	60933	60933		20260914	3	0			1	0	0	0	0	0			-6.38	0	0	0	0	0	0	0	0	-2	0	0	0	0
1418	2	7710	東擎科技	ROTC	BR	工業電腦	BR01	工業電腦	63906	63906	和碩集團	20260914	3	0			1	0	0	0	0	0			6.92	0	0	0	0	0	0	0	0	0	0	0	0	0
1419	2	6932	水星生醫*	ROTC	AK	生技	AK01	醫療器材	432596	432596		20260914	3	0			1	0	0	0	0	0			-0.29	0	0	0	0	0	0	0	0	18	0	0	0	0
1420	2	3266	昇陽	TWSE	BB	營建	BB04	地產代銷	352314	352314		20260914	1	0			0	0	0	0	0	0			0.47	29.17	3.57	-0.2	-0.06	-19	0	-5	0	-24	12	0	0	0
1421	2	4956	光鋐	TWSE	BI	LED及光元件	BI03	LED原料	100408	100408	泛鴻海集團	20260914	1	0			0	0	0	0	0	0			0.47	68.19	0	0.26	0.27	84	0	-1	16	83	-66	-13	46	-1
1422	2	8472	納維康	OTC	53b13081400000008039a015822c2b77	數位雲端	CW01	電子商務	17736	17736		20260914	2	0			0	0	0	0	0	0			-0.65	0	0	-2.67	-0.53	1	0	0	0	1	0	1	0	0
1423	2	1718	中纖	TWSE	AT	紡織纖維	AT01	紡織原料	1685906	1685906	中纖集團	20260914	1	0	EYF	中纖期貨	0	0	0	0	0	0			0.59	17.63	0	2.68	0.26	-2523	0	-5	-1607	-2529	174	-18	1363	10
1424	2	1709	和益	TWSE	AH	化學工業	AH01	化學工業	477016	477016		20260914	1	0			0	0	0	0	0	0			2.01	18.01	2.76	3.8	2.87	25	0	66	501	91	1148	56	281	0
1425	2	4183	福永生技	OTC	AK	生技	AK04	生技其他	23800	23800		20260914	2	0			1	0	0	0	0	0			-0.42	0	0	-0.55	-0.19	0	0	0	0	0	0	0	0	0
1426	2	1321	大洋	TWSE	AW	塑膠	AW01	塑膠原料	227228	227228		20260914	1	0			0	0	0	0	0	0			0.13	246.15	0	2.29	1.18	2	0	0	0	2	3	0	0	0
1427	2	2462	良得電	TWSE	BP	連接元件	BP02	連接線材	150784	150784		20260914	1	0			0	0	0	0	0	0			0.62	31.56	1.04	-0.76	-0.33	4	0	0	-26	4	22	11	1	0
1428	2	3372	典範	OTC	BE	IC-封測	BE01	IC封裝測試	235324	235324		20260914	2	0			1	0	0	0	0	0			-0.53	0	0	-0.87	-0.7	13	0	-16	-14	-3	0	0	0	-1
1429	2	8437	大地-KY	OTC	CX	文化創意	CX01	文化創意	47014	47014		20260914	2	0			0	0	0	0	0	0			-1.52	0	0	-0.77	-0.63	1	0	0	0	1	12	0	0	0
1430	2	1340	勝悅-KY	TWSE	AP	其他	AP02	鞋業	152923	152923		20260914	1	0			0	0	0	0	0	0			-2.27	0	0	-0.3	-0.2	8	0	0	5	8	0	0	0	0
1431	2	8271	宇瞻	TWSE	BD	DRAM	BD01	DRAM	129615	129615		20260914	1	0			0	0	0	0	0	0	82711	2026-03-13	40.43	5.12	2.16	34.44	15.01	-78	0	-11	-152	-90	-36	30	19	-15
1432	2	5519	隆大	TWSE	BB	營建	BB01	營造工程	230157	230157		20260914	1	0			0	0	0	0	0	0			4.97	5.19	14.7	0.85	0.35	-167	0	0	-156	-167	5	0	76	0
1433	2	6259	百徽	OTC	CS	電子零組件	CS01	電子零組件	28056	28056		20260914	2	0			0	0	0	0	0	0			1.52	18.99	1.23	4.15	3	-20	0	-1	0	-21	-2	0	0	-1
1434	2	6884	海柏特	OTC	AF	軟體-其他	AY04	機電工程	18390	18390		20260914	2	0			1	0	0	0	0	0			2.06	16.15	4.84	2.63	1.18	0	0	0	0	0	0	0	0	0
1435	2	3033	威健	TWSE	BG	IC-通路	BG01	IC零組件通路商	524141	524141		20260914	1	0			0	0	0	0	0	0	30337	2024-08-07	4.85	9.13	4.62	7.91	2.12	-267	0	-101	-189	-368	-32	-6	16	-107
1436	2	6776	展碁國際	TWSE	BG	IC-通路	BG01	IC零組件通路商	91581	91581	宏碁集團	20260914	1	0			0	0	0	0	0	0			4.62	11.78	5.81	4.59	1.43	24	0	4	-24	28	5	0	0	0
1437	2	2312	金寶	TWSE	BX	消費性電子	BX01	消費性電子產品	1506180	1506180	金仁寶集團	20260914	1	0	FSF	金寶期貨	0	0	0	0	0	0			1.19	25.59	1.97	2.06	0.8	-1454	0	-367	-1475	-1821	25	-110	480	-345
1438	2	2926	誠品生活	OTC	CX	文化創意	CX01	文化創意	47390	47390		20260914	2	0			0	0	0	0	0	0			0.63	47.78	1.53	1.1	0.37	0	0	0	0	0	0	0	0	0
1439	2	6596	寬宏藝術	OTC	CX	文化創意	CX01	文化創意	38000	38000		20260914	2	0			0	0	0	0	0	0			19.98	4.7	19.89	17.75	8.62	54	0	0	7	54	-8	0	8	0
1440	2	7816	來穎	ROTC	CM	變壓器與UPS	CM01	UPS	29278	29278	錸德集團	20260914	3	0			1	0	0	0	0	0			4.51	0	0	0	0	0	0	0	0	-1	0	0	0	0
1441	2	2942	京站	ROTC	53b130187d0000003b11a6755a185d27	居家生活	AL03	百貨	60000	60000		20260914	3	0			1	0	0	0	0	0			6.87	0	0	0	0	0	0	0	0	0	0	0	0	0
1442	2	1727	中華化	TWSE	AH	化學工業	AH04	電子化工品	128020	128020		20260914	1	0			0	0	0	0	0	0	17272		0.69	129.86	0.17	2.29	1.34	-224	0	3	-74	-221	30	-7	2	3
1443	2	3467	台灣精材	OTC	CK	儀器設備工程	CK02	半導體設備	31557	31557		20260914	2	0			0	0	0	0	0	0			1.16	50.96	0.85	2.55	1.72	0	0	3	70	3	-8	0	3	3
1444	2	6609	瀧澤科	OTC	AY	電機	AY02	工具機	72456	72456		20260914	2	0			0	0	0	0	0	0			-0.67	0	0	0.86	0.6	-13	0	0	0	-13	-1	-1	4	0
1445	2	1233	天仁	TWSE	AR	食品	AR02	飲料相關	90592	90592		20260914	1	0			0	0	0	0	0	0			0.93	30.65	0.71	1.61	1.08	3	0	-1	0	2	0	0	0	0
1446	2	1777	生泰	OTC	AK	生技	AK03	製藥業	44592	44592	生達集團	20260914	2	0			0	0	0	0	0	0			7.43	10.08	5.34	3.58	2.94	10	0	0	-2	10	0	0	0	0
1447	2	8478	東哥遊艇	TWSE	53b12ee9760000004fff0eead0b0f535	運動休閒	53b133ac220000000686c57f08b6e33d	運動休閒其他	93972	93972		20260914	1	0			0	0	0	0	0	0	84781	2024-05-31	14.37	9.84	4.59	2.56	1.73	6	0	0	0	6	-4	-1	4	0
1448	2	6637	醫影	OTC	AK	生技	AK01	醫療器材	26810	26810		20260914	2	0			0	0	0	0	0	0			5.54	9.78	8.36	3.82	2.36	-1	0	0	0	-1	0	0	0	0
1449	2	3028	增你強	TWSE	BG	IC-通路	BG01	IC零組件通路商	260965	260965		20260914	1	0			0	0	0	0	0	0	30286	2026-06-05	7.17	8.59	4.86	7.64	1.92	-17	6	-7	-89	-19	-27	19	125	-2
1450	2	1528	恩德	TWSE	AY	電機	AY01	機械	191331	191331		20260914	1	0			0	0	0	0	0	0			-0.34	0	0	-3.94	-1.24	839	0	22	1099	861	837	37	153	22
1451	2	6462	神盾	OTC	BF	IC-設計	BF02	矽智財	91251	91251	神盾集團	20260914	2	0			0	0	0	0	0	0			-12.61	0	0	-1.2	-0.76	-170	0	3	-117	-167	-26	-1	18	5
1452	2	4923	力士	OTC	DA	MOSFET	DA01	MOSFET	37416	37416		20260914	2	0			0	0	0	0	0	0	49231	2025-12-22	-0.84	0	0	2.79	1.7	-57	0	-39	-29	-96	49	-43	2	0
1453	2	2371	大同	TWSE	BX	消費性電子	BX01	消費性電子產品	2150835	2150835	大同集團	20260914	1	0	CXF	大同期貨	0	0	0	0	0	0			-4.65	0	0	3.85	1.74	580	197	-98	75	679	-136	-4	421	-98
1454	2	6934	心誠鎂	TWSE	AK	生技	AK01	醫療器材	36130	36130		20260914	1	0			0	0	0	0	0	0			-3.57	0	0	-8.24	-6.51	1	0	0	0	1	3	0	0	0
1455	2	4979	華星光	OTC	CI	網通設備	CI01	光通訊設備	142875	142875		20260914	2	0			1	0	0	0	1	1	49794	2024-11-01	6.15	86.91	0.41	4.29	3.09	214	-70	26	-17	170	-452	-478	0	36
1456	2	6472	保瑞	TWSE	AK	生技	AK03	製藥業	128085	128085		20260914	1	0	UPF	保瑞期貨	0	0	0	0	0	0	64725	2025-12-31	12.32	32.89	2.51	3.56	1.45	-157	0	-22	-61	-179	11	-2	85	-26
1457	2	6763	綠界科技*	OTC	53b13081400000008039a015822c2b77	數位雲端	548239c919000000c9a1dc5ad73357c8	電子支付	184039	184039		20260914	2	0			0	0	0	0	0	0			4.13	9.82	7.4	3.25	1.31	-34	0	1	-15	-33	0	0	34	1
1458	2	2347	聯強	TWSE	BZ	電子資訊通路	BZ02	3C通路商	1667947	1667947	聯華神通集團	20260914	1	0	GAF	聯強期貨	0	0	0	0	0	0			7.31	12.18	4.72	4.73	1.64	-203	752	3	274	553	-27	2	7	45
1459	2	2103	台橡	TWSE	AZ	橡膠	AZ02	橡膠工業	825710	825710		20260914	1	0			0	0	0	0	0	0			2.49	10.34	1.05	6.74	3.54	169	0	7	-108	177	-246	1	2	-5
1460	2	6195	詩肯	OTC	53b130187d0000003b11a6755a185d27	居家生活	CP01	家居用品	50193	50193		20260914	2	0			0	0	0	0	0	0			1.88	14.71	3.62	0.88	0.55	0	0	0	0	0	0	0	0	0
1461	2	8432	東生華	OTC	AK	生技	AK03	製藥業	38398	38398	東洋集團	20260914	2	0			0	0	0	0	0	0			4.35	11.49	5.22	3.28	2.81	2	0	0	0	2	0	0	0	0
1462	2	6101	寬魚國際	OTC	CX	文化創意	CX01	文化創意	116794	116794		20260914	2	0			0	0	0	0	0	0	61012	2025-12-08	1.37	27.57	0	2.97	2.05	-12	0	0	6	-12	-7	3	0	0
1463	2	1216	統一	TWSE	AL	百貨	AL03	百貨	5682015	5682015	統一集團	20260914	1	0	CQF	統一期貨	0	0	0	0	0	0			4.14	18.12	4	5.17	1.63	-1487	-5	85	-1529	-1407	15	0	236	85
1464	2	8064	東捷	OTC	CK	儀器設備工程	BI02	LED檢測設備	184818	184818	泛鴻海集團	20260914	2	0			0	0	0	0	0	0			2.7	47.33	0.85	0.9	0.66	525	0	-50	-1290	475	-1969	-156	374	-41
1465	2	6671	三能-KY	TWSE	53b130187d0000003b11a6755a185d27	居家生活	54821a619600000068f861e0ba33627f	居家生活其他	60750	60750		20260914	1	0			0	0	0	0	0	0			2.17	10.6	5.22	1.43	1.15	0	0	0	0	0	0	0	0	0
1466	2	9902	台火	TWSE	DB	控股公司	DB01	控股公司	98050	98050		20260914	1	0			0	0	0	0	0	0			0.58	23.1	0	6.53	6.12	2	0	-1	0	1	9	0	0	0
1467	2	4935	茂林-KY	TWSE	CF	LCD零組件	CF01	面板零組件	128864	128864		20260914	1	0			0	0	0	0	0	0			1.34	23.98	3.13	0.02	0.04	-60	0	0	-15	-60	2	0	24	0
1468	2	6722	輝創	TWSE	BW	電子-其他	CS01	電子零組件	88400	88400		20260914	1	0			0	0	0	0	0	0			2.22	16	6.13	1.54	0.9	0	0	0	0	0	-3	0	0	0
1469	2	5603	陸海	OTC	AU	航運	AU02	貨櫃航運	104877	104877		20260914	2	0			0	0	0	0	0	0			0.39	34	3.68	-0.03	0.02	-17	0	0	-71	-17	0	0	0	0
1470	2	3694	海華	TWSE	CI	網通設備	CI03	無線通訊設備	154891	154891	華碩集團,和碩集團	20260914	1	0			0	0	0	0	0	0			4.01	12.58	4.63	3.25	1.56	-4	0	-1	-16	-5	29	1	47	-1
1471	2	6987	寶晶能源*	ROTC	BS	太陽能	BS01	太陽能	224468	224468		20260914	3	0			1	0	0	0	0	0			1.8	0	0	0	0	0	0	0	0	3	0	0	0	0
1472	2	2630	亞航	TWSE	CT	航天軍工	CT01	航天軍工	209438	209438		20260914	1	0			0	0	0	0	0	0			0.58	84.21	1.88	0.18	0.21	-90	0	-48	-149	-138	38	-3	72	-48
1473	2	6732	昇佳電子	OTC	BF	IC-設計	BF04	感測IC	48913	48913		20260914	2	0			0	0	0	0	0	0			6.94	20.82	3.81	2.13	1.64	-13	0	0	-11	-13	1	0	5	0
1474	2	7932	昱鐳應材	ROTC	AH	化學工業	AH01	化學工業	50000	50000		20260914	3	0			1	0	0	0	0	0			1.29	0	0	0	0	0	0	0	0	-8	0	0	0	0
1475	2	1623	大東電	TWSE	AX	電線電纜	AX01	電線電纜	66000	66000		20260914	1	0			0	0	0	0	0	0	16231	2026-06-09	13.15	16.55	3.89	2.8	1.56	-54	0	-1	-19	-55	2	0	0	-1
1476	2	6028	公勝保經	OTC	AB	金融-保險	AB01	保險	25000	25000		20260914	2	0			1	0	0	0	0	0			10.96	9.35	6.27	13.74	6.21	0	0	0	0	0	0	0	0	0
1477	2	6983	華洋精機	OTC	CK	儀器設備工程	CK04	半導體檢測	18020	18020		20260914	2	0			0	0	0	0	0	0			4.54	85.1	0.87	2.2	1.68	-6	0	0	0	-6	0	0	0	0
1478	2	3450	聯鈞	TWSE	CI	網通設備	CI01	光通訊設備	145681	145681		20260914	1	0			0	0	0	0	0	0	34502		4.92	103.85	0.2	6.11	3.47	-407	-240	3	-453	-644	-68	-11	0	2
1479	2	6108	競國	TWSE	BL	PCB-製造	BL01	硬板	154494	154494		20260914	1	0			0	0	0	0	0	0			0.2	110.75	4.51	6.75	3.12	-467	0	-156	-475	-623	15	4	0	0
1480	2	1626	艾美特-KY	TWSE	BX	消費性電子	BX01	消費性電子產品	149822	149822		20260914	1	0			0	0	0	0	0	0			-2.99	0	0	-2.79	-0.69	-9	0	-3	0	-12	-40	0	0	0
1481	2	1538	正峰	TWSE	AY	電機	AY02	工具機	32300	32300		20260914	1	0			1	0	0	1	0	0			-3.82	0	0	-17.31	-8.24	0	0	0	0	0	0	0	0	0
1482	2	6885	全福生技	TWSE	AK	生技	AK01	醫療器材	133141	133141		20260914	1	0			0	0	0	0	0	0			-3.25	0	0	-7.75	-7.54	250	0	-14	104	236	-78	4	19	0
1483	2	5488	松普	OTC	BP	連接元件	BP02	連接線材	91586	91586		20260914	2	0			0	0	0	0	0	0			-0.04	0	0.51	-0.5	-0.25	-4	0	0	3	-4	-2	0	15	0
1484	2	4714	永捷	OTC	AH	化學工業	AH02	合成樹脂	221838	221838	上曜集團	20260914	2	0			0	0	0	0	0	0	47148	2026-02-10	-0.46	0	0	-0.19	-0.06	165	0	1	148	166	360	9	166	1
1485	2	6708	天擎	OTC	BF	IC-設計	BF01	IC設計	29009	29009		20260914	2	0			0	0	0	0	0	0			0.3	119.68	0	2.2	1.95	-1	0	0	0	-1	0	0	0	0
1486	2	4441	振大環球	TWSE	AT	紡織纖維	AT01	紡織原料	68176	68176		20260914	1	0			0	0	0	0	0	0			18.88	9.61	6.22	4.32	3.12	-1	0	-1	3	-2	0	0	0	0
1487	2	6761	穩得	OTC	BO	被動元件	BO06	電阻	34956	34956		20260914	2	0			0	0	0	0	0	0			7.5	21.83	3.7	4.19	2.53	-39	0	-2	-14	-41	-47	-2	3	-2
1488	2	6928	攸泰科技	TWSE	BR	工業電腦	BR01	工業電腦	86000	86000		20260914	1	0			0	0	0	0	0	0			-1.2	0	0	-1.29	-0.97	-22	0	0	-19	-22	1	0	1	0
1489	2	7873	瑞峰	ROTC	BE	IC-封測	BE01	IC封裝測試	147500	147500		20260914	3	0			1	0	0	0	0	0			2.73	0	0	0	0	0	0	0	0	0	0	0	0	0
1490	2	8931	大汽電	OTC	CN	油電燃氣	51cd8f8d0c000000e552bcec2a3c175f	油電燃氣	122255	122255	正隆集團	20260914	2	0			0	0	0	0	0	0			1.16	35.26	3.88	2.1	0.99	7	0	0	2	7	-52	0	0	0
1491	2	4551	智伸科	TWSE	AO	汽車零組件	AO01	汽機車零組件	115222	115222		20260914	1	0			0	0	0	0	0	0			9.53	16.47	2.68	2.63	1.68	17	0	19	-22	36	-16	0	0	21
1492	2	3362	先進光	OTC	CH	光學鏡片	CH01	光學鏡片與鏡頭	147445	147445		20260914	2	0			0	0	1	0	0	0	33621	2024-05-31	-1.72	0	0	-5.24	-1.61	-187	0	24	-80	-163	209	11	89	-3
1493	2	2426	鼎元	TWSE	BF	IC-設計	BF04	感測IC	300622	300622		20260914	1	0			0	0	0	0	0	0			0.09	971	0.1	1.75	1.44	2055	0	348	3052	2403	-602	12	232	53
1494	2	5301	寶得利	OTC	AP	其他	AP01	傳產其他	65890	65890		20260914	2	0			1	0	0	1	0	0			-1.39	0	0	-3.16	-2.17	-3	0	0	0	-3	0	0	0	0
1495	2	4906	正文	TWSE	CI	網通設備	CI02	網路設備	451706	451706		20260914	1	0			0	0	0	0	0	0	49068		0.14	299.17	1.31	-0.27	-0.07	251	0	-71	281	181	-44	-5	203	-65
1496	2	4306	炎洲	TWSE	AW	塑膠	AW02	塑膠製品	676757	676757	炎洲集團	20260914	1	0			0	0	0	0	0	0			0.92	16.15	4.76	2.75	1.17	400	0	10	-379	410	-891	0	0	0
1497	2	7790	思必瑞特	ROTC	AK	生技	AK04	生技其他	18585	18585		20260914	3	0			1	0	0	0	0	0			1.33	0	0	0	0	0	0	0	0	0	0	0	0	0
1498	2	7888	麗寶新藥	ROTC	AK	生技	AK03	製藥業	75235	75235		20260914	3	0			1	0	0	0	0	0			-10.95	0	0	0	0	0	0	0	0	0	0	0	0	0
1499	2	5460	同協	OTC	CS	電子零組件	CS01	電子零組件	58778	58778		20260914	2	0			0	0	0	0	0	0			0.17	100.88	0	0.09	0.08	11	0	0	7	11	12	0	0	0
1500	2	5206	坤悅	OTC	BB	營建	BB01	營造工程	201093	201093		20260914	2	0			0	0	0	0	0	0			2.85	7.77	6.68	3.8	0.91	-32	0	0	-20	-33	6	0	38	0
1501	2	6558	興能高	TWSE	CV	電池	CV01	電池	93789	93789	統一集團	20260914	1	0			0	0	0	0	0	0			-1.22	0	0	-2.87	-2.06	11	0	0	17	11	-30	0	14	0
1502	2	1342	八貫	TWSE	AP	其他	AP01	傳產其他	78501	78501		20260914	1	0			0	0	0	0	0	0			7.03	14.05	6.04	7.22	4.19	-38	0	-8	-39	-46	4	0	19	0
1503	2	3054	立萬利	TWSE	AR	食品	AK04	生技其他	80651	80651		20260914	1	0			0	0	0	0	0	0			4.86	11.52	1.43	8.35	7.45	6	0	0	0	6	0	0	0	0
1504	2	4120	友華	OTC	AK	生技	AK02	應用生技	86747	86747		20260914	2	0			0	0	0	0	0	0			-6.65	0	8.49	-2.43	-1.24	0	0	0	0	0	0	0	0	0
1505	2	6212	理銘	OTC	BB	營建	BB01	營造工程	102000	102000		20260914	2	0			0	0	0	0	0	0			2.01	15.62	0	1.53	0.58	0	0	0	0	0	0	0	0	0
1506	2	2732	六角	OTC	BC	觀光	BC01	餐飲	46519	46519		20260914	2	0			0	0	0	0	0	0	27324	2025-10-31	3.48	18.17	5.6	2.32	1.05	2	0	0	0	2	1	0	0	0
1507	2	2031	新光鋼	TWSE	BA	鋼鐵	BA04	鋼鐵加工	321146	321146		20260914	1	0			0	0	0	0	0	0			6.46	6.8	5.69	13.7	5.73	-48	0	4	-41	-44	28	0	0	0
1508	2	4771	望隼	TWSE	AK	生技	AK02	應用生技	58787	58787		20260914	1	0			0	0	0	0	0	0			15.22	13.28	3.46	6.64	4.03	-7	0	-3	-3	-10	7	0	0	-1
1509	2	4305	世坤	OTC	AW	塑膠	AW02	塑膠製品	55014	55014		20260914	2	0			0	0	0	0	0	0			4.87	8.6	7.4	4.8	3.9	0	0	0	0	0	0	0	0	0
1510	2	6292	迅德	OTC	CM	變壓器與UPS	CM02	變壓器	46601	46601		20260914	2	0			0	0	0	0	0	0			5.52	11.83	2.76	11.48	7.18	37	0	3	25	40	-27	0	10	0
1511	2	6223	旺矽	OTC	BE	IC-封測	BE03	IC封裝測試設備	97981	97981		20260914	2	0	UVF	旺矽期貨	0	0	0	0	0	0	62236	2026-05-12	47.37	120.34	0.39	9.66	5.05	-1	49	-1	21	48	-26	1	44	1
1512	2	1432	大魯閣	TWSE	53b12ee9760000004fff0eead0b0f535	運動休閒	BC04	休閒娛樂	108000	108000		20260914	1	0			0	0	0	0	0	0			5.1	2.94	13.33	-4.21	-1.53	-7	0	0	0	-7	0	0	0	0
1513	2	6919	康霈*	TWSE	AK	生技	AK01	醫療器材	1557492	1557492		20260914	1	0			0	0	0	0	0	0			-0.17	0	0	-2.4	-2.34	-3836	0	-46	-3128	-3882	0	0	0	-46
1514	2	1584	精剛	OTC	CQ	非鐵金屬	CQ01	非鐵金屬	232471	232471	台灣鋼鐵集團	20260914	2	0			0	0	0	0	0	0			0.59	30.78	1.45	0.51	0.46	-9	0	0	21	-9	-16	0	8	0
1515	2	2362	藍天	TWSE	BY	筆記型電腦	BY01	筆記型電腦	622263	622263	群光藍天集團	20260914	1	0			0	0	0	0	0	0			6.07	7.75	4.24	4.36	2.04	-177	0	-2	-69	-179	1	-1	22	0
1516	2	4113	聯上	OTC	DB	控股公司	DB01	控股公司	231138	231138		20260914	2	0			0	0	0	0	0	0	41136	2025-08-25	-0.9	0	0	-1.33	-0.17	23	0	0	0	23	-5	0	2	0
1517	2	2301	光寶科	TWSE	CJ	電源供應器	CJ01	電源供應器	2316108	2316108	光寶集團	20260914	1	0	FQF	光寶科期貨	0	0	0	0	0	0	23012	2025-12-05	8.55	32.4	1.81	7.7	3.23	-702	-857	-140	-3389	-1698	-2071	-78	264	-122
1518	2	2020	美亞	TWSE	BA	鋼鐵	BA05	鋼鐵產品	267031	267031		20260914	1	0			0	0	0	0	0	0			2.08	10.43	8.33	3.92	1.84	-37	0	15	-28	-22	0	0	1	0
1519	2	2233	宇隆	TWSE	AY	電機	AY03	機械零組件	60289	60289		20260914	1	0			0	0	0	0	0	0	22331	2025-12-12	6.79	23.64	2.49	2.67	1.62	105	0	4	-50	109	-25	19	3	4
1520	2	6791	虎門科技	OTC	AE	軟體-系統整合	AE01	系統整合	20847	20847		20260914	2	0			0	0	0	0	0	0			4.74	20.82	3.56	4.21	2.38	1	0	0	0	1	1	0	0	0
1521	2	2012	春雨	TWSE	BA	鋼鐵	BA05	鋼鐵產品	302163	302163	台灣鋼鐵集團	20260914	1	0			0	0	0	0	0	0	20124		-0.12	0	2.13	-0.26	0.07	-14	0	0	-10	-14	-5	0	0	0
1522	2	3628	盈正	OTC	AY	電機	AY04	機電工程	45000	45000		20260914	2	0			0	0	0	0	0	0			4.13	18.64	4.22	1.73	0.81	-73	0	-2	20	-75	58	0	4	0
1523	2	2061	風青	OTC	AX	電線電纜	AX01	電線電纜	57378	57378		20260914	2	0			0	0	0	0	0	0			1.13	41.64	0	6.33	3.59	-62	0	5	-30	-57	12	-2	4	0
1524	2	6201	亞弘電	TWSE	BX	消費性電子	BX01	消費性電子產品	89200	89200		20260914	1	0			0	0	0	0	0	0			3.21	13.98	6.89	2.94	2.05	-8	0	0	0	-8	-1	0	1	0
1525	2	3232	昱捷	OTC	BG	IC-通路	BG01	IC零組件通路商	46568	46568		20260914	2	0			0	0	0	0	0	0			0.7	27.54	2.56	1.31	0.84	2	0	0	0	2	3	0	0	0
1526	2	2467	志聖	TWSE	BK	PCB-材料設備	BK01	印刷電路板設備	163033	163033		20260914	1	0			0	0	0	0	0	0	24673	2025-11-28	10.28	55.09	1	5.36	2.76	-298	-1	-12	-239	-311	-18	-14	101	-12
1527	2	6023	元大期	OTC	AD	金融-證券	AD01	證券	447973	447973		20260914	2	0			0	0	0	0	0	0			8.75	9.38	6.48	4.19	0.35	5	0	0	76	5	0	0	7	0
1528	2	5543	桓鼎-KY	OTC	BB	營建	BB03	建材	46704	46704		20260914	2	0			0	0	0	0	0	0			0.44	60.96	0	9.81	3.66	2	0	0	0	2	1	0	0	0
1529	2	9946	三發地產	TWSE	BB	營建	BB01	營造工程	326554	326554		20260914	1	0			0	0	0	0	0	0			4.62	3.65	8.12	1.23	0.64	-64	0	0	-9	-64	4	0	4	0
1530	2	6951	青新-創	TIB	AP	其他	CO02	廢棄物處理	52000	52000		20260914	4	0			0	0	0	0	0	0			5.99	11.34	7.55	7.34	4.64	-2	0	0	-6	-2	-1	0	0	0
1531	2	2736	富野	OTC	BC	觀光	BC03	飯店	79972	79972		20260914	2	0			0	0	0	0	0	0			-1.61	0	0	-3.01	-1.69	-2	0	0	0	-2	-3	0	0	0
1532	2	3218	大學光	OTC	AK	生技	AK02	應用生技	84725	84725		20260914	2	0			0	0	0	0	0	0			13.5	9.92	5.78	5.87	3.59	-152	0	-3	-147	-155	16	0	8	-2
1533	2	7869	宏于電機	ROTC	AY	電機	AY04	機電工程	27241	27241		20260914	3	0			1	0	0	0	0	0			16.2	0	0	0	0	0	0	0	0	0	0	0	0	0
1534	2	5228	鈺鎧	OTC	BO	被動元件	BO01	電感	38056	38056		20260914	2	0			0	0	0	0	0	0			2.04	19.49	0	5.45	2.74	-4	0	0	-33	-4	14	0	0	0
1535	2	1446	宏和	TWSE	BB	營建	BB01	營造工程	137710	137710		20260914	1	0			0	0	0	0	0	0			0.94	14.15	11.28	1.35	1.17	-11	0	0	-6	-11	2	0	0	0
1536	2	4933	友輝	OTC	CF	LCD零組件	CF02	光學膜	82676	82676	新光集團	20260914	2	0			0	0	0	0	0	0			7.25	7.09	5.65	2.22	1.67	21	0	0	0	21	-7	6	3	0
1537	2	6673	和詮	ROTC	CS	電子零組件	CS01	電子零組件	26689	26689		20260914	3	0			1	0	0	0	0	0			-1.38	0	0	0	0	0	0	0	0	-16	0	0	0	0
1538	2	8240	華宏	OTC	CF	LCD零組件	CE01	TNSTN-LCD	100004	100004		20260914	2	0			0	0	0	0	0	0			2.35	21.49	2.57	1.59	1.09	-27	0	-1	-15	-28	-31	-9	23	-1
1539	2	3687	歐買尬	OTC	53b13081400000008039a015822c2b77	數位雲端	548239c919000000c9a1dc5ad73357c8	電子支付	30124	30124		20260914	2	0			0	0	0	0	0	0	36873	2025-08-22	4.36	14.23	3.24	1.65	0.75	-18	0	0	-14	-18	1	0	0	0
1540	2	1218	泰山	TWSE	AR	食品	AR04	油脂	499999	499999		20260914	1	0			0	0	0	0	0	0			-0.69	0	9.26	-7.86	-6.5	-264	0	0	-254	-264	11	0	122	0
1541	2	3213	茂訊	OTC	BR	工業電腦	BR01	工業電腦	58686	58686		20260914	2	0			0	0	0	0	0	0			9.58	12.62	5.79	4.49	3.31	5	0	0	-36	5	-5	0	0	0
1542	2	5604	中連	OTC	DB	控股公司	DB01	控股公司	108783	108783		20260914	2	0			0	0	0	0	0	0			1.04	29.57	6.44	1.74	1.37	1	0	0	0	1	0	0	0	0
1543	2	6565	物聯	ROTC	AE	軟體-系統整合	AE01	系統整合	27144	27144		20260914	3	0			1	0	0	0	0	0			1.78	0	0	0	0	0	0	0	0	0	0	0	0	0
1544	2	7706	宏碁創達	ROTC	AP	其他			10000	10000		20260914	3	0			1	0	0	0	0	0			1.76	0	0	0	0	0	0	0	0	0	0	0	0	0
1545	2	1307	三芳	TWSE	AW	塑膠	AW02	塑膠製品	397818	397818		20260914	1	0			0	0	0	0	0	0			3.35	9.12	7.2	1.98	1.15	-47	0	-5	-3	-52	-2	0	6	-3
1546	2	4909	新復興	OTC	BL	PCB-製造	BL01	硬板	93357	93357		20260914	2	0			0	0	0	0	0	0			0.75	45.95	0	-0.49	-0.46	-85	0	0	-45	-85	26	-12	55	0
1547	2	7927	連距電機	ROTC	AY	電機	AY04	機電工程	44700	44700		20260914	3	0			1	0	0	0	0	0			20.48	0	0	0	0	0	0	0	0	0	0	0	0	0
1548	2	6568	宏觀	OTC	BF	IC-設計	BF01	IC設計	30796	30796		20260914	2	0			0	0	0	0	0	0			5.05	26.45	1.51	2.25	1.89	-3	0	-1	7	-4	0	1	3	-1
1549	2	3707	漢磊	OTC	BM	矽晶圓	BM01	矽晶圓	400776	400776		20260914	2	0			0	0	0	0	0	0	37075	2025-06-27	-1.53	0	0	-0.07	0.01	-1110	0	-501	-1507	-1611	-43	1	845	1
1550	2	6275	元山	OTC	BQ	散熱模組	BQ01	散熱風扇	80345	80345		20260914	2	0			0	0	0	0	0	0	62756	2021-08-05	2.57	17.85	4.41	2.37	1.08	23	0	-1	15	22	-21	0	6	-1
1551	2	7784	安邦生技*	ROTC	AK	生技	AK03	製藥業	187601	187601		20260914	3	0			1	0	0	0	0	0			-2.67	0	0	0	0	0	0	0	0	0	0	0	0	0
1552	2	3003	健和興	TWSE	BP	連接元件	BP01	連接器	155655	155655		20260914	1	0			0	0	0	0	0	0			2.47	22.98	1.75	2.39	1.88	-13	0	3	-63	-9	-44	0	17	9
1553	2	2409	友達	TWSE	CE	LCD面板	CE02	TFT-LCD	7547099	7547099	明基友達集團	20260914	1	0	CHF	友達期貨	0	0	0	0	0	0			0.24	125.83	1.32	1.29	0.7	-101829	-33	-7092	-87901	-108954	14780	-2110	8302	-2791
1554	2	7610	聯友金屬-創	TIB	53b13043c3000000e2c2ca8d2ab4246e	綠能環保	CQ01	非鐵金屬	58563	58563		20260914	4	0			0	0	0	0	0	0	76101	2026-04-14	32.19	56.69	0.13	35.95	18.08	12	0	0	31	12	0	0	0	0
1555	2	6958	日盛台駿	TWSE	AP	其他	AN01	汽機車	461454	421454		20260914	1	0			0	0	0	0	0	0			-1.1	0	0	0.97	0.14	-17	0	-1	0	-18	1	0	0	0
1556	2	6405	悅城	TWSE	AQ	玻璃陶瓷	AQ01	玻璃	65800	65800		20260914	1	0			0	0	0	0	0	0			-0.22	0	0	0.81	0.81	-117	0	0	11	-117	-5	0	9	0
1557	2	4155	訊映	TWSE	AK	生技	AK02	應用生技	139668	139668		20260914	1	0			0	0	0	0	0	0			1.71	8.81	1.98	1.9	1.28	-51	0	-10	29	-61	-35	0	0	0
1558	2	7828	創新服務	OTC	CK	儀器設備工程	BE03	IC封裝測試設備	40494	40494		20260914	2	0			0	0	0	0	0	0			10.72	200.3	0.23	4.34	3.6	58	16	-16	7	58	0	0	0	-7
1559	2	5251	天鉞電	OTC	BV	安全監控	BV01	安全監控系統	33733	33733		20260914	2	0			0	0	0	0	0	0			1.11	23.24	0	5.58	4.71	4	0	0	0	4	0	0	0	0
1560	2	8044	網家	OTC	53b13081400000008039a015822c2b77	數位雲端	CW01	電子商務	204768	204768		20260914	2	0	NUF	網家期貨	0	0	0	0	0	0			-3.81	0	0	-0.99	-0.18	68	0	0	-13	68	-29	0	18	0
1561	2	6527	明達醫	OTC	AK	生技	AK01	醫療器材	25459	25459		20260914	2	0			0	0	0	0	0	0			5.86	13	3.83	4.19	3.15	-3	0	0	0	-3	1	0	0	0
1562	2	5864	致和證	OTC	AD	金融-證券	AD01	證券	504490	504490		20260914	2	0			0	0	0	0	0	0			13.12	2.52	4.58	29.98	19.91	1071	0	0	-893	1071	-46	19	39	0
1563	2	6797	圓點奈米	ROTC	AK	生技	AK01	醫療器材	30732	30732		20260914	3	0			1	0	0	0	0	0			-13.71	0	0	0	0	0	0	0	0	3	0	0	0	0
1564	2	2464	盟立	TWSE	AY	電機	AY06	自動化設備	227399	227399		20260914	1	0			0	0	1	0	0	0	24643	2026-07-17	0.41	496.05	0.25	1.59	0.78	794	0	-152	-206	642	-608	35	456	-68
1565	2	3078	僑威	OTC	CJ	電源供應器	CJ01	電源供應器	227391	227391		20260914	2	0	QQF	僑威期貨	0	0	0	0	0	0			3.6	12.21	9.1	1	0.64	177	14	12	96	203	-8	-4	59	-1
1566	2	6496	科懋	OTC	AK	生技	AK03	製藥業	47290	47290		20260914	2	0			0	0	0	0	0	0			-4.46	0	0	-8.01	-3.89	0	0	0	0	0	0	0	0	0
1567	2	8941	關中	OTC	53b130187d0000003b11a6755a185d27	居家生活	CP01	家居用品	34972	34972		20260914	2	0			0	0	0	0	0	0			3.09	14.4	2.25	3.15	1.66	0	0	0	0	0	0	0	0	0
1568	2	8431	匯鑽科	OTC	AP	其他	AP01	傳產其他	48778	48778		20260914	2	0			0	0	0	0	0	0	84312	2025-11-27	-5.76	0	0	-7.69	-2.46	-294	0	-6	-117	-300	31	-25	0	-3
1569	2	2317	鴻海	TWSE	BW	電子-其他	BW01	電子其他	14075746	14075746	泛鴻海集團	20260914	1	0	DHF	鴻海期貨	0	0	0	0	0	0			15.23	16.35	2.89	3.41	1.46	-3751	410	-45	-3285	-3386	-1041	-162	322	-174
1570	2	5263	智崴	OTC	BR	工業電腦	BR01	工業電腦	78937	78937	潤泰集團	20260914	2	0			0	0	0	0	0	0	52635	2023-12-18	2.25	44.08	0	0.77	0.57	-260	0	-22	-307	-282	4	0	11	-6
1571	2	7891	博研醫藥	ROTC	AK	生技	AK03	製藥業	19430	19430		20260914	3	0			1	0	0	0	0	0			-5.52	0	0	0	0	0	0	0	0	0	0	0	0	0
1572	2	4976	佳凌	TWSE	CH	光學鏡片	CH01	光學鏡片與鏡頭	141218	141218		20260914	1	0			0	0	0	0	0	0			-2.64	0	0	-7.51	-6.47	-76	0	1	-106	-75	-39	-31	11	1
1573	2	3073	天方能源	OTC	53b13043c3000000e2c2ca8d2ab4246e	綠能環保	5482496f76000000dacb2bfeb6adc2a9	電廠開發	39511	39511	力麗集團	20260914	2	0			0	0	0	0	0	0			-0.84	0	0	-1.58	-0.37	8	0	0	0	8	-1	0	2	0
1574	2	2405	輔信	TWSE	CL	電腦周邊產品	CL01	電腦及周邊產品	343427	343427		20260914	1	0			0	0	0	0	0	0			-0.03	0	0.68	0.25	0.23	468	0	0	-50	468	-21	0	28	0
1575	2	6972	博瑞達應材	ROTC	AH	化學工業	AL02	批發	22935	22935	宏碁集團	20260914	3	0			1	0	0	0	0	0			0.59	0	0	0	0	0	0	0	0	0	0	0	0	0
1576	2	5608	四維航	TWSE	AU	航運	AU01	散裝航運	389276	389276		20260914	1	0			0	0	0	0	0	0	56087	2024-07-31	0.09	167.5	0	1.57	1.17	657	0	5	-6	662	-165	113	98	0
1577	2	6650	帝圖	ROTC	CX	文化創意	CX01	文化創意	31090	31090		20260914	3	0			1	0	0	0	0	0			2.15	0	0	0	0	0	0	0	0	0	0	0	0	0
1578	2	4590	富田-創	TIB	AY	電機	AY03	機械零組件	54838	54838		20260914	4	0			0	0	0	0	0	0			5.57	16.93	2.56	1.35	0.86	-98	0	0	-42	-98	-20	-2	0	0
1579	2	3360	尚立	OTC	BG	IC-通路	BG01	IC零組件通路商	76402	76402		20260914	2	0			0	0	0	0	0	0			0.01	1440	0	-0.35	0.32	162	0	0	-32	162	-84	0	0	0
1580	2	3466	德晉	OTC	BX	消費性電子	BX02	視訊會議產品	77892	77892		20260914	2	0			0	0	0	0	0	0			-0.88	0	0	-1.51	-1.13	-50	0	-1	-47	-51	34	-1	10	-1
1581	2	6534	正瀚-創	TIB	AK	生技	AH03	農藥及肥料	102800	102800		20260914	4	0			0	0	0	0	0	0	65341		5.91	15.12	5.29	5.69	3.93	-22	0	0	0	-22	24	0	0	0
1582	2	3570	大塚	OTC	AE	軟體-系統整合	AE01	系統整合	17097	17097		20260914	2	0			0	0	0	0	0	0			14.3	11.64	5.83	6.5	3.77	11	0	0	1	11	-2	0	0	0
1583	2	2945	三商家購	TWSE	AL	百貨	AL03	百貨	67500	67500	三商行集團	20260914	1	0			1	0	0	0	0	0			1.85	21.55	3.78	-0.02	0.16	-1	0	0	0	-1	0	0	0	0
1584	2	1565	精華	OTC	AK	生技	AK02	應用生技	50417	50417		20260914	2	0	MYF	精華期貨	0	0	0	0	0	0			8.02	12.09	5.97	1.27	1.07	-45	0	2	-8	-43	1	0	1	-1
1585	2	3194	圓方科技	ROTC	AE	軟體-系統整合	AE01	系統整合	13915	13915		20260914	3	0			1	0	0	0	0	0			3.62	0	0	0	0	0	0	0	0	0	0	0	0	0
1586	2	6869	雲豹能源	TWSE	53b13043c3000000e2c2ca8d2ab4246e	綠能環保	54820dbff70000007c774dd6ca68b569	能源工程	137830	137830		20260914	1	0			0	0	0	0	0	0	68692	2026-06-12	-8.15	0	3.15	-2.18	-0.44	-124	0	-12	-70	-136	42	0	77	-11
1587	2	7929	碩通散熱	ROTC	BQ	散熱模組	BQ02	散熱模組	21673	21673		20260914	3	0			1	0	0	0	0	0			30.56	0	0	0	0	0	0	0	0	0	0	0	0	0
1588	2	4570	傑生	ROTC	AY	電機	AY01	機械	44000	44000		20260914	3	0			1	0	0	0	0	0			4.43	0	0	0	0	0	0	0	0	0	0	0	0	0
1589	2	6207	雷科	OTC	CK	儀器設備工程	CK03	電子設備	93066	93066		20260914	2	0			0	0	0	0	0	0	62076	2025-07-01	1.73	73.68	0.54	3.55	2.1	-246	0	34	-57	-212	-73	-95	68	34
1590	2	6982	大井泵浦	OTC	AY	電機	AY01	機械	40752	40752		20260914	2	0			0	0	0	0	0	0	69822	2025-06-13	-0.37	0	3.61	1.37	0.68	4	0	0	0	4	0	1	0	0
1591	2	6470	宇智	OTC	CI	網通設備	CI02	網路設備	37694	37694		20260914	2	0			0	0	0	0	0	0			4.81	9.01	5.78	0.76	0.51	2	0	0	0	2	1	0	0	0
1592	2	6026	福邦證	OTC	AD	金融-證券	AD01	證券	396162	396162		20260914	2	0			0	0	0	0	0	0			2.77	5.47	9.03	6.67	2.61	373	25	0	47	398	-45	0	0	0
1593	2	6833	太康精密	ROTC	BP	連接元件	BP01	連接器	57977	57977		20260914	3	0			1	0	0	0	0	0			-3.2	0	0	0	0	0	0	0	0	0	0	0	0	0
1594	2	9919	康那香	TWSE	AT	紡織纖維	AT05	不織布	195363	195363		20260914	1	0			1	0	0	0	0	0			-3.21	0	0	-8.14	-2.48	21	0	1	-8	22	-2	0	0	0
1595	2	8367	建新國際	TWSE	AU	航運	AU03	航運其他	92172	92172		20260914	1	0			0	0	0	0	0	0			3.15	12.76	7.09	1.36	0.54	-2	0	0	-1	-2	0	0	0	0
1596	2	7744	崴寶	OTC	CS	電子零組件	CS01	電子零組件	32077	32077		20260914	2	0			0	0	0	0	0	0			22.66	22.88	1.41	9.34	6.4	-28	0	-4	-5	-32	-6	0	2	-2
1597	2	2530	華建	TWSE	BB	營建	BB01	營造工程	841256	841256		20260914	1	0			0	0	0	0	0	0	25305	2026-06-08	0.66	30.45	11.49	-0.59	-0.13	360	25	-15	180	370	-59	0	0	0
1598	2	5248	景傳	ROTC	AP	其他	CK02	半導體設備	24500	24500		20260914	3	0			1	0	0	0	0	0			0.32	0	0	0	0	0	0	0	0	2	0	0	0	0
1599	2	1409	新纖	TWSE	AT	紡織纖維	AT01	紡織原料	1618409	1618409	新光集團	20260914	1	0			0	0	0	0	0	0			2.19	11.11	3.68	2.86	0.76	-4170	0	-144	-3115	-4314	-242	-358	1661	-136
1600	2	2023	燁輝	TWSE	BA	鋼鐵	BA04	鋼鐵加工	1821240	1821240	義聯集團	20260914	1	0			0	0	0	0	0	0			-1.48	0	0	-0.85	0.12	-470	0	-14	20	-484	-1	-20	87	0
1601	2	3206	志豐	OTC	CL	電腦周邊產品	CL01	電腦及周邊產品	58917	58917		20260914	2	0			0	0	0	0	0	0			1.73	20.17	4.3	1.71	0.95	-1	0	0	0	-1	0	0	0	0
1602	2	6781	AES-KY	TWSE	CV	電池	CV01	電池	85419	85419		20260914	1	0			0	0	0	0	0	0			42.29	23.77	1.9	6.11	4.08	26	0	-13	-9	13	-10	0	9	-13
1603	2	8466	美吉吉-KY	TWSE	BB	營建	BB03	建材	79446	79446		20260914	1	0			0	0	0	0	0	0			-2.82	0	2.14	-2.38	-0.83	0	0	0	0	0	-13	0	0	0
1604	2	2884	玉山金	TWSE	AA	金融-金控	AA01	金控	17723510	17723510		20260914	1	0	DNF	玉山金期貨	0	0	0	0	0	0			2.4	19.21	3.02	4.02	0.24	9208	1514	502	12364	11225	1130	84	5137	591
1605	2	8103	瀚荃	TWSE	BP	連接元件	BP01	連接器	78437	78437		20260914	1	0			0	0	0	0	0	0			5.45	19.76	2.48	3.11	1.88	-611	0	86	-361	-526	268	-25	70	13
1606	2	8996	高力	TWSE	BQ	散熱模組	BQ02	散熱模組	93627	93627		20260914	1	0			0	0	1	0	0	0	89966	2026-08-31	14.98	89.56	0.34	4.11	2.17	-262	762	29	432	529	-93	19	189	10
1607	2	6417	韋僑	OTC	CI	網通設備	CI03	無線通訊設備	42274	42274		20260914	2	0			0	0	0	0	0	0			6.53	15.77	2.33	4.6	2.82	-24	0	0	-6	-24	5	0	0	0
1608	2	8215	明基材	TWSE	CF	LCD零組件	CF01	面板零組件	320675	320675	明基友達集團	20260914	1	0			0	0	0	0	0	0			-2.26	0	1.2	-1.14	-0.17	77	96	-1	55	172	-58	0	36	-1
1609	2	2377	微星	TWSE	CL	電腦周邊產品	CG01	板卡	844856	844856		20260914	1	0	GIF	微星期貨	0	0	0	0	0	0			11.53	12.92	2.82	5.31	2.45	2406	75	-50	1292	2430	-331	-3	603	-37
1610	2	6920	恆勁科技	ROTC	BH	IC-製造	CK02	半導體設備	207219	207219		20260914	3	0			1	0	0	0	0	0			-3.35	0	0	0	0	0	0	0	0	235	0	0	0	0
1611	2	2303	聯電	TWSE	BH	IC-製造	BH02	晶圓代工	12570094	12570094	聯電集團	20260914	1	0	CCF	聯電期貨	0	0	0	0	0	0	23032	2026-06-30	6.69	21.13	1.86	9.93	6.72	-3985	1636	2374	-3368	25	-7187	-456	1516	-214
1612	2	3167	大量	TWSE	BK	PCB-材料設備	BK01	印刷電路板設備	90581	90581		20260914	1	0			0	0	0	0	0	0	31672	2025-03-21	14.41	58.06	0.47	13.8	4.9	-77	154	-6	-43	71	-262	-24	259	-4
1613	2	6147	頎邦	OTC	BE	IC-封測	BE01	IC封裝測試	744578	744578		20260914	2	0	NSF	頎邦期貨	0	0	0	0	0	0			4.16	43.72	1.55	1.8	1.57	-5900	-8	-459	-5031	-6368	-319	-76	1022	-162
1614	2	5548	安倉	OTC	BB	營建	BB01	營造工程	62271	62271		20260914	2	0			0	0	0	0	0	0			2.01	10.18	9.27	1.39	0.74	0	0	0	0	0	0	0	0	0
1615	2	3434	哲固	OTC	BV	安全監控	BV01	安全監控系統	35755	35755		20260914	2	0			0	0	0	0	0	0			0.39	78.65	4.12	0.73	0.55	-13	0	0	-5	-13	7	0	4	0
1616	2	3043	科風	TWSE	CM	變壓器與UPS	CM01	UPS	38976	38976		20260914	1	0			0	0	0	0	0	0			-1.74	0	0	2.38	1.09	0	0	0	-9	0	1	0	1	0
1617	2	7797	Q Burger	ROTC	BC	觀光	BC01	餐飲	22245	22245		20260914	3	0			1	0	0	0	0	0			5.42	0	0	0	0	0	0	0	0	0	0	0	0	0
1618	2	6606	建德工業	TWSE	AY	電機	AY06	自動化設備	110304	110304		20260914	1	0			0	0	0	0	0	0			1.44	17.72	4.01	3.62	2.66	1	0	-1	0	0	-4	0	0	0
1619	2	7735	台智雲	ROTC	AE	軟體-系統整合	5482289646000000c26187ecbfa0dd33	雲端服務	43331	43331		20260914	3	0			1	0	0	0	0	0			4.08	0	0	0	0	0	0	0	0	0	0	0	0	0
1620	2	8076	伍豐	OTC	BR	工業電腦	CL01	電腦及周邊產品	292214	292214		20260914	2	0			0	0	0	0	0	0			0.14	155.36	3.22	1.3	0.87	-246	0	0	-131	-246	27	0	65	0
1621	2	4555	氣立	TWSE	AY	電機	AY03	機械零組件	69988	69988		20260914	1	0			0	0	0	0	0	0	45554	2025-03-24	1.01	42.08	1.18	1.65	1.22	-17	0	1	-8	-16	-23	0	1	0
1622	2	6510	精測	OTC	BE	IC-封測	BE03	IC封裝測試設備	32929	32929	中華電信集團	20260914	2	0	OXF	精測期貨	0	0	0	0	0	0	65102	2025-11-07	42.55	82.08	0.44	4.94	3.65	390	-84	23	34	329	-93	-4	7	-10
1623	2	6175	立敦	OTC	BO	被動元件	BO04	鋁質電解電容	150122	150122		20260914	2	0			0	0	0	0	0	0			3.14	22.2	4.32	3.41	2.69	-28	0	-5	13	-33	29	0	38	-5
1624	2	7736	虎山	TWSE	AY	電機	AY01	機械	76000	76000		20260914	1	0			0	0	0	0	0	0			5.58	12.47	5.5	2.72	2.12	-1	0	-1	0	-2	1	0	1	0
1625	2	4572	駐龍	TWSE	CT	航天軍工	CT01	航天軍工	40019	40019		20260914	1	0			0	0	0	0	0	0	45721	2023-12-29	3.67	38.72	3.51	1.99	1.29	-7	0	2	0	-5	2	0	2	0
1626	2	2505	國揚	TWSE	BB	營建	BB01	營造工程	380000	380000		20260914	1	0			0	0	0	0	0	0			1.98	8.74	5.78	0.54	0.29	-6	0	0	0	-6	9	0	41	0
1627	2	6525	捷敏-KY	TWSE	BE	IC-封測	BE01	IC封裝測試	129047	129047		20260914	1	0			0	0	0	0	0	0			7.19	17.32	4.02	6.3	3.96	163	-192	-54	-61	-84	15	1	15	-6
1628	2	6432	今展科	OTC	BO	被動元件	BO01	電感	40152	40152		20260914	2	0			0	0	0	0	0	0	64324	2024-06-26	2.5	22.15	2.24	3.15	2.3	-11	0	-4	-47	-14	6	-6	0	-1
1629	2	3105	穩懋	OTC	BH	IC-製造	BH03	砷化鎵代工	423940	423940		20260914	2	0	NAF	穩懋期貨	0	0	0	0	0	0			8.51	51.41	0.46	2.12	1.64	-3001	60	-178	-3043	-3119	-131	-54	960	-84
1630	2	8932	智通*	OTC	AE	軟體-系統整合	AE01	系統整合	426013	426013		20260914	2	0	VLF	智通期貨	0	0	0	0	0	0			2.72	42.94	1.46	8.63	5.73	-455	0	-109	-56	-564	539	0	493	-114
1631	2	2006	東和鋼鐵	TWSE	BA	鋼鐵	BA03	鋼胚鋼筋	730214	730214		20260914	1	0	FBF	東和鋼鐵期貨	0	0	0	0	0	0			7.52	10.96	5.21	5.31	3.43	554	10	-4	309	561	-30	0	1	3
1632	2	4433	興采	OTC	AT	紡織纖維	AT03	紡織纖維	61300	61300		20260914	2	0			0	0	0	0	0	0			1.13	16.61	5.38	-4.61	-1.18	5	0	0	-9	5	0	0	0	0
1633	2	3675	德微	OTC	CU	二極體	CU01	二極體	53058	53058		20260914	2	0			0	0	0	0	0	0			5.71	45.28	1.54	3.89	2.42	5	-70	-20	-61	-84	-42	0	10	-20
1634	2	1417	嘉裕	TWSE	AT	紡織纖維	AT04	成衣	189942	189942	裕隆集團	20260914	1	0			0	0	0	0	0	0			0.52	15.84	3.09	1.05	0.92	-17	0	0	-11	-17	0	0	0	0
1635	2	3691	碩禾	OTC	BS	太陽能	BS01	太陽能	91883	91883	國碩集團	20260914	2	0	NGF	碩禾期貨	0	0	0	0	0	0	36913	2024-07-09	2.74	34.05	0	0.8	0.64	-8	0	18	-136	10	-65	-9	5	-1
1636	2	4706	大恭	OTC	AH	化學工業	AH01	化學工業	79030	79030		20260914	2	0			0	0	0	0	0	0			1.1	32.21	0.84	1.35	1.21	1	0	-1	0	0	-6	0	0	0
1637	2	3150	鈺寶-創	TIB	BF	IC-設計	BF01	IC設計	44377	44377		20260914	4	0			0	0	0	0	0	0			-0.3	0	3.16	0.35	0.31	-5	0	5	0	0	0	0	0	5
1638	2	4105	東洋	OTC	AK	生技	AK03	製藥業	248650	248650	東洋集團	20260914	2	0			0	0	0	0	0	0			6.96	11.12	5.81	5.74	3.76	3	13	-4	-80	11	-3	0	0	0
1639	2	6580	台睿	ROTC	AK	生技	AK04	生技其他	112120	112120		20260914	3	0			1	0	0	0	0	0			-3.38	0	0	0	0	0	0	0	0	0	0	0	0	0
1640	2	6190	萬泰科	OTC	BP	連接元件	BP02	連接線材	195848	195848		20260914	2	0			0	0	0	0	0	0	61907	2025-09-18	2.47	29.43	2.89	4.27	2.17	-62	0	-22	-107	-84	17	18	108	-9
1641	2	7880	聖凰	ROTC	CK	儀器設備工程	CK02	半導體設備	26500	26500		20260914	3	0			1	0	0	0	0	0			13.44	0	0	0	0	0	0	0	0	0	0	0	0	0
1642	2	9105	泰金寶-DR	TWSE	CL	電腦周邊產品	CL01	電腦及周邊產品	1616546	1616546	金仁寶集團	20260914	1	0			0	0	0	0	0	0			0.2	0	0	2.67	0.81	1377	0	77	2159	1454	-101	8	483	77
1643	2	2947	振宇五金	OTC	53b130187d0000003b11a6755a185d27	居家生活	CP01	家居用品	23642	23642		20260914	2	0			1	0	0	0	0	0			3.24	18.24	1.67	2.46	0.86	-10	0	0	-2	-10	0	0	0	0
1644	2	7812	稜研科技*	ROTC	CI	網通設備	CI03	無線通訊設備	60419	60419		20260914	3	0			1	0	0	0	0	0			-4.12	0	0	0	0	0	0	0	0	0	0	0	0	0
1645	2	5878	台名	OTC	AB	金融-保險	AB01	保險	25024	25024		20260914	2	0			1	0	0	0	0	0			2.51	15.18	6.3	4.35	2.89	0	0	-3	0	-3	0	0	0	-3
1646	2	2938	床的世界	ROTC	53b130187d0000003b11a6755a185d27	居家生活	CP01	家居用品	22840	22840		20260914	3	0			1	0	0	0	0	0			1.52	0	0	0	0	0	0	0	0	0	0	0	0	0
1647	2	6183	關貿	TWSE	AU	航運	AU03	航運其他	150000	150000		20260914	1	0			0	0	0	0	0	0			4.51	20.27	3.89	7.1	4.06	-3	0	-2	0	-5	0	0	0	0
1648	2	6234	高僑	OTC	CK	儀器設備工程	AY06	自動化設備	100386	100386		20260914	2	0			0	0	0	0	0	0			1.03	32.16	0.75	0.33	0.31	-81	0	-3	-130	-84	-143	1	43	-3
1649	2	6835	圓裕	TWSE	BL	PCB-製造	BL02	軟板	66172	66172		20260914	1	0			0	0	0	0	0	0	68351	2024-09-13	0.3	100.5	3.35	-1.05	-0.3	14	0	0	0	14	1	1	0	0
1650	2	3530	晶相光	TWSE	CH	光學鏡片	CH02	影像感測元件	77476	77476	神盾集團	20260914	1	0			0	0	0	0	0	0			3.11	18.23	1.42	1.99	1.73	-11	0	-3	-8	-14	-5	1	7	0
1651	2	2712	遠雄來	TWSE	BC	觀光	BC03	飯店	105000	105000	遠雄集團	20260914	1	0			1	0	0	0	0	0			-0.26	0	0	-0.74	-0.31	0	0	0	0	0	0	0	0	0
1652	2	2488	漢平	TWSE	BW	電子-其他	BW01	電子其他	79999	79999		20260914	1	0			0	0	0	0	0	0			4.86	9.97	6.18	3.61	2.53	-28	0	0	3	-28	-1	0	4	0
1653	2	8255	朋程	OTC	CU	二極體	CU01	二極體	101961	101961	中美晶集團	20260914	2	0			0	0	0	0	0	0			6.76	19.78	2.62	1.2	0.89	-77	0	-8	-54	-85	-10	-1	43	-8
1654	2	4732	彥臣	ROTC	AK	生技	AK01	醫療器材	49644	49644		20260914	3	0			1	0	0	0	0	0			-3.51	0	0	0	0	0	0	0	0	0	0	0	0	0
1655	2	5483	中美晶	OTC	BM	矽晶圓	BM01	矽晶圓	641222	641222	中美晶集團	20260914	2	0	NOF	中美晶期貨	0	0	0	0	0	0			9.36	19.62	1.99	3.69	1.91	-1105	269	-24	-681	-860	-88	4	983	-44
1656	2	3228	金麗科	OTC	BF	IC-設計	BF02	矽智財	71937	71937		20260914	2	0			1	0	0	0	0	0			-1.94	0	0	-4.89	-4.22	54	0	-8	0	46	0	0	0	-9
1657	2	4157	太景*-KY	OTC	AK	生技	AK03	製藥業	711834	711834	永豐餘集團	20260914	2	0			0	0	0	0	0	0			0.22	39.45	0	-2.06	-1.96	-296	0	0	-341	-296	31	0	74	0
1658	2	8091	翔名	OTC	CK	儀器設備工程	CK02	半導體設備	57012	57012		20260914	2	0			0	0	0	0	0	0	80914	2024-05-23	9.78	21.65	2.04	4.42	3.25	20	0	-12	-105	8	-3	10	26	-6
1659	2	4537	旭東	ROTC	BW	電子-其他	BW01	電子其他	78840	78840		20260914	3	0			1	0	0	0	0	0			1.54	0	0	0	0	0	0	0	0	-2	0	0	0	0
1660	2	6664	群翊	OTC	BK	PCB-材料設備	BK01	印刷電路板設備	61151	61151		20260914	2	0			0	0	0	0	0	0	66642	2024-09-27	16.65	20.2	3.02	5.41	2.36	-18	0	-20	-109	-38	-94	0	19	-20
1661	2	2375	凱美	TWSE	BO	被動元件	BO04	鋁質電解電容	108675	108675	國巨集團	20260914	1	0			0	0	0	0	0	0			4.15	28.49	1.01	1.12	0.82	-387	0	-4	-318	-391	64	-1	221	-4
1662	2	6492	生華科	OTC	AK	生技	AK03	製藥業	114904	114904		20260914	2	0			1	0	0	0	0	0			-3.32	0	0	-12.55	-11.67	34	0	0	-22	34	0	0	0	0
1663	2	5205	中茂	OTC	53b13043c3000000e2c2ca8d2ab4246e	綠能環保	CO01	水資源處理	14200	14200		20260914	2	0			1	0	0	0	0	0			-1.67	0	0	-9.23	-6.47	0	0	0	0	0	0	0	0	0
1664	2	4960	誠美材	TWSE	CF	LCD零組件	CF04	偏光板	571705	571705		20260914	1	0			0	0	0	0	0	0			-1.44	0	0	-2.56	-1.28	126	0	7	21	132	-25	-44	82	6
1665	2	5302	太欣	OTC	BF	IC-設計	BF01	IC設計	159888	159888		20260914	2	0			1	0	0	0	0	0			-0.02	0	0	-0.55	-0.28	-64	0	0	-109	-64	0	0	0	0
1666	2	6276	安鈦克	OTC	CJ	電源供應器	CL02	電腦機殼	22043	22043		20260914	2	0			1	0	0	0	0	0			-4.26	0	0	-50.67	-17.61	-2	0	0	0	-2	0	0	0	0
1667	2	7785	北祥科服	ROTC	AE	軟體-系統整合	AE01	系統整合	33339	33339		20260914	3	0			1	0	0	0	0	0			3.36	0	0	0	0	0	0	0	0	0	0	0	0	0
1668	2	3008	大立光	TWSE	CH	光學鏡片	CH01	光學鏡片與鏡頭	130798	130798		20260914	1	0	IJF	大立光期貨	0	0	0	0	0	0			185.73	35.42	1.2	2.49	2.09	-12	177	-44	-70	122	-32	3	56	-13
1669	2	5511	德昌	OTC	BB	營建	BB01	營造工程	136000	136000		20260914	2	0			0	0	0	0	0	0			13.59	4.86	8.06	6.32	2.84	-41	0	0	-8	-41	4	0	1	0
1670	2	6167	久正	OTC	CE	LCD面板	CE01	TNSTN-LCD	146000	146000		20260914	2	0			0	0	0	0	0	0			-0.13	0	0	-0.87	-0.73	-19	0	0	-5	-19	-38	0	0	0
1671	2	3038	全台	TWSE	CE	LCD面板	CE02	TFT-LCD	157408	157408		20260914	1	0			0	0	0	0	0	0			1.47	13.25	6	1.57	1.09	-1	0	-12	0	-13	-142	0	2	0
1672	2	2424	隴華	TWSE	CI	網通設備	CI03	無線通訊設備	59585	59585		20260914	1	0			1	0	0	1	0	0			-1.63	0	0	-8.35	-5.71	-12	0	0	-1	-12	0	0	0	0
1673	2	2455	全新	TWSE	BH	IC-製造	BH03	砷化鎵代工	187916	187916		20260914	1	0	GUF	全新期貨	1	0	0	0	1	1	24553	2025-12-16	4.12	126.23	0.51	5.8	3.89	416	-15	14	28	415	-95	-32	0	-22
1674	2	5478	智冠	OTC	AG	軟體-遊戲	AG01	軟體遊戲	156074	156074		20260914	2	0			0	0	0	0	0	0			8.49	11.9	7.74	3.64	1.72	-13	0	-2	-6	-15	2	0	0	-2
1675	2	1213	大飲	TWSE	AR	食品	AR02	飲料相關	56623	56623		20260914	1	0			1	0	0	1	0	0			-0.95	0	0	-1.67	-1.34	0	0	0	0	0	0	0	0	0
1676	2	4743	合一	OTC	AK	生技	AK03	製藥業	480533	480533	中天生技集團	20260914	2	0	RNF	合一期貨	0	0	0	0	0	0			0.13	337.69	0	2.42	2.24	-747	0	-43	-611	-790	29	20	445	0
1677	2	6892	台寶生醫	ROTC	AK	生技	AK01	醫療器材	94015	94015		20260914	3	0			1	0	0	0	0	0			-6.56	0	0	0	0	0	0	0	0	-4	0	0	0	0
1678	2	1471	首利	TWSE	CJ	電源供應器	CJ01	電源供應器	150415	150415		20260914	1	0			1	0	0	0	0	0			0.2	47.4	0	1.75	1.64	21	0	0	-57	21	0	0	0	0
1679	2	6230	尼得科超眾	TWSE	BQ	散熱模組	BQ02	散熱模組	86343	86343		20260914	1	0			0	0	0	0	0	0			-5.06	0	0	-1.35	-0.73	-6	0	0	0	-6	-2	-1	0	0
1680	2	4133	亞諾法	TWSE	AK	生技	AK04	生技其他	60554	60554		20260914	1	0			0	0	0	0	0	0			0.74	27.36	0.54	0.49	0.46	-5	0	0	-4	-5	0	10	0	0
1681	2	6174	安碁	OTC	BO	被動元件	BO05	石英元件	50000	50000		20260914	2	0			0	0	0	0	0	0	61743	2026-08-24	1.26	31.69	0.84	3.31	2.21	-135	0	-2	-96	-137	-3	5	15	0
1682	2	2882	國泰金	TWSE	AA	金融-金控	AA01	金控	16202510	14669210	霖園集團	20260914	1	0	CKF	國泰金期貨	0	0	0	0	0	0			9.11	13.03	3.17	4.61	0.3	235	35	56	134	325	-56	-7	0	122
1683	2	6753	龍德造船	TWSE	AU	航運	AU03	航運其他	117300	117300		20260914	1	0			0	0	0	0	0	0	67531	2024-05-14	10.57	12.79	0.93	8.72	4.24	-298	0	-6	-126	-304	87	0	106	-6
1684	2	1503	士電	TWSE	AY	電機	AY04	機電工程	520972	520972	仰德集團	20260914	1	0	UAF	士電期貨	0	0	0	0	0	0			7.26	27.82	2.48	3.09	1.95	-187	-1	-26	-34	-214	-35	0	55	-15
1685	2	5246	勵威	ROTC	BE	IC-封測	BE02	IC測試	44974	44974		20260914	3	0			1	0	0	0	0	0			-4.77	0	0	0	0	0	0	0	0	39	0	0	0	0
1686	2	6734	安盛生	ROTC	AK	生技	AK01	醫療器材	40623	40623		20260914	3	0			1	0	0	0	0	0			-2.97	0	0	0	0	0	0	0	0	0	0	0	0	0
1687	2	6915	美強光	ROTC	CS	電子零組件	CS01	電子零組件	35300	35300		20260914	3	0			1	0	0	0	0	0			-1.16	0	0	0	0	0	0	0	0	0	0	0	0	0
1688	2	3024	憶聲	TWSE	BX	消費性電子	BX01	消費性電子產品	277157	277157		20260914	1	0			0	0	0	0	0	0			0.03	360	1.53	0.31	0.23	-261	0	0	-41	-261	64	-3	110	0
1689	2	8450	霹靂	OTC	CX	文化創意	CX01	文化創意	51310	51310		20260914	2	0			1	0	0	0	0	0			-3.08	0	0	-6.04	-2.47	4	0	1	-9	5	0	0	0	1
1690	2	4974	亞泰	OTC	CH	光學鏡片	CH02	影像感測元件	72500	72500		20260914	2	0			0	0	0	0	0	0			4.88	14.71	5.43	3.15	2.22	-34	0	-1	-6	-34	-5	0	2	-1
1691	2	3178	公準	OTC	BE	IC-封測	BE03	IC封裝測試設備	45050	45050		20260914	2	0			0	0	0	0	0	0			0.32	185.31	0	1.6	0.85	-17	0	0	4	-17	6	0	7	0
1692	2	7556	意德士	OTC	CK	儀器設備工程	CK02	半導體設備	29185	29185		20260914	2	0			0	0	0	0	0	0	75562	2025-07-07	8.65	28.19	1.87	5.23	3.58	0	0	0	0	0	3	-3	0	0
1693	2	6205	詮欣	TWSE	BP	連接元件	BP02	連接線材	82236	82236		20260914	1	0			0	0	0	0	0	0			2.28	26.89	2.45	2.44	1.73	56	0	1	-59	57	-52	0	4	0
1694	2	4534	慶騰	OTC	AY	電機	AY02	工具機	86789	86789		20260914	2	0			1	0	0	0	0	0			0.48	57.92	0	-1.08	-0.34	-337	0	0	-207	-337	0	0	0	0
1695	2	4510	高鋒	OTC	AY	電機	AY02	工具機	108978	108978		20260914	2	0			0	0	0	0	0	0	45102	2024-12-06	0.94	45	0	9.73	3.68	44	0	-8	-48	37	-42	-26	142	-8
1696	2	1587	吉茂	TWSE	AO	汽車零組件	AO01	汽機車零組件	80056	80056		20260914	1	0			0	0	0	0	0	0			0.22	112.38	0	-0.66	-0.05	-16	0	0	3	-16	-11	0	7	0
1697	2	6894	衛司特	OTC	53b13043c3000000e2c2ca8d2ab4246e	綠能環保	54821ecf0300000088af2b9a7ddc51f5	金屬回收處理	23808	23808		20260914	2	0			0	0	0	0	0	0	68942	2025-12-24	15.76	22.59	2.39	6.3	3.74	-19	0	-1	-10	-20	3	-4	0	-1
1698	2	7913	通寶半導體	ROTC	BF	IC-設計	BF01	IC設計	45139	45139		20260914	3	0			1	0	0	0	0	0			0.4	0	0	0	0	0	0	0	0	0	0	0	0	0
1699	2	2442	新美齊	TWSE	BB	營建	BB01	營造工程	347998	347998		20260914	1	0			0	0	0	0	0	0	24424	2024-10-24	5.89	2.97	18.15	0.27	0.1	-433	0	0	-548	-433	42	14	520	0
1700	2	3402	漢科	OTC	CK	儀器設備工程	CK02	半導體設備	73048	73048		20260914	2	0			0	0	0	0	0	0			7.18	17.13	4.88	7.44	2.26	-24	0	-9	-26	-33	5	0	8	-9
1701	2	4148	全宇生技-KY	TWSE	AK	生技	AK02	應用生技	67236	67236		20260914	1	0			0	0	0	0	0	0			2.76	12.25	2.96	2.71	2.25	16	0	-2	24	14	-5	0	0	0
1702	2	6109	亞元	OTC	CJ	電源供應器	CJ01	電源供應器	87825	87825	華碩集團	20260914	2	0			1	0	0	0	0	0			-0.79	0	0	-5.43	-3.28	-17	0	0	-18	-17	-3	0	0	0
1703	2	9955	佳龍	TWSE	53b13043c3000000e2c2ca8d2ab4246e	綠能環保	54821ecf0300000088af2b9a7ddc51f5	金屬回收處理	119425	119425		20260914	1	0			0	0	0	0	0	0			1.93	12.3	0	7.41	3.43	-22	0	-8	-7	-30	29	0	0	0
1704	2	1419	新紡	TWSE	AT	紡織纖維	AT04	成衣	300041	300041	新光集團	20260914	1	0			0	0	0	0	0	0			13.9	4.83	2.68	2.53	2.07	-21	0	-2	1	-23	1	0	4	0
1705	2	5236	凌陽創新	TWSE	BF	IC-設計	BF01	IC設計	60004	60004	凌陽集團	20260914	1	0			0	0	0	0	0	0			10.27	12.76	6.87	7.27	5.01	-25	0	0	-45	-25	2	0	10	0
1706	2	5455	昇益	OTC	DB	控股公司	DB01	控股公司	65502	65502		20260914	2	0			0	0	0	0	0	0			-0.63	0	0	-1.53	-0.34	0	0	0	0	0	0	0	0	0
1707	2	7936	寰聖	ROTC	CV	電池	CV01	電池	36038	36038		20260914	3	0			1	0	0	0	0	0			-0.14	0	0	0	0	0	0	0	0	0	0	0	0	0
1708	2	3673	TPK-KY	TWSE	CE	LCD面板	CE01	TNSTN-LCD	406664	406664		20260914	1	0	JNF	TPK-KY期貨	0	0	0	0	0	0			4.58	13.47	2.92	1.16	0.75	-45	0	-30	-38	-75	-19	0	124	-27
1709	2	4529	淳紳	OTC	AN	汽車	AN01	汽機車	84549	84549		20260914	2	0			1	0	0	1	1	0			-0.65	0	0	-4.44	-1.91	0	0	0	0	0	0	0	0	0
1710	2	3071	協禧	OTC	BQ	散熱模組	BQ01	散熱風扇	110000	110000		20260914	2	0			0	0	0	0	0	0			0.58	40.52	3.4	2.81	1.47	29	0	0	-28	29	17	0	0	0
1711	2	6196	帆宣	TWSE	CK	儀器設備工程	CK02	半導體設備	220330	220330	泛鴻海集團	20260914	1	0			0	0	0	0	0	0			22.5	23.14	1.26	10.03	2.95	71	26	-16	-563	81	5	2	113	-16
1712	2	6435	大中	OTC	DA	MOSFET	DA01	MOSFET	37461	37461		20260914	2	0			0	0	0	0	0	0			13.39	17.52	3.21	6.63	4.48	2	0	-4	-4	-2	-24	2	0	-4
1713	2	3406	玉晶光	TWSE	CH	光學鏡片	CH01	光學鏡片與鏡頭	112743	112743		20260914	1	0	LEF	玉晶光期貨	0	0	0	0	0	0			36.96	28.68	1.6	2.61	1.6	-1585	720	51	-249	-815	-142	-125	249	37
1714	2	2729	瓦城	OTC	BC	觀光	BC01	餐飲	43041	43041		20260914	2	0			0	0	0	0	0	0			6.15	25.04	4.54	3.22	1.45	1	0	0	0	1	0	0	0	0
1715	2	4138	曜亞	OTC	AK	生技	AK01	醫療器材	39930	39930		20260914	2	0			0	0	0	0	0	0			3.66	14.64	7.84	2.61	1.56	2	0	0	0	2	-1	0	0	0
1716	2	2007	燁興	TWSE	BA	鋼鐵	BA02	不鏽鋼產品	530652	530652	義聯集團	20260914	1	0			1	0	0	0	0	0			-2.08	0	0	-4.93	-1.28	-51	0	0	-80	-51	0	0	0	0
1717	2	8040	九暘	OTC	BF	IC-設計	BF01	IC設計	96414	96414	聯發科集團	20260914	2	0			0	0	0	0	0	0			0.09	965	0	0.98	0.92	-330	0	8	-280	-322	12	-5	61	8
1718	2	4147	中裕	OTC	AK	生技	AK03	製藥業	273202	273202	潤泰集團	20260914	2	0			0	0	0	0	0	0			-0.51	0	0	-1.95	-1.55	-358	0	-1	-289	-359	-1204	0	94	0
1719	2	6486	互動	OTC	CW	電商平台	CW01	電子商務	50893	50893	明基友達集團	20260914	2	0			0	0	0	0	0	0			4.79	16.77	7.45	1.25	0.58	5	0	0	0	5	-18	0	3	0
1720	2	5546	永固-KY	TWSE	AJ	水泥	AJ02	預拌混凝土	82353	82353		20260914	1	0			0	0	0	0	0	0			-1.77	0	6.87	-1.95	-0.64	-2	0	-5	0	-7	0	0	0	0
1721	2	5212	凌網	OTC	AE	軟體-系統整合	AE01	系統整合	34633	34633		20260914	2	0			0	0	0	0	0	0	52121	2024-09-04	6.36	7.41	8.94	7.21	0	-2	0	0	0	-2	2	0	0	0
1722	2	3588	通嘉	TWSE	BF	IC-設計	BF01	IC設計	61991	61991		20260914	1	0			0	0	0	0	0	0			1.2	43.36	0.97	2.11	1.81	-7	0	0	-8	-7	0	1	6	0
1723	2	8162	微矽電子-創	TIB	BW	電子-其他	CK04	半導體檢測	68702	68702		20260914	4	0			0	0	0	0	0	0			1.34	45.67	2.45	2.65	1.58	11	0	0	12	11	13	0	0	0
1724	2	7934	鋒霈環境科技	ROTC	53b13043c3000000e2c2ca8d2ab4246e	綠能環保	CO01	水資源處理	26029	26029		20260914	3	0			1	0	0	0	0	0			9.75	0	0	0	0	0	0	0	0	-1	0	0	0	0
1725	2	1558	伸興	TWSE	AY	電機	AY01	機械	64536	64536		20260914	1	0			0	0	0	0	0	0			7.93	13.51	4.61	3.2	2.08	-34	0	0	136	-34	129	0	6	0
1726	2	6236	中湛	OTC	AK	生技	AK02	應用生技	41654	41654		20260914	2	0			1	0	0	1	0	0			0.01	1995	0	-0.1	-0.07	0	0	0	0	0	0	0	0	0
1727	2	8046	南電	TWSE	BL	PCB-製造	BL04	IC基板	646165	646165	台塑集團	20260914	1	0	LYF	南電期貨	0	0	0	0	0	0			8.51	126.91	0.19	4.71	3.57	617	49	97	551	763	-217	40	98	73
1728	2	6216	居易	TWSE	CI	網通設備	CI02	網路設備	97417	97417		20260914	1	0			0	0	0	0	0	0			0.37	53.51	5.2	-0.11	-0.1	-29	0	0	-40	-29	2	1	0	0
1729	2	5306	桂盟	TWSE	53b12ee9760000004fff0eead0b0f535	運動休閒	AM01	自行車	126001	126001		20260914	1	0			0	0	0	0	0	0	53064	2023-09-22	7.05	12.54	4.24	2.89	1.96	-148	0	-14	-150	-162	-5	0	41	0
1730	2	2002	中鋼	TWSE	BA	鋼鐵	BA04	鋼鐵加工	15773129	15734861	中鋼集團	20260914	1	0	CBF	中鋼期貨	0	0	0	0	0	0			-0.19	0	0.79	0.84	0.56	-14889	566	-355	-7449	-14678	80	-18	4162	-215
1731	2	7704	明遠精密	OTC	BW	電子-其他	CK02	半導體設備	33770	33770		20260914	2	0			0	0	0	0	0	0			3.22	18.79	2.98	3.64	3.09	-6	0	0	0	-6	3	0	0	0
1732	2	6542	隆中	OTC	AG	軟體-遊戲	AG01	軟體遊戲	42001	42001		20260914	2	0			0	0	0	0	0	0			0.44	97.39	0.05	1.41	1.2	0	0	0	0	0	-1	0	0	0
1733	2	8938	明安	OTC	53b12ee9760000004fff0eead0b0f535	運動休閒	AM02	高爾夫球	156986	156986		20260914	2	0			0	0	0	0	0	0			5.35	9.81	7.77	0.03	0.14	36	6	1	-3	43	0	0	4	0
1734	2	2929	淘帝-KY	TWSE	AT	紡織纖維	AT04	成衣	109494	109494		20260914	1	0			0	0	0	0	0	0			-2.23	0	0	-2.04	-1.6	-2	0	0	-12	-2	3	0	0	0
1735	2	5903	全家	OTC	53b130187d0000003b11a6755a185d27	居家生活	AL03	百貨	223220	223220		20260914	2	0			0	0	0	0	0	0			7.84	23.44	3.53	5.96	0.82	0	0	1	0	1	0	0	0	1
1736	2	911868	同方友友-DR	TWSE	BI	LED及光元件	BI01	發光二極體	140000	140000		20260914	1	0			0	0	0	0	0	0			0.07	0	0	0.56	0.54	-24	0	0	0	-24	0	0	0	0
1737	2	5906	台南-KY	TWSE	AT	紡織纖維	AT04	成衣	37528	37528		20260914	1	0			0	0	0	0	0	0			0.05	746	1.88	-1.08	-0.17	0	0	0	0	0	0	0	0	0
1738	2	3533	嘉澤	TWSE	BP	連接元件	BP01	連接器	112535	112535		20260914	1	0	JFF	嘉澤期貨	0	0	0	0	0	0	35333		82.27	19.26	2.21	4.53	3.53	-494	0	12	52	-482	-23	0	79	20
1739	2	6512	啟發電	OTC	BV	安全監控	BV01	安全監控系統	25260	25260		20260914	2	0			1	0	0	0	0	0			-1.3	0	0	-4.65	-4.36	0	0	0	0	0	0	0	0	0
1740	2	3388	崇越電	OTC	AH	化學工業	AH04	電子化工品	84999	84999		20260914	2	0			0	0	0	0	0	0	33881	2022-09-21	5.68	15.06	4.08	3.55	2.39	9	0	-2	-27	7	-29	-5	18	-2
1741	2	2387	精元	TWSE	BY	筆記型電腦	5379f6bdc20000005b794e9d7f493724	筆記型電腦鍵盤	195251	195251		20260914	1	0			0	0	0	0	0	0			2.95	12.2	11	0.34	0.3	9	12	0	-13	21	-16	0	5	0
1742	2	7724	諾亞克	ROTC	AK	生技	AK01	醫療器材	35381	35381		20260914	3	0			1	0	0	0	0	0			-0.74	0	0	0	0	0	0	0	0	0	0	0	0	0
1743	2	6591	動力-KY	TWSE	BQ	散熱模組	BQ01	散熱風扇	41122	41122		20260914	1	0			0	0	0	0	0	0	65914	2025-07-21	3.33	13.09	9.55	-0.06	0.06	-1	0	0	-2	-1	0	5	1	0
1744	2	3664	安瑞-KY	OTC	CI	網通設備	CI02	網路設備	75945	75945		20260914	2	0			1	0	0	1	1	0			-4.97	0	0	-14.17	-1.6	0	0	0	0	0	0	0	0	0
1745	2	2910	統領	TWSE	AL	百貨	AL03	百貨	175403	175403		20260914	1	0			0	0	0	0	0	0			1.83	12.7	4.47	4.72	2.11	-9	0	0	0	-9	0	0	0	0
1746	2	2035	唐榮	OTC	BA	鋼鐵	BA01	不鏽鋼加工	350000	350000		20260914	2	0			1	0	0	0	0	0			-1.63	0	0	3.2	0.68	-1	0	0	0	-1	0	0	0	0
1747	2	8921	沈氏	OTC	CX	文化創意	CX01	文化創意	46592	46592	永豐餘集團	20260914	2	0			1	0	0	0	0	0			-0.47	0	1.63	-2.04	-1.11	0	0	0	0	0	0	0	0	0
1748	2	6808	三鼎生技	ROTC	AK	生技	AK01	醫療器材	77840	77840		20260914	3	0			1	0	0	0	0	0			2.07	0	0	0	0	0	0	0	0	0	0	0	0	0
1749	2	6104	創惟	OTC	BF	IC-設計	BF01	IC設計	91129	91129		20260914	2	0			0	0	0	0	0	0	61041	2022-05-26	4.77	19.14	4.95	6.68	4	-90	0	-13	-71	-103	4	0	9	-13
1750	2	8027	鈦昇	OTC	CK	儀器設備工程	CK02	半導體設備	113095	113095		20260914	2	0			0	0	0	0	0	0	80273	2022-06-06	0.32	558.33	0	-0.91	-0.51	-217	0	-1	-172	-218	78	1	145	-1
1751	2	6788	華景電	OTC	CK	儀器設備工程	CK02	半導體設備	38740	38740		20260914	2	0			0	0	0	0	0	0			19.31	16.91	4.59	8.05	5.15	2	0	-8	-22	-6	5	0	21	-8
1752	2	3607	谷崧	TWSE	CS	電子零組件	CS01	電子零組件	121662	121662		20260914	1	0			0	0	0	0	0	0			0.46	28.94	5.88	0.28	0.21	-39	0	4	-36	-35	21	0	0	0
1753	2	2421	建準	TWSE	BQ	散熱模組	BQ02	散熱模組	286944	286944		20260914	1	0	VCF	建準期貨	0	0	0	0	0	0			9.61	17.69	3.19	6.32	3.43	239	0	-62	123	178	-140	-3	0	11
1754	2	6266	泰詠	OTC	BL	PCB-製造	BL01	硬板	153872	153872		20260914	2	0			0	0	0	0	0	0			1.97	12.65	7.18	3.4	2.22	-5	0	0	-11	-5	-13	0	0	0
1755	2	6757	台灣虎航	TWSE	AU	航運	AU03	航運其他	459530	459530		20260914	1	0	UUF	台灣虎航期貨	0	0	0	0	0	0			5.77	9.41	4.46	4.45	1.48	119	0	-17	25	102	3	18	14	-20
1756	2	6748	亞果生醫	ROTC	AK	生技	AK01	醫療器材	72148	72148		20260914	3	0			1	0	0	0	0	0			-2.49	0	0	0	0	0	0	0	0	4	0	0	0	0
1757	2	3556	禾瑞亞	OTC	BF	IC-設計	BF01	IC設計	63703	63703		20260914	2	0			0	0	0	0	0	0			3.68	15.14	3.5	6.11	4.52	-35	0	0	-13	-35	3	-10	6	0
1758	2	6881	潤德	OTC	53b130187d0000003b11a6755a185d27	居家生活	54821a619600000068f861e0ba33627f	居家生活其他	15000	15000	潤泰集團	20260914	2	0			1	0	0	0	0	0			20.42	10.55	8.58	7.39	2.74	0	0	0	0	0	0	0	0	0
1759	2	9907	統一實	TWSE	AP	其他	AP01	傳產其他	1579145	1579145	統一集團	20260914	1	0			0	0	0	0	0	0			0.95	15.89	7.81	1.2	0.85	-205	50	0	-225	-155	-43	1	93	0
1760	2	6530	創威	OTC	CI	網通設備	CI01	光通訊設備	33750	33750		20260914	2	0			0	0	0	0	0	0			2.42	38.51	2.16	4.47	3.54	-53	0	1	-29	-52	-77	-22	8	1
1761	2	7590	怡和國際	ROTC	AP	其他	BS01	太陽能	125068	125068		20260914	3	0			1	0	0	0	0	0			0.47	0	0	0	0	0	0	0	0	-2	0	0	0	0
1762	2	9910	豐泰	TWSE	53b12ee9760000004fff0eead0b0f535	運動休閒	AP02	鞋業	987483	987483		20260914	1	0			0	0	0	0	0	0			4.92	13.78	6.05	3.83	2.06	-526	119	8	-363	-400	-24	-8	56	9
1763	2	9918	欣天然	TWSE	CN	油電燃氣	CN03	瓦斯	180537	180537		20260914	1	0			0	0	0	0	0	0			2.67	16.18	3.47	6.85	3.73	-3	0	0	0	-3	0	0	0	0
1764	2	9917	中保科	TWSE	AP	其他	AP01	傳產其他	473757	473757	國產集團	20260914	1	0			0	0	0	0	0	0			6.87	15.38	5.88	5.67	2.63	-27	-1	0	-75	-28	0	0	49	0
1765	2	3229	晟鈦	TWSE	BL	PCB-製造	BL01	硬板	64263	64263		20260914	1	0			0	0	1	0	0	0			1.33	50.75	0	7.14	4.77	952	0	0	1044	952	248	80	9	0
1766	2	1563	巧新	TWSE	AY	電機	AY03	機械零組件	169206	169206		20260914	1	0			0	0	0	0	0	0			1.06	71.7	2.63	0.86	0.54	-156	0	-4	-84	-161	-150	-3	45	-5
1767	2	2432	倚天酷碁-創	TIB	CL	電腦周邊產品	CL01	電腦及周邊產品	61860	61860	宏碁集團	20260914	4	0			0	0	0	0	0	0			2.2	12.36	6.25	3.06	1.9	-2	0	-2	0	-4	0	0	0	0
1768	2	7754	安基生技	ROTC	AK	生技	AK01	醫療器材	101157	101157		20260914	3	0			1	0	0	0	0	0			-7.64	0	0	0	0	0	0	0	0	-1	0	0	0	0
1769	2	6203	海韻電	OTC	CJ	電源供應器	CJ01	電源供應器	82401	82401		20260914	2	0			0	0	0	0	0	0			6.57	9.12	6.68	1.39	1.12	11	0	0	-2	11	0	0	0	0
1770	2	6564	安特羅	ROTC	AK	生技	AK04	生技其他	72134	72134		20260914	3	0			1	0	0	0	0	0			-3.97	0	0	0	0	0	0	0	0	0	0	0	0	0
1771	2	6539	麗彤	ROTC	AK	生技	AK04	生技其他	24349	24349		20260914	3	0			1	0	0	0	0	0			5.69	0	0	0	0	0	0	0	0	0	0	0	0	0
1772	2	3171	炎洲流通	OTC	53b130187d0000003b11a6755a185d27	居家生活	54821a619600000068f861e0ba33627f	居家生活其他	33118	33118	炎洲集團	20260914	2	0			0	0	0	0	0	0			6.24	9.87	7.79	11.01	4.52	0	0	0	0	0	2	0	0	0
1773	2	6290	良維	OTC	BP	連接元件	BP02	連接線材	169654	169654		20260914	2	0	UYF	良維期貨	0	0	0	0	0	0	629010	2025-04-02	9.68	27.48	2.4	3.93	2.42	-1260	0	-249	-1229	-1508	255	-9	631	-104
1774	2	2640	大車隊	OTC	53b13081400000008039a015822c2b77	數位雲端	54823da49e000000c873ec9a796a144a	數位平台	59265	59265		20260914	2	0			0	0	0	0	0	0			9.52	16.12	5.21	7.33	3.72	-7	0	0	0	-7	-1	0	1	0
1775	2	2365	昆盈	TWSE	CL	電腦周邊產品	CL01	電腦及周邊產品	221528	221528		20260914	1	0			0	0	0	0	0	0			0.56	51	1.07	0.8	0.73	153	0	-23	58	130	-26	1	30	-23
1776	2	6648	斯其大	ROTC	BW	電子-其他	BZ01	電腦通路商	57500	57500		20260914	3	0			1	0	0	0	0	0			-4.84	0	0	0	0	0	0	0	0	0	0	0	0	0
1777	2	6979	勝釩	ROTC	BW	電子-其他	BW01	電子其他	12000	12000		20260914	3	0			1	0	0	0	0	0			8.42	0	0	0	0	0	0	0	0	0	0	0	0	0
1778	2	3188	鑫龍騰	OTC	BB	營建	BB01	營造工程	189088	189088		20260914	2	0			0	0	0	0	0	0	31883	2025-03-24	7.1	3.35	13.51	6.74	2.15	-52	0	1	-4	-51	-7	0	26	1
1779	2	4741	泓瀚	OTC	BW	電子-其他	BW01	電子其他	34812	34812		20260914	2	0			0	0	0	0	0	0			1.21	30.87	0.8	1.95	1.63	-9	0	6	-9	-3	7	0	0	0
1780	2	2106	建大	TWSE	AZ	橡膠	AZ02	橡膠工業	954890	954890		20260914	1	0			0	0	0	0	0	0			0.48	35.53	3.89	1.02	0.63	-301	0	-26	-220	-327	20	0	1	0
1781	2	4770	上品	TWSE	CK	儀器設備工程	AH04	電子化工品	79976	79976		20260914	1	0			0	0	0	0	0	0			10.48	22.04	2.6	3.02	2.4	34	0	-14	-77	20	-174	0	8	-14
1782	2	1808	潤隆	TWSE	BB	營建	BB01	營造工程	893032	893032		20260914	1	0			0	0	0	0	0	0			4.12	8.14	4.35	9.49	2.66	-1050	1011	7	31	-32	-8	0	648	0
1783	2	1443	立益物流	TWSE	AL	百貨	AL01	物流	135343	135343		20260914	1	0			0	0	0	0	0	0			2.04	11.58	0	4.08	1.21	-4	0	0	0	-4	0	0	0	0
1784	2	9904	寶成	TWSE	53b12ee9760000004fff0eead0b0f535	運動休閒	AP02	鞋業	2946787	2946787		20260914	1	0	KLF	寶成期貨	0	0	0	0	0	0			9.05	5.13	5.37	2.13	1.5	-2620	262	-155	-1221	-2513	-97	0	1090	-145
1785	2	3324	雙鴻	OTC	BQ	散熱模組	BQ02	散熱模組	93077	93077		20260914	2	0	PTF	雙鴻期貨	1	0	0	0	1	1	33247	2026-01-16	43.89	31.37	0.88	7.48	3.22	-316	-1	58	-152	-259	52	-36	66	34
1786	2	7732	金興精密	TWSE	AY	電機	AY01	機械	64680	64680		20260914	1	0			0	0	0	0	0	0			1.88	17.63	4.48	0.62	0.51	0	0	0	0	0	1	0	0	0
1787	2	3672	康聯訊	OTC	CI	網通設備	CI01	光通訊設備	40790	40790		20260914	2	0			1	0	0	0	0	0			-1.88	0	0	-5.85	-3.1	-1	0	0	0	-1	0	0	0	0
1788	2	3168	眾福科	TWSE	CC	顯示器	CC01	顯示器	75100	75100	明基友達集團	20260914	1	0			0	0	0	0	0	0			2.86	14.79	7.02	3.33	2.08	0	0	0	0	0	0	0	0	0
1789	2	7703	銳澤	OTC	BW	電子-其他	CK02	半導體設備	34745	34745		20260914	2	0			0	0	0	0	0	0			7.44	26.85	3.5	4.17	2.56	-7	0	0	0	-6	-5	0	0	0
1790	2	6548	長科*	OTC	BE	IC-封測	BE03	IC封裝測試設備	950465	950465		20260914	2	0			0	0	0	0	0	0			2.29	31.53	1.93	5.34	2.78	245	-3	-27	36	215	-197	-4	88	-33
1791	2	8171	天宇	OTC	53b13043c3000000e2c2ca8d2ab4246e	綠能環保	CV01	電池	112853	112853		20260914	2	0			0	0	0	0	0	0	81715	2024-09-23	-2.09	0	0	-2.49	-1.46	-25	0	0	0	-25	76	0	1	0
1792	2	2545	皇翔	TWSE	BB	營建	BB01	營造工程	379735	379735		20260914	1	0			0	0	0	0	0	0			0.92	35.53	8.3	5.26	1.52	5	0	-17	-30	-12	-29	0	15	0
1793	2	4420	光明	OTC	AT	紡織纖維	AT02	加工絲	40455	40455		20260914	2	0			0	0	0	0	0	0			1.34	29.25	7.65	2.22	1.83	1	1	0	0	2	0	0	0	0
1794	2	7583	國際海洋	ROTC	53b13043c3000000e2c2ca8d2ab4246e	綠能環保	54824c5a3a0000008b34ddf577ece042	環保材料	24575	24575		20260914	3	0			1	0	0	0	0	0			3.24	0	0	0	0	0	0	0	0	0	0	0	0	0
1795	2	8249	菱光	TWSE	CH	光學鏡片	CH02	影像感測元件	137825	137825	東元電機集團	20260914	1	0			0	0	0	0	0	0			2.58	18.43	5.53	0.37	0.32	-19	0	0	-17	-19	-5	10	46	0
1796	2	3541	西柏	OTC	BX	消費性電子	BX01	消費性電子產品	56349	56349		20260914	2	0			0	0	0	0	0	0			0.31	68.28	0	0.73	0.39	0	0	0	0	0	-4	0	0	0
1797	2	4735	豪展	OTC	AK	生技	AK01	醫療器材	41569	41569		20260914	2	0			0	0	0	0	0	0			6.01	6.56	5.47	11.34	7.41	2	0	2	2	4	-5	0	0	0
1798	2	3430	奇鈦科	OTC	AH	化學工業	AH01	化學工業	33716	33716		20260914	2	0			0	0	0	0	0	0			4.62	22.35	1.55	3.57	2.32	44	0	0	11	44	-4	2	10	0
1799	2	7931	續升綠能	ROTC	53b13043c3000000e2c2ca8d2ab4246e	綠能環保	54820dbff70000007c774dd6ca68b569	能源工程	24641	24641	中美晶集團	20260914	3	0			1	0	0	0	0	0			2.89	0	0	0	0	0	0	0	0	0	0	0	0	0
1800	2	7776	奧孟亞	ROTC	AK	生技	AK03	製藥業	49102	49102		20260914	3	0			1	0	0	0	0	0			-2.6	0	0	0	0	0	0	0	0	0	0	0	0	0
1801	2	5468	凱鈺	OTC	CI	網通設備	CI01	光通訊設備	58923	58923		20260914	2	0			1	0	0	0	0	0			-0.38	0	0	0.22	0.29	-17	0	0	-1	-17	0	0	0	0
1802	2	6498	久禾光	OTC	CS	電子零組件	CH01	光學鏡片與鏡頭	47476	47476		20260914	2	0			0	0	0	0	0	0			7.67	8.65	6.87	5.81	3.33	-110	0	0	-97	-110	-18	0	9	0
1803	2	4564	元翎	TWSE	AY	電機	AY03	機械零組件	232788	232788		20260914	1	0			0	0	0	0	0	0	45641	2023-08-21	-1.5	0	0	-2.41	-1.34	-121	0	4	-28	-117	9	0	70	-1
1804	2	2496	卓越	TWSE	CX	文化創意	CX01	文化創意	20055	20055		20260914	1	0			0	0	0	0	0	0			6.33	9.07	9.16	1.8	1.08	-2	0	0	0	-2	0	0	1	0
1805	2	2390	云辰	TWSE	BV	安全監控	BV01	安全監控系統	192619	192619		20260914	1	0			0	0	0	0	0	0			-0.24	0	0	-3.5	-3.01	-176	0	-11	-127	-187	52	0	3	0
1806	2	1713	國化	TWSE	AH	化學工業	AH01	化學工業	150952	150952		20260914	1	0			0	0	0	0	0	0			4.73	8.98	7.29	3.46	3.14	-4	0	-1	-12	-5	70	0	0	0
1807	2	4915	致伸	TWSE	BW	電子-其他	BW01	電子其他	471881	471881		20260914	1	0			0	0	0	0	0	0			5.06	12.69	7.28	2.75	1.15	-347	0	14	109	-334	121	2	239	15
1808	2	2492	華新科	TWSE	BO	被動元件	BO02	MLCC	485205	485205	華新麗華集團	20260914	1	0	HBF	華新科期貨	0	0	0	0	0	0	24922		8.9	35	0.8	2.52	1.69	-6755	75	-1221	-7350	-7901	145	10	1958	-363
1809	2	3217	優群	OTC	BP	連接元件	BP01	連接器	90104	90104		20260914	2	0			0	0	0	0	0	0			12.63	10.06	7.87	4.26	3.1	44	0	-1	-10	44	-19	0	7	-1
1810	2	5859	遠壽	ROTC	AB	金融-保險	AB01	保險	1450278	1450278		20260914	3	0			1	0	0	0	0	0			4.01	0	0	0	0	0	0	0	0	0	0	0	0	0
1811	2	5288	豐祥-KY	TWSE	AO	汽車零組件	AO01	汽機車零組件	69699	69699		20260914	1	0			0	0	0	0	0	0			15.07	12.03	3.6	4.94	3.69	-9	10	2	13	3	44	0	16	1
1812	2	4430	耀億	OTC	AT	紡織纖維	AT03	紡織纖維	56274	56274		20260914	2	0			0	0	0	0	0	0			0.38	44.87	2.86	-0.38	0.01	-1	0	0	0	-1	0	0	0	0
1813	2	2104	國際中橡	TWSE	AZ	橡膠	AZ02	橡膠工業	984734	984734	和信集團	20260914	1	0			0	0	0	0	0	0	21043	2023-09-01	-5.06	0	0	-2.34	-0.87	96	0	-5	46	91	47	0	24	-8
1814	2	2546	根基	TWSE	BB	營建	BB01	營造工程	146187	146187		20260914	1	0			0	0	0	0	0	0			14.95	6.76	5.94	15.25	5.85	8	0	0	0	8	-8	0	19	0
1815	2	1710	東聯	TWSE	AW	塑膠	AW01	塑膠原料	885703	885703	遠東集團	20260914	1	0			0	0	0	0	0	0			-0.84	0	0	-0.75	-0.08	823	0	-30	150	793	-315	-10	234	-40
1816	2	2755	揚秦	OTC	BC	觀光	BC01	餐飲	46876	46876		20260914	2	0			0	0	0	0	0	0	27551	2024-11-29	6.82	13.79	6.02	6.54	3.32	-1	0	0	-1	-1	-1	0	2	0
1817	2	4192	杏國	OTC	AK	生技	AK03	製藥業	35165	35165		20260914	2	0			1	0	0	0	0	0			-1.33	0	0	-5.96	-5.4	0	0	0	0	0	0	0	0	0
1818	2	3711	日月光投控	TWSE	BE	IC-封測	BE01	IC封裝測試	4485648	4485648	日月光集團	20260914	1	0	OZF	日月光投控期貨	0	0	0	0	0	0			13.93	44.72	1.06	5.37	2.3	-8052	679	-445	-6392	-7818	566	-99	735	-213
1819	2	5009	榮剛	OTC	BA	鋼鐵	BA04	鋼鐵加工	602471	602471	台灣鋼鐵集團	20260914	2	0	NJF	榮剛期貨	0	0	0	0	0	0			2.19	15.4	3.71	1.73	1.04	-670	0	119	-85	-551	-4	0	190	-67
1820	2	3555	博士旺	OTC	BD	DRAM	BD01	DRAM	39999	39999		20260914	2	0			0	0	0	0	0	0			8.85	21.19	0	7.02	5.88	-3	0	1	-2	-2	8	0	3	1
1821	2	1336	台翰	OTC	AW	塑膠	AW02	塑膠製品	77614	77614		20260914	2	0			0	0	0	0	0	0			0.76	21.8	1.59	1.3	0.85	181	0	0	-310	181	122	0	0	0
1822	2	6692	進能服	OTC	53b13043c3000000e2c2ca8d2ab4246e	綠能環保	BS01	太陽能	58844	58844		20260914	2	0			0	0	0	0	0	0	66921		-1.71	0	0.85	-1.4	-0.66	0	0	0	0	0	0	0	0	0
1823	2	1591	駿吉-KY	OTC	AY	電機	AY02	工具機	38048	38048		20260914	2	0			0	0	0	0	0	0			-2.41	0	0	1.6	1.03	-32	0	0	18	-32	-25	2	7	0
1824	2	8155	博智	OTC	BL	PCB-製造	BL01	硬板	62797	62797	金仁寶集團	20260914	2	0			0	0	0	0	0	0	81553	2026-06-30	12.48	28.06	1.58	5.22	3.17	129	0	-12	-110	117	-171	-3	1	-30
1825	2	3135	凌航	TWSE	BD	DRAM	BD01	DRAM	102142	102142		20260914	1	0			0	0	0	0	0	0	31352	2026-03-23	26.86	7.01	2.3	24.44	10.67	99	0	-5	-61	94	-34	-9	46	1
1826	2	4121	優盛	OTC	AK	生技	AK01	醫療器材	83111	83111		20260914	2	0			0	0	0	0	0	0			-0.48	0	0	-1.23	-0.45	-1	0	0	0	-1	-5	0	0	0
1827	2	6912	益鈞環科*	ROTC	53b13043c3000000e2c2ca8d2ab4246e	綠能環保	CO02	廢棄物處理	165000	165000		20260914	3	0			1	0	0	0	0	0			-1.7	0	0	0	0	0	0	0	0	0	0	0	0	0
1828	2	1536	和大	TWSE	AY	電機	AY03	機械零組件	278960	278960		20260914	1	0	ORF	和大期貨	0	0	0	0	0	0	15364	2024-07-08	-1.94	0	0	-2.16	-0.46	64	0	3	-66	67	2	0	11	-1
1829	2	1737	臺鹽	TWSE	AP	其他	AP01	傳產其他	200000	200000		20260914	1	0			0	0	0	0	0	0			1.95	15.69	4.58	1.17	0.98	-43	0	0	-68	-43	0	0	71	0
1830	2	3138	耀登	TWSE	4e9b311404000000b8b28c61891a26ae	低軌衛星	CI03	無線通訊設備	56410	56410		20260914	1	0			0	0	0	0	0	0	31382	2024-11-27	2.76	35.32	1.74	0.86	0.58	-5	0	-2	-11	-8	-1	0	3	-2
1831	2	7850	寶泰生醫	ROTC	AK	生技	AK03	製藥業	97659	97659		20260914	3	0			1	0	0	0	0	0			-3.1	0	0	0	0	0	0	0	0	0	0	0	0	0
1832	2	2701	萬企	TWSE	DB	控股公司	DB01	控股公司	449968	449968	萬華集團	20260914	1	0			0	0	0	0	0	0			0.59	17.54	2.71	0.96	0.83	-14	0	0	0	-14	17	0	0	0
1833	2	6973	永立榮	ROTC	AK	生技	AK01	醫療器材	40803	40803		20260914	3	0			1	0	0	0	0	0			-2.97	0	0	0	0	0	0	0	0	9	0	0	0	0
1834	2	1608	華榮	TWSE	AX	電線電纜	AX01	電線電纜	632774	632774	華榮集團	20260914	1	0	VAF	華榮期貨	0	0	0	0	0	0			11.53	3.14	5.52	24.63	15.74	74	20	60	-34	155	-23	0	51	-12
1835	2	9942	茂順	TWSE	AZ	橡膠	AZ02	橡膠工業	83161	83161		20260914	1	0			0	0	0	0	0	0			9.12	12.43	6.17	4.85	3.42	-10	0	0	0	-10	1	0	2	0
1836	2	1217	愛之味	TWSE	AR	食品	AR02	飲料相關	494513	494513	耐斯集團	20260914	1	0			0	0	0	0	0	0			0.65	15.09	2.51	2.04	1.28	148	0	24	-41	172	-161	1	0	0
1837	2	6543	普惠醫工	ROTC	AK	生技	AK01	醫療器材	63530	63530		20260914	3	0			1	0	0	0	0	0			2.08	0	0	0	0	0	0	0	0	0	0	0	0	0
1838	2	1762	中化生	TWSE	AK	生技	AK03	製藥業	76918	76918		20260914	1	0			0	0	0	0	0	0			-0.92	0	0	1.3	1.01	-34	0	-4	-47	-38	7	0	3	0
1839	2	5315	光聯	OTC	CE	LCD面板	CE02	TFT-LCD	106352	106352		20260914	2	0			0	0	0	0	0	0			1.66	10.9	8.84	1.65	1.25	-44	0	0	-6	-44	-19	25	13	0
1840	2	6842	瑞宇	ROTC	CS	電子零組件	AE01	系統整合	24280	24280		20260914	3	0			1	0	0	0	0	0			4.68	0	0	0	0	0	0	0	0	0	0	0	0	0
1841	2	6917	竟天	ROTC	AK	生技	AK04	生技其他	61272	61272		20260914	3	0			1	0	0	0	0	0			-2.69	0	0	0	0	0	0	0	0	0	0	0	0	0
1842	2	4916	事欣科	TWSE	CT	航天軍工	CT01	航天軍工	124083	124083		20260914	1	0			0	0	0	0	0	0	49165	2025-04-09	6.62	14.44	0.53	3.18	2.36	-174	0	5	-107	-169	56	-8	96	5
1843	2	2722	夏都	TWSE	BC	觀光	BC03	飯店	143170	143170		20260914	1	0			0	0	0	0	0	0			-0.57	0	0	-0.88	-0.53	-7	0	0	0	-7	0	0	0	0
1844	2	4939	亞電	OTC	BK	PCB-材料設備	BK02	PCB原材料	98201	98201		20260914	2	0			0	0	0	0	0	0			0.86	95.81	0.3	1.93	1.14	-1419	0	116	-763	-1303	190	14	325	106
1845	2	1455	集盛	TWSE	AT	紡織纖維	AT01	紡織原料	531688	531688		20260914	1	0			0	0	0	0	0	0			0.53	18.57	1.63	8.56	5.39	-213	0	27	36	-186	-14	0	18	0
1846	2	3226	龍鋒	OTC	AO	汽車零組件	AO01	汽機車零組件	64431	64431		20260914	2	0			0	0	0	0	0	0			0.19	310.56	0	-1.32	-0.95	0	0	0	0	0	0	0	0	0
1847	2	8422	可寧衛*	TWSE	53b13043c3000000e2c2ca8d2ab4246e	綠能環保	CO02	廢棄物處理	1359402	1359402		20260914	1	0			0	0	0	0	0	0	84223	2026-07-17	3.28	27.14	4.61	3.5	1.82	-214	0	-49	-97	-263	-5	0	324	-34
1848	2	8487	愛爾達-創	TIB	AM	運動	53b133ac220000000686c57f08b6e33d	運動休閒其他	26535	26535		20260914	4	0			0	0	0	0	0	0			5.32	13.28	6.82	2.78	1.47	0	0	-1	0	-1	0	0	0	-1
1849	2	6124	業強	OTC	BQ	散熱模組	BQ02	散熱模組	182480	182480		20260914	2	0			0	0	0	0	0	0			0.52	51.25	0	0.82	0.68	1	0	0	0	1	2	0	0	0
1850	2	3338	泰碩	TWSE	BQ	散熱模組	BQ02	散熱模組	87908	87908		20260914	1	0			0	0	0	0	0	0			1.17	56.84	1.95	0.85	0.47	62	0	1	20	63	-28	0	5	0
1851	2	2388	威盛	TWSE	BF	IC-設計	BF01	IC設計	556440	556440	威盛集團	20260914	1	0	QWF	威盛期貨	0	0	0	0	0	0			1.59	47	0.07	0.5	0.32	-425	0	-285	-486	-710	63	-7	242	-131
1852	2	2419	仲琦	TWSE	CI	網通設備	CI01	光通訊設備	321317	321317	明基友達集團	20260914	1	0			0	0	0	0	0	0			0.04	676.25	0	0.63	0.46	90	0	-22	52	68	43	8	88	-21
1853	2	1220	台榮	TWSE	AR	食品	AR01	食品加工	177078	177078		20260914	1	0			0	0	0	0	0	0			0.06	155	1.84	0.33	0.3	-1	0	0	0	-1	-7	0	0	0
1854	2	7783	佳運	ROTC	AY	電機	AY01	機械	62445	62445		20260914	3	0			1	0	0	0	0	0			3.24	0	0	0	0	0	0	0	0	0	0	0	0	0
1855	2	6171	大城地產	OTC	BB	營建	BB01	營造工程	100000	100000		20260914	2	0			0	0	0	0	0	0			1.37	18.94	7.71	1.18	0.61	2	0	0	0	2	1	0	0	0
1856	2	5220	萬達光電	OTC	CE	LCD面板	CE01	TNSTN-LCD	39667	39667		20260914	2	0			0	0	0	0	0	0			0.16	123.13	1.52	1.15	0.79	-2	0	0	0	-2	-4	0	0	0
1857	2	2941	米斯特	OTC	53b13081400000008039a015822c2b77	數位雲端	CW01	電子商務	15390	15390		20260914	2	0			1	0	0	0	0	0			2.35	13.21	7.34	2.17	1.16	0	0	0	0	0	0	0	0	0
1858	2	7896	喬越	ROTC	AH	化學工業	AH01	化學工業	27900	27900		20260914	3	0			1	0	0	0	0	0			15.36	0	0	0	0	0	0	0	0	0	0	0	0	0
1859	2	7767	仁大資訊	OTC	53b13081400000008039a015822c2b77	數位雲端	5482289646000000c26187ecbfa0dd33	雲端服務	30100	30100		20260914	2	0			0	0	0	0	0	0			4.81	10.08	6.57	5.4	1.76	2	0	0	7	2	0	0	0	0
1860	2	6604	儒億	ROTC	AO	汽車零組件	AO01	汽機車零組件	43731	43731		20260914	3	0			1	0	0	0	0	0			4.09	0	0	0	0	0	0	0	0	0	0	0	0	0
1861	2	6152	百一	TWSE	CI	網通設備	CI02	網路設備	167738	167738		20260914	1	0			1	0	0	0	0	0			-0.17	0	0	6.36	2.63	-120	0	-6	179	-126	0	0	0	0
1862	2	4114	健喬	OTC	AK	生技	AK03	製藥業	550430	550430	健喬集團	20260914	2	0			0	0	0	0	0	0			1.61	18.21	5.58	1.86	1.35	-105	0	-1	-137	-106	-10	0	49	-1
1863	2	8908	欣雄	OTC	CN	油電燃氣	CN03	瓦斯	324765	324765		20260914	2	0			0	0	0	0	0	0			2.11	18.96	4.51	4.24	1.55	-1	0	0	0	-1	0	0	0	0
1864	2	4513	福裕	OTC	AY	電機	AY02	工具機	143762	143762		20260914	2	0			0	0	0	0	0	0			-0.79	0	0	-0.93	-0.12	-11	0	0	-6	-11	-7	0	0	0
1865	2	8488	吉源-KY	TWSE	AP	其他	AP01	傳產其他	73500	73500		20260914	1	0			0	0	0	0	0	0	84881	2023-11-01	-0.38	0	0	0.62	0.38	-26	0	0	0	-26	1	0	0	0
1866	2	3529	力旺	OTC	BF	IC-設計	BF02	矽智財	74686	74686		20260914	2	0	PIF	力旺期貨	0	0	0	0	0	0			29.8	86.55	0.79	14.8	10.06	-31	-42	10	-107	-63	-22	-2	0	-3
1867	2	6027	德信	ROTC	AD	金融-證券	AD01	證券	155720	155720		20260914	3	0			1	0	0	0	0	0			3.91	0	0	0	0	0	0	0	0	0	0	0	0	0
1868	2	4439	冠星-KY	TWSE	AT	紡織纖維	AT03	紡織纖維	38215	38215		20260914	1	0			0	0	0	0	0	0	44391	2024-12-27	9.29	10.07	4.29	3.19	1.79	1	0	2	0	3	6	0	1	0
1869	2	3548	兆利	OTC	CS	電子零組件	CS01	電子零組件	68244	68244		20260914	2	0			0	0	0	0	0	0	35483	2024-12-13	0.37	214.59	1.26	-0.49	-0.17	-10	0	-8	-38	-18	-18	-2	13	-8
1870	2	2637	慧洋-KY	TWSE	AU	航運	AU01	散裝航運	746409	746409		20260914	1	0			0	0	0	0	0	0			8.98	11.23	3.47	3.72	2.45	158	1886	-9	985	2035	-200	15	138	-10
1871	2	4754	國碳科	OTC	AH	化學工業	AH01	化學工業	30283	30283		20260914	2	0			0	0	0	0	0	0			3.23	11.56	6.16	6.91	3.75	1	0	0	0	1	-20	0	0	0
1872	2	5701	劍湖山	OTC	BC	觀光	BC04	休閒娛樂	143000	143000	耐斯集團	20260914	2	0			1	0	0	1	0	0			-0.52	0	0	-9.51	-1.52	20	0	0	-7	20	0	0	0	0
1873	2	5452	佶優	OTC	AW	塑膠	BG01	IC零組件通路商	148764	148764		20260914	2	0			0	0	0	0	0	0			0.56	47.36	0.96	2.54	1.56	11	0	-3	-63	8	7	3	38	-3
1874	2	4999	鑫禾	TWSE	CS	電子零組件	CS01	電子零組件	74417	74417		20260914	1	0			0	0	0	0	0	0			-1.74	0	1.39	-1.62	-1.33	6	0	-2	0	4	-3	0	0	0
1875	2	9926	新海	TWSE	CN	油電燃氣	CN03	瓦斯	179504	179504	新光集團	20260914	1	0			0	0	0	0	0	0			2.85	17.33	4.25	3.74	1.75	-1	0	0	0	-1	0	0	0	0
1876	2	1517	利奇	TWSE	AM	運動	AM01	自行車	220000	220000		20260914	1	0			0	0	0	0	0	0			-0.59	0	1.91	-1.88	-1.52	-267	0	0	-122	-267	21	0	0	0
1877	2	2501	國建	TWSE	BB	營建	BB01	營造工程	1159561	1159561	霖園集團	20260914	1	0			0	0	0	0	0	0			2.88	7.72	5.42	0.87	0.4	-49	0	-15	-184	-64	-21	0	12	-1
1878	2	8499	鼎炫-KY	TWSE	CS	電子零組件	CS01	電子零組件	41166	41166		20260914	1	0			0	0	0	0	0	0			10.62	23.66	3.18	0.67	0.58	16	0	1	0	17	-10	0	0	0
1879	2	7773	富禾生醫	ROTC	AK	生技	AK03	製藥業	39911	39911		20260914	3	0			1	0	0	0	0	0			-2.17	0	0	0	0	0	0	0	0	0	0	0	0	0
1880	2	5262	立達	ROTC	BG	IC-通路	BZ02	3C通路商	52699	52699		20260914	3	0			1	0	0	0	0	0			5.39	0	0	0	0	0	0	0	0	0	0	0	0	0
1881	2	2373	震旦行	TWSE	BW	電子-其他	BW01	電子其他	236203	236203	震旦集團	20260914	1	0			0	0	0	0	0	0			3.73	14.14	6.99	2.57	1.35	-3	0	-4	0	-7	0	0	0	-4
1882	2	5289	宜鼎	OTC	BR	工業電腦	BR01	工業電腦	98339	98339		20260914	2	0			0	0	0	0	0	0	52892	2026-05-04	182.58	7.19	1.32	54.48	29.51	197	0	24	108	220	-55	7	147	18
1883	2	5203	訊連	TWSE	AF	軟體-其他	AF01	軟體其他	77393	77393		20260914	1	0			0	0	0	0	0	0			4.39	12.46	6.61	0.56	0.42	6	0	0	-6	6	-10	1	2	0
1884	2	6827	巨生醫	ROTC	AK	生技	AK01	醫療器材	79294	79294		20260914	3	0			1	0	0	0	0	0			-3.91	0	0	0	0	0	0	0	0	0	0	0	0	0
1885	2	5351	鈺創	OTC	BF	IC-設計	BF01	IC設計	328771	328771		20260914	2	0			0	0	0	0	0	0	53513	2022-04-14	6.47	16.8	0	25.73	14.85	-1529	0	0	-1594	-1529	-232	-75	106	0
1886	2	6243	迅杰	TWSE	BF	IC-設計	DC01	MCU	45269	45269	神盾集團	20260914	1	0			0	0	0	0	0	0	62433	2024-05-17	-1.17	0	0	-5.93	-3.82	46	0	0	-73	46	16	1	2	0
1887	2	3540	曜越	OTC	CJ	電源供應器	CJ01	電源供應器	84459	84459		20260914	2	0			0	0	0	0	0	0			0.88	25.17	1.16	-0.3	0.1	16	0	0	-26	16	-19	-1	11	0
1888	2	4767	誠泰科技	OTC	AH	化學工業	AH02	合成樹脂	31415	31415		20260914	2	0			0	0	0	0	0	0			2.56	10.86	3.94	3.56	2.51	7	0	0	0	7	1	0	0	0
1889	2	7780	大研生醫*	TWSE	AK	生技	AK03	製藥業	810024	810024		20260914	1	0			0	0	0	0	0	0			1.54	30.94	8.78	2.44	2.07	-185	0	-10	-184	-195	4	-1	48	-10
1890	2	2468	華經	TWSE	AE	軟體-系統整合	AE01	系統整合	69961	69961		20260914	1	0			0	0	0	0	0	0			1.36	26.32	2.79	1.69	0.94	116	0	2	385	118	344	191	86	0
1891	2	6272	驊陞	TWSE	BW	電子-其他	AO01	汽機車零組件	81764	81764		20260914	1	0			0	0	0	0	0	0			1.97	15.53	7.31	-0.08	0.07	-27	0	0	-45	-27	-4	-3	15	0
1892	2	4544	春日	ROTC	AY	電機	AY01	機械	60290	60290		20260914	3	0			1	0	0	0	0	0			0.54	0	0	0	0	0	0	0	0	0	0	0	0	0
1893	2	8093	保銳	OTC	CJ	電源供應器	CJ01	電源供應器	56568	56568		20260914	2	0			1	0	0	0	0	0			-1.85	0	0	-4.05	-3.09	5	0	0	0	5	0	0	0	0
1894	2	3706	神達	TWSE	507b7d657300000014048ace52150ac7	伺服器	507b7d1edf0000007fb3d61dc52205d2	伺服器組裝代工	1459934	1459934	聯華神通集團	20260914	1	0	PSF	神達期貨	0	0	0	0	0	0	37062		5.6	14.3	4.99	2.8	1.38	-4443	-10	-145	-5294	-4598	-103	-27	2437	-100
1895	2	6559	研晶	ROTC	BI	LED及光元件	BI03	LED原料	23189	23189		20260914	3	0			1	0	0	0	0	0			0.81	0	0	0	0	0	0	0	0	0	0	0	0	0
1896	2	3611	鼎翰	OTC	BW	電子-其他	BW01	電子其他	47555	47555		20260914	2	0			0	0	0	0	0	0			20.67	8.81	5.49	4.07	2.01	-9	0	0	-9	-9	-16	0	5	0
1897	2	2506	太設	TWSE	BB	營建	BB01	營造工程	387000	387000		20260914	1	0			0	0	0	0	0	0			0.37	24.17	2.3	0.81	0.64	-144	0	0	-5	-144	0	0	0	0
1898	2	6240	松崗	OTC	AF	軟體-其他	AF01	軟體其他	22867	22867		20260914	2	0			0	0	0	0	0	0			-0.72	0	0	-0.99	-0.4	-2	0	0	0	-2	0	0	0	0
1899	2	3564	其陽	OTC	CI	網通設備	CI02	網路設備	59123	59123	明基友達集團	20260914	2	0			0	0	0	0	0	0	35642	2024-07-26	0.36	131.39	0.57	1.55	0.85	-2	0	0	7	-2	-3	0	0	0
1900	2	1795	美時	TWSE	AK	生技	AK03	製藥業	270155	270155		20260914	1	0	SAF	美時期貨	0	0	0	0	0	0			14.49	12.26	1.56	2.66	1.49	-623	0	-8	-573	-631	-91	0	341	-6
1901	2	4980	佐臻	ROTC	CS	電子零組件	CS01	電子零組件	45204	45204		20260914	3	0			1	0	0	0	0	0			-1.16	0	0	0	0	0	0	0	0	-4	0	0	0	0
1902	2	2524	京城	TWSE	BB	營建	BB01	營造工程	366185	366185		20260914	1	0			0	0	0	0	0	0			0.82	41.83	0	0.47	0.42	-22	0	-3	-2	-25	1	0	4	0
1903	2	3653	健策	TWSE	BQ	散熱模組	BQ02	散熱模組	147204	147204		20260914	1	0	JMF	健策期貨	0	0	0	0	0	0	36535	2025-03-17	44.77	130.11	0.38	10.3	7.31	-40	82	-5	33	37	-9	-4	13	1
1904	2	3380	明泰	TWSE	CI	網通設備	CI02	網路設備	541718	541718	明基友達集團	20260914	1	0	IZF	明泰期貨	0	0	0	0	0	0			0.14	219.64	1.63	0.02	0.12	363	0	-3	457	360	-63	5	126	-1
1905	2	8038	長園科	OTC	CV	電池	CV01	電池	62278	62278		20260914	2	0			1	0	0	0	0	0	80382		0.83	35.9	0	-1.78	-0.52	-45	0	0	-57	-45	0	0	0	0
1906	2	2417	圓剛	TWSE	BX	消費性電子	BX02	視訊會議產品	157219	157219		20260914	1	0			0	0	0	0	0	0			1.39	27.63	0.65	1.88	1.31	-34	0	0	-27	-34	-9	1	43	0
1907	2	3645	達邁	TWSE	BK	PCB-材料設備	BK02	PCB原材料	136754	136754		20260914	1	0			0	0	1	0	0	0			2.6	26.45	1.75	3.35	2.3	19	0	-11	-11	9	-92	0	160	-11
1908	2	6473	美賣*	ROTC	CI	網通設備	CI02	網路設備	60000	60000		20260914	3	0			1	0	0	0	0	0			-4.23	0	0	0	0	0	0	0	0	0	0	0	0	0
1909	2	4582	聚恆-創	TIB	53b13043c3000000e2c2ca8d2ab4246e	綠能環保	54820dbff70000007c774dd6ca68b569	能源工程	75480	75480		20260914	4	0			1	0	0	0	0	0			2.56	9.91	3.48	3.23	1.22	3	0	3	-4	6	0	0	0	-1
1910	2	6796	晉弘	TWSE	AK	生技	AK01	醫療器材	40234	40234		20260914	1	0			0	0	0	0	0	0	67962	2025-10-17	0.4	143.61	0.48	-1.03	-0.34	-41	0	0	-30	-41	3	2	4	0
1911	2	6792	詠業	TWSE	CI	網通設備	CI03	無線通訊設備	47875	47875	明基友達集團	20260914	1	0			0	0	0	0	0	0			2.81	20.5	4.34	3.58	2.68	-6	0	0	0	-6	-5	0	0	0
1912	2	6593	台灣銘板	OTC	BW	電子-其他	BW01	電子其他	31857	31857		20260914	2	0			0	0	0	0	0	0			-2.77	0	0	-2.61	-2.25	4	0	0	0	4	-3	0	0	0
1913	2	6750	泰創工程	ROTC	AY	電機	AY04	機電工程	44707	44707		20260914	3	0			1	0	0	0	0	0			8.41	0	0	0	0	0	0	0	0	-3	0	0	0	0
1914	2	8906	花王	OTC	CX	文化創意	CX01	文化創意	44037	44037		20260914	2	0			0	0	0	0	0	0			-0.86	0	0	-1.7	-0.13	0	0	0	0	0	0	0	0	0
1915	2	2376	技嘉	TWSE	CG	板卡	CG01	板卡	669889	669889		20260914	1	0	GHF	技嘉期貨	0	0	0	0	0	0			26.71	13.06	3.44	10.95	3.19	-1568	548	-31	49	-1050	18	-7	990	-30
1916	2	4542	科嶠	OTC	BK	PCB-材料設備	BK01	印刷電路板設備	35782	35782		20260914	2	0			0	0	0	0	0	0			2.27	120.18	0.36	3.96	1.95	-29	0	0	-70	-29	-58	-2	18	0
1917	2	2402	毅嘉	TWSE	BL	PCB-製造	BL02	軟板	307537	307537		20260914	1	0			0	0	0	0	0	0	24023	2025-09-25	1.67	32.34	3.7	1.68	0.85	266	0	-48	239	218	-10	1	81	-48
1918	2	2107	厚生	TWSE	BB	營建	BB01	營造工程	303593	303593		20260914	1	0			0	0	0	0	0	0			1.89	14.15	5.23	1.94	1.69	-58	0	-9	4	-67	45	0	4	0
1919	2	3686	達能	TWSE	BS	太陽能	BS01	太陽能	76495	76495		20260914	1	0			1	0	0	0	0	0			-0.45	0	0	-1.3	-1.28	21	0	1	1	22	0	0	0	0
1920	2	8182	加高	OTC	BO	被動元件	BO05	石英元件	107041	107041		20260914	2	0			0	0	0	0	0	0			1.04	35.33	0.67	0.51	0.42	-32	0	-8	-84	-40	15	-6	0	-8
1921	2	1110	東泥	TWSE	AJ	水泥	AJ01	水泥	572001	572001		20260914	1	0			0	0	0	0	0	0			0.62	25.56	1.89	1.81	1.4	-101	0	-18	-1	-119	-48	0	0	0
1922	2	2314	台揚	TWSE	CI	網通設備	CI03	無線通訊設備	188430	188430	泛鴻海集團	20260914	1	0			1	0	0	1	1	0			-4.71	0	0	-180.17	-2.13	-3	0	0	-44	-3	0	0	0	0
1923	2	3484	崧騰	OTC	CS	電子零組件	CS01	電子零組件	78828	78828		20260914	2	0			0	0	0	0	0	0	34843	2022-12-12	3.47	12.82	5.64	1.61	1.09	-26	0	0	-8	-26	-4	0	15	0
1924	2	9912	偉聯	TWSE	CC	顯示器	CC01	顯示器	53793	53793		20260914	1	0			1	0	0	0	0	0			-0.67	0	0	-4.12	-1.65	0	0	-1	3	-1	0	0	0	0
1925	2	4142	國光生	TWSE	AK	生技	AK04	生技其他	429508	429508	晟德集團	20260914	1	0			0	0	0	0	0	0			-0.34	0	0	-3.62	-2.1	-21	0	0	-226	-21	14	0	105	0
1926	2	3093	港建*	OTC	CK	儀器設備工程	CK03	電子設備	145156	145156		20260914	2	0			0	0	0	0	0	0			0.98	44.44	2.64	3.77	2.38	-51	0	-1	-59	-52	5	0	31	-1
1927	2	6431	光麗-KY	TWSE	AQ	玻璃陶瓷	AQ01	玻璃	86069	86069		20260914	1	0			1	0	0	0	0	0			-2.01	0	0	-9.13	-3.91	-2	0	0	0	-2	0	0	0	0
1928	2	6005	群益證	TWSE	AD	金融-證券	AD01	證券	2455297	2455297		20260914	1	0	JXF	群益證期貨	0	0	0	0	0	0			5.1	5.86	5.43	9.24	1.39	-508	-2	0	-316	-510	-276	8	276	0
1929	2	6261	久元	OTC	BE	IC-封測	BE02	IC測試	128498	128498	聯電集團	20260914	2	0			0	0	0	0	0	0			5.13	14.62	3.33	2.42	1.96	99	0	-35	-18	64	12	1	0	-39
1930	2	6164	華興	TWSE	BI	LED及光元件	BI01	發光二極體	80000	80000		20260914	1	0			0	0	0	0	0	0			0.26	43.27	0	0.94	0.66	-64	0	0	-35	-64	-47	0	0	0
1931	2	1232	大統益	TWSE	AR	食品	AR01	食品加工	159975	159975	統一集團	20260914	1	0			0	0	0	0	0	0			9.04	17.28	4.62	6.54	3.83	-22	0	-2	-5	-24	-3	0	13	0
1932	2	8096	擎亞	OTC	BG	IC-通路	BG01	IC零組件通路商	149343	149343		20260914	2	0			0	0	0	0	0	0	80963	2026-05-28	3.61	25.06	0.55	6.98	1.54	26	0	-54	-267	-28	-133	-20	169	-58
1933	2	7726	暄達	ROTC	AK	生技	AK01	醫療器材	20304	20304		20260914	3	0			1	0	0	0	0	0			-0.93	0	0	0	0	0	0	0	0	0	0	0	0	0
1934	2	7747	昕奇雲端	OTC	53b13081400000008039a015822c2b77	數位雲端	5482289646000000c26187ecbfa0dd33	雲端服務	30169	30169		20260914	2	0			1	0	0	0	0	0			4.83	23.01	3.56	4.71	3.22	0	0	0	0	0	0	0	0	0
1935	2	5276	達輝-KY	OTC	AO	汽車零組件	AO01	汽機車零組件	39500	39500		20260914	2	0			1	0	0	0	0	0			1.06	16.81	4.53	-0.46	-0.22	0	0	0	0	0	0	0	0	0
1936	2	4129	聯合	OTC	AK	生技	AK01	醫療器材	96438	96438		20260914	2	0			0	0	0	0	0	0	41295	2025-04-25	5.72	14.3	5.5	3.35	1.81	-147	0	0	-19	-147	1	0	43	0
1937	2	6494	九齊	OTC	BF	IC-設計	DC01	MCU	31560	31560		20260914	2	0			0	0	0	0	0	0			2.97	16.73	2.01	3.79	3.03	-9	0	1	-15	-8	-1	-2	3	1
1938	2	4738	大同精化	ROTC	AH	化學工業	AH01	化學工業	77596	77596		20260914	3	0			1	0	0	0	0	0			0.35	0	0	0	0	0	0	0	0	1	0	0	0	0
1939	2	3027	盛達	TWSE	CI	網通設備	CI02	網路設備	129160	129160		20260914	1	0			0	0	0	0	0	0			-0.98	0	0	-0.77	-0.57	27	0	0	0	27	-2	0	3	0
1940	2	6582	申豐	TWSE	AZ	橡膠	AZ02	橡膠工業	106174	106174	永豐餘集團	20260914	1	0			0	0	0	0	0	0			0.37	82.89	0	0.39	0.38	-4	0	0	-1	-4	0	0	0	0
1941	2	6426	統新	TWSE	CI	網通設備	CI01	光通訊設備	38509	38509		20260914	1	0			0	0	0	0	0	0			3.96	76.26	0.17	8.86	8.04	-280	0	-20	-473	-300	-59	-21	32	-33
1942	2	1304	台聚	TWSE	AW	塑膠	AW01	塑膠原料	1188764	1188764	台聚集團	20260914	1	0			0	0	0	0	0	0			-1.78	0	1.21	-1.6	-0.75	-530	0	-23	-64	-553	203	-2	381	-32
1943	2	7918	創鉅材料	ROTC	CQ	非鐵金屬	CQ01	非鐵金屬	43100	43100		20260914	3	0			1	0	0	0	0	0			15.68	0	0	0	0	0	0	0	0	0	0	0	0	0
1944	2	3067	全域	OTC	BW	電子-其他	BW01	電子其他	20000	20000		20260914	2	0			1	0	0	0	0	0			0.04	563.33	0	0.01	0.08	0	0	0	0	0	0	0	0	0
1945	2	3441	聯一光	OTC	CH	光學鏡片	CH01	光學鏡片與鏡頭	40040	40040		20260914	2	0			0	0	1	0	0	0			2.44	68.31	0.51	3.39	2.64	-339	0	64	2851	-274	-451	498	0	64
1946	2	8464	億豐	TWSE	53b130187d0000003b11a6755a185d27	居家生活	CP01	家居用品	293020	293020		20260914	1	0			0	0	0	0	0	0			22.89	16.21	4.31	5.2	3.64	62	2	-1	5	63	-6	0	9	-1
1947	2	2498	宏達電	TWSE	BX	消費性電子	BX01	消費性電子產品	836416	836416	威盛集團	20260914	1	0	HCF	宏達電期貨	0	0	0	0	0	0			2.59	15.42	1.25	-1.05	-0.67	-61	0	-24	-23	-85	152	-19	99	-34
1948	2	8104	錸寶	TWSE	BI	LED及光元件	BI01	發光二極體	104058	104058	錸德集團	20260914	1	0			0	0	0	0	0	0	81042	2021-11-23	-0.84	0	0	0.52	0.42	-11	0	0	-7	-11	-29	0	9	0
1949	2	7764	聖州	ROTC	AO	汽車零組件	59723caa37000000785f6384ccccd6f7	汽機車零組件(AM)	60000	60000		20260914	3	0			1	0	0	0	0	0			2.16	0	0	0	0	0	0	0	0	0	0	0	0	0
1950	2	2025	千興	TWSE	BA	鋼鐵	BA01	不鏽鋼加工	172661	172661		20260914	1	0			0	0	0	0	0	0			1.29	9.53	0	2.63	2.04	-73	0	-1	-27	-74	5	0	14	0
1951	2	5258	虹堡	TWSE	BR	工業電腦	BR01	工業電腦	110365	110365		20260914	1	0			0	0	0	0	0	0			4.43	9.58	2.36	3	1.49	-379	0	1	-283	-378	22	16	123	0
1952	2	8433	弘帆	OTC	53b130187d0000003b11a6755a185d27	居家生活	CP01	家居用品	54506	54506		20260914	2	0			0	0	0	0	0	0	84333	2024-04-15	7.28	7.33	7.88	3.34	1.82	1	0	0	0	1	0	0	0	0
1953	2	1612	宏泰	TWSE	AX	電線電纜	AX01	電線電纜	316080	316080		20260914	1	0			0	0	0	0	0	0			3.9	8.94	7.17	6.49	5.33	167	0	7	31	174	1	0	0	0
1954	2	6787	晶瑞光	ROTC	BW	電子-其他	BW01	電子其他	87507	87507		20260914	3	0			1	0	0	0	0	0			-5.29	0	0	0	0	0	0	0	0	3	0	0	0	0
1955	2	1203	味王	TWSE	AR	食品	AR01	食品加工	240000	240000		20260914	1	0			0	0	0	0	0	0			2.1	20.81	2.29	1.98	1.43	-9	0	-1	0	-10	0	0	1	0
1956	2	3537	堡達	OTC	BG	IC-通路	BG01	IC零組件通路商	56243	56243		20260914	2	0			0	0	0	0	0	0			4.59	11.46	3.8	3.62	2.4	11	0	1	-9	12	2	0	11	1
1957	2	7749	意騰-KY	TWSE	BF	IC-設計	BF02	矽智財	46486	46486		20260914	1	0			0	0	0	0	0	0			14.61	24.17	2.58	4.88	4.19	-5	0	1	-18	-4	-1	0	11	1
1958	2	4104	佳醫	TWSE	AK	生技	AK01	醫療器材	188367	188367		20260914	1	0			0	0	0	0	0	0			5	15.28	5.92	2.74	1.74	-90	0	-4	-28	-94	-2	0	12	0
1959	2	4991	環宇-KY	OTC	CI	網通設備	CI01	光通訊設備	121355	121355		20260914	2	0			0	0	0	0	0	0			3.32	139.72	0	2.4	2.15	-416	0	-18	-736	-434	109	-22	168	-4
1960	2	6418	詠昇	OTC	BP	連接元件	BP01	連接器	34522	34522		20260914	2	0			0	0	0	0	0	0			0.38	90.92	1.1	2.66	1.57	-12	0	0	7	-12	-6	0	0	0
1961	2	3011	今皓	TWSE	BP	連接元件	BP02	連接線材	129566	129566		20260914	1	0			0	0	0	0	0	0	30112	2025-12-30	-3.45	0	0	-7.77	-3.87	-102	0	0	-104	-102	20	0	13	0
1962	2	6189	豐藝	TWSE	BG	IC-通路	BG01	IC零組件通路商	264798	264798		20260914	1	0			0	0	0	0	0	0	61894	2023-10-03	4.04	11.49	5.8	4.49	2.01	102	0	-5	0	97	-1	-1	25	-4
1963	2	6874	倍力	OTC	AF	軟體-其他	AF01	軟體其他	24156	24156		20260914	2	0			0	0	0	0	0	0	68741	2024-09-06	4.22	16.4	5.89	5.06	1.77	-1	0	0	0	-1	0	0	2	0
1964	2	2705	六福	TWSE	BC	觀光	BC04	休閒娛樂	191313	191313		20260914	1	0			0	0	0	0	0	0			0.75	20.95	0	-0.94	-0.06	-48	0	0	-1	-48	0	0	1	0
1965	2	5230	雷笛克光學	OTC	CH	光學鏡片	CH01	光學鏡片與鏡頭	67205	67205		20260914	2	0			0	0	0	0	0	0			-0.38	0	2.7	0.41	0.37	-101	0	0	-18	-101	31	0	6	0
1966	2	3563	牧德	TWSE	CK	儀器設備工程	CK04	半導體檢測	63961	63961		20260914	1	0			0	0	0	0	0	0			17.39	38.67	2.12	6.1	4.35	-15	0	-17	-46	-32	9	0	35	-15
1967	2	6271	同欣電	TWSE	BF	IC-設計	BF04	感測IC	209058	209058	國巨集團	20260914	1	0	KDF	同欣電期貨	0	0	0	0	0	0			8.89	24.75	1.36	1.94	1.52	-538	0	-49	-375	-587	65	-9	82	-62
1968	2	3310	佳穎	OTC	CR	車用電子	CR01	車用電子	74948	74948		20260914	2	0			0	0	0	0	0	0			2.64	26.15	5.15	4.87	1.68	0	0	0	0	0	1	0	0	0
1969	2	8049	晶采	OTC	CE	LCD面板	CE02	TFT-LCD	118280	118280		20260914	2	0			0	0	0	0	0	0			1.9	12.8	5.73	2.54	2.17	26	0	0	0	26	0	0	0	0
1970	2	1905	華紙	TWSE	AS	紙業	AS01	工業用紙	1102835	1102835	永豐餘集團	20260914	1	0	SBF	華紙期貨	0	0	0	0	0	0			-0.51	0	0	-2.24	-0.89	-197	0	-71	-136	-268	-1	-1	5	-44
1971	2	4137	麗豐-KY	TWSE	AK	生技	AK02	應用生技	82492	82492		20260914	1	0			0	0	0	0	0	0	41372	2024-03-15	6.75	11.14	13.3	2.37	1.46	-55	3	0	-46	-52	8	0	30	0
1972	2	7757	金色三麥	OTC	BC	觀光	BC01	餐飲	24100	24100		20260914	2	0			0	0	0	0	0	0			8.56	10.94	8.74	3.63	1.88	-3	0	0	0	-3	0	0	0	0
1973	2	6642	富致	OTC	BO	被動元件	BO06	電阻	37400	37400		20260914	2	0			0	0	0	0	0	0			3.77	20.26	2.35	5.42	3.28	-8	0	0	0	-8	-2	0	0	0
1974	2	5344	立衛	OTC	BE	IC-封測	BE02	IC測試	79447	79447	威盛集團	20260914	2	0			1	0	0	0	0	0			-0.05	0	0	0.28	0.25	-4	0	0	0	-4	0	0	0	0
1975	2	1583	程泰	TWSE	AY	電機	AY02	工具機	119246	119246		20260914	1	0			0	0	0	0	0	0			4.39	10.94	2.09	0.58	0.44	-1	0	-3	0	-4	0	0	0	0
1976	2	6244	茂迪	OTC	BS	太陽能	BS01	太陽能	387042	387042		20260914	2	0			0	0	0	0	0	0			0.41	53.1	0.63	2.91	1.53	35	0	15	-93	50	-16	0	39	15
1977	2	1533	車王電	TWSE	CR	車用電子	CR01	車用電子	98547	98547		20260914	1	0			0	0	0	0	0	0			2.69	11.39	0	3.69	1.37	-11	0	0	-6	-11	-2	0	0	0
1978	2	6281	全國電	TWSE	BZ	電子資訊通路	BZ02	3C通路商	99173	99173		20260914	1	0			0	0	0	0	0	0			3.73	13.75	6.43	4.1	1.19	2	0	0	-1	2	0	0	0	0
1979	2	5547	久舜	OTC	BB	營建	BB03	建材	51000	51000		20260914	2	0			0	0	0	0	0	0			2.24	10.23	9.73	4.8	1.93	5	0	0	0	5	-10	0	0	0
1980	2	5292	華懋	TWSE	53b13043c3000000e2c2ca8d2ab4246e	綠能環保	54824c2d2b000000340e0fff07e1afda	機台再生處理	46319	46319		20260914	1	0			0	0	0	0	0	0			10.12	20.99	3	5.6	2.34	-10	0	-3	9	-13	-3	-1	2	-3
1981	2	6728	上洋	OTC	53b130187d0000003b11a6755a185d27	居家生活	54821a619600000068f861e0ba33627f	居家生活其他	30120	30120		20260914	2	0			0	0	0	0	0	0			9.12	11.79	6.05	4.51	2.04	0	0	0	0	0	0	0	0	0
1982	2	6610	安成生技	ROTC	AK	生技	AK04	生技其他	223579	223579		20260914	3	0			1	0	0	0	0	0			-8.37	0	0	0	0	0	0	0	0	-24	0	0	0	0
1983	2	8463	潤泰材	TWSE	BB	營建	BB03	建材	150000	150000	潤泰集團	20260914	1	0			0	0	0	0	0	0			1.98	10.78	3.75	4.47	1.53	-3	0	0	0	-3	0	0	0	0
1984	2	8454	富邦媒	TWSE	53b13081400000008039a015822c2b77	數位雲端	CW01	電子商務	264975	264975	富邦集團	20260914	1	0			0	0	0	0	0	0			10.4	23.2	4.15	6.7	2.29	62	2	6	43	70	-8	-6	122	0
1985	2	5267	龍翩	ROTC	CH	光學鏡片	CH01	光學鏡片與鏡頭	25300	25300		20260914	3	0			1	0	0	0	0	0			2.84	0	0	0	0	0	0	0	0	-3	0	0	0	0
1986	2	4728	雙美	OTC	AK	生技	AK02	應用生技	54463	54463		20260914	2	0			0	0	0	0	0	0			14.9	26.24	3.09	18.53	11.09	0	0	0	0	0	0	0	0	0
1987	2	911622	泰聚亨-DR	TWSE	BA	鋼鐵	BA05	鋼鐵產品	30000	30000		20260914	1	0			1	0	0	0	0	0			0.06	0	0	-0.54	-0.17	0	0	0	0	0	0	0	0	0
1988	2	2838	聯邦銀	TWSE	AC	金融-銀行	AC01	銀行	4807829	4607829		20260914	1	0			0	0	0	0	0	0			1.48	13.49	5.04	2.4	0.2	1068	0	-50	264	1018	10	-2	18	-50
1989	2	4541	晟田	OTC	CT	航天軍工	CT01	航天軍工	72647	72647		20260914	2	0			0	0	0	0	0	0	45416	2026-08-07	3.94	14.5	2.46	5.06	2.33	-499	0	-1	-336	-500	47	1	0	-1
1990	2	6150	撼訊	OTC	CG	板卡	CG01	板卡	48346	48346		20260914	2	0			0	0	0	0	0	0	61506	2023-12-28	4.08	15.27	0.96	2.55	1.35	60	0	4	175	64	-16	0	5	4
1991	2	6911	群運	ROTC	AP	其他	CO02	廢棄物處理	22000	22000		20260914	3	0			1	0	0	0	0	0			1.69	0	0	0	0	0	0	0	0	0	0	0	0	0
1992	2	2073	雄順	OTC	BA	鋼鐵	BA04	鋼鐵加工	27500	27500		20260914	2	0			1	0	0	0	0	0			-0.7	0	1.19	-0.62	-0.19	0	0	0	0	0	0	0	0	0
1993	2	6123	上奇	OTC	AE	軟體-系統整合	AE01	系統整合	62089	62089	能率集團	20260914	2	0			0	0	0	0	0	0			3.3	13.08	8.47	4.35	2.39	2	0	0	-1	2	0	0	0	0
1994	2	7443	凡事康	ROTC	AP	其他	CO01	水資源處理	22000	22000		20260914	3	0			1	0	0	0	0	0			1.3	0	0	0	0	0	0	0	0	0	0	0	0	0
1995	2	2380	虹光	TWSE	BW	電子-其他	BW01	電子其他	60000	60000		20260914	1	0			1	0	0	0	0	0			-0.82	0	0	0.3	0.32	4	0	-1	-43	3	0	0	0	0
1996	2	1264	德麥	OTC	AR	食品	AR01	食品加工	37052	37052		20260914	2	0			0	0	0	0	0	0			21.2	11.72	6.04	5.41	3.78	-6	0	0	-5	-6	0	0	0	0
1997	2	1589	永冠-KY	TWSE	AY	電機	AY03	機械零組件	153136	153136		20260914	1	0			1	1	0	1	0	0	15894	2022-12-01	-5.23	14.37	4.82	-3.87	-0.91	0	0	0	0	0	0	0	0	0
1998	2	7707	益芯科	ROTC	BF	IC-設計	BF02	矽智財	45700	45700		20260914	3	0			1	0	0	0	0	0			2.76	0	0	0	0	0	0	0	0	3	0	0	0	0
1999	2	6465	威潤	OTC	CI	網通設備	CI03	無線通訊設備	59074	59074		20260914	2	0			0	0	0	0	0	0			3.42	12.19	0.48	4.15	3.62	-3	0	0	-37	-3	6	0	2	0
2000	2	8936	國統	OTC	CO	環境處理	CO01	水資源處理	248078	248078		20260914	2	0			0	0	0	0	0	0	89366	2026-07-03	4.33	11.68	5.92	2.78	1.7	82	0	3	26	85	-57	2	31	3
2001	2	5475	德宏	OTC	AQ	玻璃陶瓷	AQ03	玻纖布	127127	127127		20260914	2	0			0	0	1	0	0	0			1.3	135.66	0	11.92	4.51	-1011	0	20	-900	-991	0	0	0	0
2002	2	6409	旭隼	TWSE	CM	變壓器與UPS	CM01	UPS	88254	88254		20260914	1	0			0	0	0	0	0	0			26	33.36	4.27	7.79	3.89	43	4	-2	-14	44	-2	0	16	-4
2003	2	7547	碩網	OTC	CI	網通設備	CI02	網路設備	34013	34013		20260914	2	0			0	0	0	0	0	0			3.2	15.7	3.67	3.78	3.28	-1	0	0	0	-1	0	0	0	0
2004	2	6910	德鴻	OTC	53b13081400000008039a015822c2b77	數位雲端	AF01	軟體其他	30521	30521		20260914	2	0			0	0	0	0	0	0			1.98	13.35	7.09	4.36	3.26	0	0	0	0	0	1	0	0	0
2005	2	6839	開陽能源	ROTC	BW	電子-其他	BS01	太陽能	82020	82020		20260914	3	0			1	0	0	0	0	0			-3.74	0	0	0	0	0	0	0	0	0	0	0	0	0
2006	2	6857	宏碁智醫	ROTC	AK	生技	AK01	醫療器材	15226	15226		20260914	3	0			1	0	0	0	0	0			-3.55	0	0	0	0	0	0	0	0	0	0	0	0	0
2007	2	2070	精湛	OTC	CK	儀器設備工程	CK04	半導體檢測	41783	41783		20260914	2	0			0	0	0	0	0	0			3.03	21.82	2.5	3.47	2.4	-41	0	0	3	-40	7	0	0	0
2008	2	5243	乙盛-KY	TWSE	CS	電子零組件	CS01	電子零組件	168529	168529	泛鴻海集團	20260914	1	0			0	0	0	0	0	0			5.24	17.1	2.46	2.98	1.9	65	0	-32	-20	33	-60	0	0	-34
2009	2	2516	新建	TWSE	BB	營建	BB01	營造工程	226278	226278		20260914	1	0			1	0	0	0	0	0			1.5	9.67	0	4.28	1.3	0	0	-1	7	-1	0	0	0	0
2010	2	4163	鐿鈦	OTC	AK	生技	AK01	醫療器材	50675	50675		20260914	2	0			0	0	0	0	0	0			6.1	21.82	2.72	2.93	1.76	1	0	0	-3	1	-1	0	0	0
2011	2	6127	九豪	OTC	BO	被動元件	BO06	電阻	108080	108080		20260914	2	0			0	0	0	0	0	0			-0.84	0	0	-5.53	-1.41	-806	0	-9	-806	-815	35	-44	56	-9
2012	2	3535	晶彩科	TWSE	CK	儀器設備工程	CK04	半導體檢測	79052	79052		20260914	1	0			0	0	0	0	0	0			1.74	48.38	0	0.93	0.71	35	0	-2	-61	33	-24	9	66	-2
2013	2	1708	東鹼	TWSE	AH	化學工業	AH03	農藥及肥料	249002	249002		20260914	1	0			0	0	0	0	0	0			4.12	11.74	3.3	2.87	1.83	66	0	-11	-250	55	-119	-1	3	-11
2014	2	4166	友霖	OTC	AK	生技	AK04	生技其他	243035	243035		20260914	2	0			0	0	0	0	0	0			1	24.69	0	2.18	1.95	-25	0	0	-5	-25	7	0	1	0
2015	2	9940	信義	TWSE	BB	營建	BB04	地產代銷	736847	736847		20260914	1	0			0	0	0	0	0	0			0.99	20.51	2.99	2.48	1.2	-5	0	-20	-10	-25	-7	0	0	0
2016	2	3114	好德	OTC	BP	連接元件	BP02	連接線材	67723	67723		20260914	2	0			0	0	0	0	0	0			3.24	9.24	4.69	1.3	0.88	8	0	0	-11	8	-7	0	1	0
2017	2	6579	研揚	TWSE	BR	工業電腦	BR01	工業電腦	169451	169451	華碩集團	20260914	1	0			0	0	0	0	0	0			9.88	20.22	2.53	3.05	2.33	42	0	-2	21	40	18	0	1	-3
2018	2	5481	新華	OTC	CX	文化創意	CX01	文化創意	71403	71403		20260914	2	0			0	0	0	0	0	0			-0.37	0	0	-0.71	-0.48	18	0	0	7	18	44	0	8	0
2019	2	2723	美食-KY	TWSE	BC	觀光	BC01	餐飲	180000	180000		20260914	1	0			0	0	0	0	0	0			-1.1	0	0	3.25	2.07	73	0	-1	-40	72	7	0	8	0
2020	2	2363	矽統	TWSE	BF	IC-設計	BF02	矽智財	514988	514988	聯電集團	20260914	1	0			0	0	0	0	0	0			0.53	93.89	1.2	0.05	0.06	-1974	0	-384	-1663	-2358	132	-54	424	-384
2021	2	8411	福貞-KY	TWSE	AP	其他	AP01	傳產其他	221139	221139		20260914	1	0			0	0	0	0	0	0	84113	2025-04-21	0.34	38.24	0.77	0.06	0.15	-11	0	0	0	-11	0	0	0	0
2022	2	2211	長榮鋼	TWSE	BA	鋼鐵	BA06	鋼結構	417091	417091	長榮集團	20260914	1	0			0	0	0	0	0	0			7.37	11.21	7.86	3.41	2.64	-1	0	-2	-65	-4	1	0	72	0
2023	2	2852	第一保	TWSE	AB	金融-保險	AB01	保險	301164	301164		20260914	1	0			0	0	0	0	0	0			3.25	8.6	5.92	2.93	1.37	39	0	3	-4	42	7	0	3	0
2024	2	1229	聯華	TWSE	AR	食品	AR01	食品加工	1831880	1831880	聯華神通集團	20260914	1	0			0	0	0	0	0	0			2.48	16.35	4.91	1.43	1.18	-984	0	-36	-1063	-1020	74	0	374	-44
2025	2	6929	佑全	OTC			AK03	製藥業	45090	45090		20260914	2	0			1	0	0	0	0	0			-1.73	0	0	-1.4	-0.33	0	0	0	0	0	0	0	0	0
2026	2	6443	元晶	TWSE	BS	太陽能	BS01	太陽能	512797	512797	遠雄集團	20260914	1	0	RLF	元晶期貨	0	0	0	0	0	0			-6.15	0	0	-5.99	-3.04	-76	0	-66	-152	-142	-8	-1	0	0
2027	2	2342	茂矽	TWSE	BH	IC-製造	BH02	晶圓代工	157335	157335		20260914	1	0			0	0	0	0	0	0			-0.52	0	0	-0.79	-0.55	-475	0	-1	-408	-476	-21	3	1	0
2028	2	6246	臺龍	OTC	BI	LED及光元件	BI01	發光二極體	37851	37851		20260914	2	0			0	0	0	0	0	0			0.2	63.75	0	-2.12	-0.54	1	0	0	0	1	0	0	0	0
2029	2	6914	阜爾運通	TWSE	CL	電腦周邊產品	CL01	電腦及周邊產品	79471	79471		20260914	1	0			0	0	0	0	0	0			9.97	12.05	6.67	4.33	1.64	-13	0	0	-2	-13	0	0	6	0
2030	2	7897	禾迅綠電	ROTC	53b13043c3000000e2c2ca8d2ab4246e	綠能環保	BS01	太陽能	139867	139867		20260914	3	0			1	0	0	0	0	0			-1.09	0	0	0	0	0	0	0	0	0	0	0	0	0
2031	2	8222	寶一	TWSE	CT	航天軍工	CT01	航天軍工	68574	68574		20260914	1	0			0	0	0	0	0	0	82221	2026-05-27	1.35	25.7	1.01	3.29	1.6	-120	0	1	-63	-119	9	1	25	0
2032	2	5297	廣化	ROTC	CK	儀器設備工程	CK02	半導體設備	37652	37652		20260914	3	0			1	0	0	0	0	0			1.19	0	0	0	0	0	0	0	0	3	0	0	0	0
2033	2	6620	漢達	OTC	AK	生技	AK04	生技其他	165996	165996		20260914	2	0			1	0	0	0	1	1			3.11	43.06	1.67	0.61	0.56	-69	0	3	-108	-66	131	-30	0	-1
2034	2	3031	佰鴻	TWSE	BI	LED及光元件	BI01	發光二極體	173203	173203		20260914	1	0			0	0	0	0	0	0			0.92	25.93	4.24	2.53	2.08	75	0	0	-34	75	-36	0	27	0
2035	2	6727	亞泰金屬	OTC	BK	PCB-材料設備	BK01	印刷電路板設備	26884	26884		20260914	2	0			0	0	0	0	0	0			10.69	47.43	0.89	5.68	1.52	-96	132	-2	12	35	-40	-7	83	-2
2036	2	6143	振曜	OTC	BW	電子-其他	BW01	電子其他	86059	86059		20260914	2	0			0	0	0	0	0	0			7.87	10.28	7.42	4.64	2.73	-60	0	-2	-92	-62	-28	6	24	-2
2037	2	5272	笙科	OTC	BF	IC-設計	BF01	IC設計	55276	55276		20260914	2	0			0	0	0	0	0	0			-1.8	0	0	-3.32	-2.69	1	0	0	0	1	0	0	0	0
2038	2	2444	兆勁	TWSE	CI	網通設備	CI03	無線通訊設備	106570	106570		20260914	1	0			1	0	0	0	0	0			-2.17	0	0	-12	-4.77	24	0	-2	82	22	0	0	0	0
2039	2	1527	鑽全	TWSE	AY	電機	AY02	工具機	138571	138571		20260914	1	0			0	0	0	0	0	0			2.11	15.38	4.62	1.45	1.26	-68	0	0	8	-68	-13	0	0	0
2040	2	2028	威致	TWSE	BA	鋼鐵	BA03	鋼胚鋼筋	325715	325715		20260914	1	0			0	0	0	0	0	0			0.43	36.51	1.27	1.51	0.96	-21	0	-11	1	-32	16	0	0	0
2041	2	2235	謚源	OTC	AO	汽車零組件	59723caa37000000785f6384ccccd6f7	汽機車零組件(AM)	35878	35878	大億企業集團	20260914	2	0			0	0	0	0	0	0			1.35	21.18	5.21	0.57	0.49	0	0	0	0	0	0	0	0	0
2042	2	7887	宇川精材	ROTC	AH	化學工業	AH01	化學工業	81720	81720		20260914	3	0			1	0	0	0	0	0			-2.99	0	0	0	0	0	0	0	0	-1	0	0	0	0
2043	2	6730	常廣	OTC	AK	生技	AK01	醫療器材	36317	36317		20260914	2	0			0	0	0	0	0	0			2.03	16.67	4.76	2.23	1.47	0	0	0	0	0	-3	0	0	0
2044	2	6449	鈺邦	TWSE	BO	被動元件	BO03	電容	91878	91878		20260914	1	0			0	0	0	0	0	0			9.27	24.16	1.94	2.91	1.83	-58	-500	-12	-332	-569	160	-2	1	-12
2045	2	6817	溫士頓	ROTC	AK	生技	AK04	生技其他	18417	18417		20260914	3	0			1	0	0	0	0	0			11.77	0	0	0	0	0	0	0	0	0	0	0	0	0
2046	2	6224	聚鼎	TWSE	BO	被動元件	BO06	電阻	85645	85645		20260914	1	0			0	0	0	0	0	0			1.21	72.92	1.43	2.69	1.56	321	0	2	143	323	-246	2	40	0
2047	2	3552	同致	OTC	CR	車用電子	CR01	車用電子	97918	97918		20260914	2	0	OUF	同致期貨	0	0	0	0	0	0			-1.03	0	1.18	-3.39	-1.28	-16	0	0	0	-16	8	0	21	0
2048	2	6603	富強鑫	OTC	AY	電機	AY02	工具機	167443	167443		20260914	2	0			0	0	0	0	0	0	66034	2025-12-10	0.78	31.22	1.65	0.69	0.43	-155	0	-37	-108	-192	-16	0	105	-37
2049	2	3090	日電貿	TWSE	BO	被動元件	BO03	電容	287567	287567		20260914	1	0			0	0	0	0	0	0			8.48	21.59	2.94	5.07	3.65	-564	0	-95	-638	-660	-203	-2	203	-82
2050	2	3592	瑞鼎	TWSE	BF	IC-設計	BF03	驅動IC	75855	75855	明基友達集團	20260914	1	0			0	0	0	0	0	0			17.04	12.89	6.65	3.11	1.7	-13	0	-15	-24	-29	-8	0	58	0
2051	2	5328	華容	OTC	BO	被動元件	BO03	電容	172711	172711		20260914	2	0			0	0	0	0	0	0			0.71	79.58	0.62	2.3	1.89	-158	0	7	-91	-151	171	81	0	7
2052	2	2812	台中銀	TWSE	AC	金融-銀行	AC01	銀行	6425075	6425075	中纖集團	20260914	1	0			0	0	0	0	0	0			1.69	11.61	5.44	3	0.28	21954	0	-75	11089	21878	-105	1	292	-75
2053	2	4966	譜瑞-KY	OTC	BF	IC-設計	BF01	IC設計	78958	78958		20260914	2	0			0	0	0	0	0	0			31.77	16.79	3.37	2.67	2.29	1	0	-14	-14	-13	-5	0	17	-4
2054	2	6148	驊宏資	OTC	AE	軟體-系統整合	AE01	系統整合	46604	46604		20260914	2	0			0	0	0	0	0	0			1.07	28.7	3.97	0.84	0.39	-153	0	0	309	-153	144	73	45	0
2055	2	5434	崇越	TWSE	CK	儀器設備工程	CK02	半導體設備	194008	194008		20260914	1	0			0	0	0	0	0	0			26.91	19.72	2.55	7.4	3.4	-148	64	-8	23	-92	-25	2	50	-4
2056	2	2612	中航	TWSE	AU	航運	AU01	散裝航運	197485	197485		20260914	1	0			0	0	0	0	0	0			5.15	12.47	3.43	2.15	1.39	441	0	-6	260	436	-130	-8	54	3
2057	2	1526	日馳	TWSE	AM	運動	AM01	自行車	60000	60000		20260914	1	0			0	0	0	0	0	0	15261	2023-07-10	-0.8	0	0	-1.66	-0.81	-3	0	0	1	-3	-9	0	0	0
2058	2	3035	智原	TWSE	BF	IC-設計	BF02	矽智財	260550	260550	聯電集團	20260914	1	0	IPF	智原期貨	0	0	0	0	0	0			2.54	66.73	1.06	1.77	1.25	-1458	0	-406	-1519	-1864	271	47	635	-119
2059	2	3596	智易	TWSE	CI	網通設備	CI03	無線通訊設備	220354	220354	金仁寶集團	20260914	1	0			0	0	0	0	0	0			13	11.73	5.9	4.59	1.38	7	0	-10	-108	-2	-59	-1	33	-1
2060	2	6144	得利影	OTC	CX	文化創意	CX01	文化創意	38274	38274	中環集團	20260914	2	0			1	0	0	0	0	0			0	0	0	3.94	3.37	0	0	0	0	0	0	0	0	0
2061	2	1312	國喬	TWSE	AW	塑膠	AW01	塑膠原料	1526620	1506620	中信集團	20260914	1	0	EEF	國喬期貨	0	0	0	0	0	0			-4.11	0	0	-1.7	-0.55	-9331	0	-394	-7609	-9725	734	-37	2199	-407
2062	2	6572	博錸	ROTC	AK	生技	AK04	生技其他	103650	103650		20260914	3	0			1	0	0	0	0	0			-0.99	0	0	0	0	0	0	0	0	-10	0	0	0	0
2063	2	6707	富基電通	ROTC	BW	電子-其他	CL01	電腦及周邊產品	59003	59003		20260914	3	0			1	0	0	0	0	0			6.6	0	0	0	0	0	0	0	0	0	0	0	0	0
2064	2	1435	中福	TWSE	DB	控股公司	DB01	控股公司	139780	139780		20260914	1	0			1	0	0	0	0	0			-0.76	0	0	-6.67	-5.58	-7	0	0	0	-7	0	0	0	0
2065	2	2430	燦坤	TWSE	BZ	電子資訊通路	BZ02	3C通路商	116800	116800		20260914	1	0			0	0	0	0	0	0			0.48	36.63	4.46	0.04	0.13	4	0	-14	0	-10	0	0	0	0
2066	2	3006	晶豪科	TWSE	BF	IC-設計	BF01	IC設計	298128	298128		20260914	1	0	IIF	晶豪科期貨	0	0	0	0	0	0	30062	2026-06-01	31.17	9.16	0.34	37.02	23.58	-6834	10	-451	-5744	-7275	566	-209	253	-167
2067	2	7848	騏億鑫	ROTC	CK	儀器設備工程	CK05	無塵室工程	33376	33376		20260914	3	0			1	0	0	0	0	0			16.32	0	0	0	0	0	0	0	0	0	0	0	0	0
2068	2	3042	晶技	TWSE	BO	被動元件	BO05	石英元件	342993	342993		20260914	1	0	ITF	晶技期貨	0	0	0	0	0	0			5.76	30.4	2.73	3.59	2.48	164	0	-186	-137	-21	-274	-122	397	-74
2069	2	7595	世基生醫	ROTC	AK	生技	AK01	醫療器材	50465	50465		20260914	3	0			1	0	0	0	0	0			-2.54	0	0	0	0	0	0	0	0	0	0	0	0	0
2070	2	6703	軒郁	OTC	AK	生技	AK02	應用生技	36607	36607		20260914	2	0			0	0	0	0	0	0			10.1	9.74	1	6.9	3.79	3	2	0	-1	5	0	0	0	0
2071	2	2397	友通	TWSE	BR	工業電腦	BR01	工業電腦	114489	114489	明基友達集團	20260914	1	0			0	0	0	0	0	0			2.73	21.9	4.1	3.67	1.62	99	0	7	1	106	-13	0	0	0
2072	2	3356	奇偶	TWSE	BV	安全監控	BV01	安全監控系統	80542	80542		20260914	1	0			1	1	0	0	0	0			14.11	4.24	5.89	16.16	13.64	0	0	0	0	0	-1	0	0	0
2073	2	6115	鎰勝	TWSE	BP	連接元件	BP02	連接線材	187662	187662		20260914	1	0			0	0	0	0	0	0			3.42	12.82	6.39	2.64	1.72	-7	0	0	-7	-7	0	0	0	0
2074	2	2436	偉詮電	TWSE	BF	IC-設計	BF01	IC設計	216093	216093		20260914	1	0			0	0	0	0	0	0			5.77	12.33	2.92	10.05	6.85	-972	58	-63	-581	-976	-40	-103	509	-63
2075	2	1305	華夏	TWSE	AW	塑膠	AW01	塑膠原料	581050	581050	台聚集團	20260914	1	0			0	0	0	0	0	0			-0.4	0	0.82	1.63	0.85	-232	0	-11	-117	-243	47	0	129	-12
2076	2	6858	愛比科技	ROTC	CL	電腦周邊產品	BX02	視訊會議產品	27220	27220		20260914	3	0			1	0	0	0	0	0			-2.41	0	0	0	0	0	0	0	0	0	0	0	0	0
2077	2	3374	精材	OTC	BE	IC-封測	BE01	IC封裝測試	271364	271364	台積電集團	20260914	2	0	QLF	精材期貨	0	0	1	0	0	0			6.36	72.76	0.54	3.96	2.31	-143	1732	-546	76	1043	-978	-40	38	-69
2078	2	6682	華旭先進	ROTC	CS	電子零組件	BS01	太陽能	152106	152106		20260914	3	0			1	0	0	0	0	0			-4.14	0	0	0	0	0	0	0	0	-12	0	0	0	0
2079	2	2345	智邦	TWSE	CI	網通設備	CI02	網路設備	561118	561118		20260914	1	0	OPF	智邦期貨	0	0	0	0	0	0			63.65	29.62	0.8	16.42	6.1	572	-652	-7	-810	-86	-59	-4	20	2
2080	2	3086	華義*	OTC	AG	軟體-遊戲	AG01	軟體遊戲	272711	272711		20260914	2	0			1	0	0	0	0	0			-0.21	0	0	-4.43	-4.03	22	0	0	0	22	0	0	0	0
2081	2	2460	建通	TWSE	BP	連接元件	BP01	連接器	169200	169200		20260914	1	0			1	0	0	0	0	0			-1.62	0	0	1.53	0.79	91	0	0	-54	91	0	0	0	0
2082	2	7717	萊德光電-KY	OTC	4e9b311404000000b8b28c61891a26ae	低軌衛星	CI01	光通訊設備	24832	24832		20260914	2	0			0	0	1	0	0	0			7.43	73.13	0.64	6.48	4.6	53	0	18	18	71	39	1	12	18
2083	2	6657	華安	TWSE	AK	生技	AK03	製藥業	88808	88808		20260914	1	0			1	0	0	0	0	0			-3.39	0	0	-17.73	-16.6	-29	0	0	37	-29	-1	0	0	0
2084	2	4535	至興	OTC	AO	汽車零組件	AO01	汽機車零組件	75662	75662		20260914	2	0			0	0	0	0	0	0			1.42	19.37	2.91	1.53	1.34	-3	0	0	0	-3	0	0	0	0
2085	2	5244	弘凱	TWSE	BI	LED及光元件	BI03	LED原料	68242	68242		20260914	1	0			0	0	0	0	0	0	52441	2024-07-08	-0.45	0	1.18	-0.95	-0.49	41	0	0	-1	41	3	0	0	0
2086	2	6598	ABC-KY	TWSE	AK	生技	AK02	應用生技	102819	102819		20260914	1	0			1	0	0	0	0	0			-0.49	0	0	4.07	2.66	-101	0	0	-1	-101	0	0	0	0
2087	2	2743	山富	OTC	BC	觀光	BC02	旅遊	46815	46815		20260914	2	0			0	0	0	0	0	0	27431	2025-07-21	3.68	14.13	6.15	2.37	0.92	-16	0	0	-9	-16	1	3	20	0
2088	2	2726	雅茗-KY	OTC	BC	觀光	BC01	餐飲	37690	37690		20260914	2	0			1	0	0	0	0	0			-2.97	0	0	-4.8	-2.29	0	0	0	0	0	0	0	0	0
2089	2	1569	濱川	OTC	CL	電腦周邊產品	CL02	電腦機殼	144247	144247		20260914	2	0			0	0	0	0	0	0	15697		-3.78	0	0	-3.92	-1.67	557	0	6	629	563	506	9	39	6
2090	2	2428	興勤	TWSE	BO	被動元件	BO06	電阻	128113	128113		20260914	1	0			0	0	0	0	0	0			14.07	18.12	2.31	5.76	3.84	465	0	10	470	474	46	3	6	9
2091	2	2547	日勝生	TWSE	BB	營建	BB01	營造工程	1035095	1035095		20260914	1	0			0	0	0	0	0	0			0.13	81.83	8.15	-0.29	0.21	-738	39	-30	-1304	-729	-90	0	141	0
2092	2	912000	晨訊科-DR	TWSE	CI	網通設備	CI03	無線通訊設備	159294	159294		20260914	1	0			0	0	0	0	0	0			-0.21	0	0	-1.51	-1.12	0	0	0	-5	0	-8	0	0	0
2093	2	4431	敏成健康	ROTC	AT	紡織纖維	AT03	紡織纖維	36536	36536		20260914	3	0			1	0	0	0	0	0			-2.43	0	0	0	0	0	0	0	0	0	0	0	0	0
2094	2	4721	美琪瑪	OTC	CV	電池	CV01	電池	74986	74986		20260914	2	0			0	0	0	0	0	0			4.96	14.51	3.19	9.95	5.28	39	0	-8	9	31	-8	0	2	-8
2095	2	6414	樺漢	TWSE	BR	工業電腦	BR01	工業電腦	157148	157148	泛鴻海集團	20260914	1	0	OQF	樺漢期貨	0	0	0	0	0	0	64144	2021-06-24	25.51	15.37	3.72	4.32	1.74	18	0	-8	27	10	-22	2	14	-2
2096	2	6482	弘煜科	OTC	AG	軟體-遊戲	AG01	軟體遊戲	28634	28634		20260914	2	0			0	0	0	0	0	0			1.82	13.24	8.3	1.29	1.01	-3	0	0	0	-3	1	0	0	0
2097	2	7631	聚賢研發-創	TIB	BW	電子-其他	BW01	電子其他	20142	20142		20260914	4	0			0	0	0	0	0	0	76311	2026-07-07	10.71	13.07	2.71	10.23	5.29	-7	0	12	-14	5	-32	0	0	10
2098	2	5211	蒙恬	OTC	AF	軟體-其他	AF01	軟體其他	32025	32025		20260914	2	0			0	0	0	0	0	0			-0.44	0	0	-0.09	-0.08	9	0	0	0	9	-4	-3	0	0
2099	2	2515	中工	TWSE	BB	營建	BB01	營造工程	1688460	1688460	威京集團	20260914	1	0	HHF	中工期貨	0	0	0	0	0	0			0.49	25	4.17	0.7	0.3	1632	0	76	89	1708	86	-1	70	0
2100	2	5871	中租-KY	TWSE	AA	金融-金控	AA02	放款	1895650	1745650	中信集團	20260914	1	0	LVF	中租-KY期貨	0	0	0	0	0	0			11.03	10.3	5.38	2.75	0.56	-1419	145	2	-838	-1273	-90	0	520	2
2101	2	9943	好樂迪	TWSE	BC	觀光	BC04	休閒娛樂	125172	125172		20260914	1	0			0	0	0	0	0	0			6.08	12.39	6.89	1.64	1.1	-6	0	0	1	-6	0	0	2	0
2102	2	6811	宏碁資訊	OTC	53b13081400000008039a015822c2b77	數位雲端	5482289646000000c26187ecbfa0dd33	雲端服務	41449	41449	宏碁集團	20260914	2	0			0	0	0	0	0	0			16.15	13.97	4.66	8.74	2.8	58	0	1	43	59	15	0	0	1
2103	2	6563	映智	ROTC	BF	IC-設計	BF01	IC設計	29743	29743		20260914	3	0			1	0	0	0	0	0			-7.98	0	0	0	0	0	0	0	0	2	0	0	0	0
2104	2	7719	碳基	ROTC	AP	其他	AY01	機械	36000	36000		20260914	3	0			1	0	0	0	0	0			-8.62	0	0	0	0	0	0	0	0	19	0	0	0	0
2105	2	4197	暐世	ROTC	AK	生技	AK04	生技其他	30181	30181		20260914	3	0			1	0	0	0	0	0			-0.16	0	0	0	0	0	0	0	0	1	0	0	0	0
2106	2	3211	順達	OTC	CV	電池	CV01	電池	155469	155469		20260914	2	0	NCF	順達期貨	0	0	0	0	0	0			7.5	48.79	3.17	2.35	1.19	-358	16	-138	-353	-480	-62	-32	8	-73
2107	2	4943	康控-KY	TWSE	CS	電子零組件	CS01	電子零組件	126694	126694		20260914	1	0			1	0	0	1	1	0			-1.32	0	0	-90.33	-4.78	0	0	0	0	0	0	0	0	0
2108	2	6477	安集	TWSE	BS	太陽能	BS01	太陽能	124053	124053		20260914	1	0			0	0	0	0	0	0	64775	2025-08-28	0.02	1123.33	1.04	0.71	0.51	-125	0	0	-82	-125	-43	0	8	0
2109	2	2069	運錩	TWSE	BA	鋼鐵	BA01	不鏽鋼加工	166387	166387		20260914	1	0			0	0	0	0	0	0			2.57	9.63	4.06	3.89	1.96	186	0	-6	664	180	676	23	20	0
2110	2	3508	位速	OTC	CS	電子零組件	CS01	電子零組件	108867	108867		20260914	2	0			1	0	0	0	0	0			-0.94	0	0	-5.91	-0.73	8	0	0	3	8	0	0	0	0
2111	2	4764	雙鍵	TWSE	AH	化學工業	AH01	化學工業	91542	91542		20260914	1	0			0	0	0	0	0	0	47642	2026-06-22	3.11	69.35	0.47	4.24	2.18	-5	0	-18	-5	-23	-35	-1	23	-11
2112	2	2340	台亞	TWSE	BI	LED及光元件	BI01	發光二極體	438623	438623		20260914	1	0	FYF	台亞期貨	0	0	0	0	0	0			-2.17	0	0	-3.32	-1.35	5	0	-82	-88	-78	65	2	24	-51
2113	2	2434	統懋	TWSE	CU	二極體	CU01	二極體	37000	37000		20260914	1	0			0	0	0	0	0	0			-0.48	0	0	-4.23	-2.73	-22	0	0	-3	-22	4	-1	0	0
2114	2	7865	金聯成	ROTC	53b13043c3000000e2c2ca8d2ab4246e	綠能環保	CO02	廢棄物處理	25124	25124		20260914	3	0			1	0	0	0	0	0			-0.71	0	0	0	0	0	0	0	0	0	0	0	0	0
2115	2	7418	香繼光	ROTC	BC	觀光	BC01	餐飲	27554	27554		20260914	3	0			1	0	0	0	0	0			11.1	0	0	0	0	0	0	0	0	0	0	0	0	0
2116	2	3207	耀勝	OTC	CM	變壓器與UPS	CM02	變壓器	66422	66422		20260914	2	0			0	0	0	0	0	0	32071	2023-12-27	-2.31	0	0	-1.23	-0.53	-46	0	-1	-46	-47	28	11	1	-1
2117	2	2834	臺企銀	TWSE	AC	金融-銀行	AC01	銀行	10398326	10398326		20260914	1	0	IAF	臺企銀期貨	0	0	0	0	0	0			1.33	13.24	5.56	2.62	0.15	1001	0	-214	-418	787	-212	-19	271	-166
2118	2	6588	東典光電	OTC	CH	光學鏡片	CH02	影像感測元件	34701	34701		20260914	2	0			0	0	0	0	0	0			0.18	597.22	0	1.22	0.97	35	0	0	14	36	-54	-4	0	0
2119	2	3169	亞信	OTC	BF	IC-設計	BF01	IC設計	63307	63307	聯發科集團	20260914	2	0			0	0	0	0	0	0			3.83	26.25	3.2	3.39	2.91	15	0	-1	-3	14	9	0	10	-1
2120	2	6163	華電網	OTC	AE	軟體-系統整合	AE01	系統整合	148831	148831		20260914	2	0			0	0	0	0	0	0	61635	2025-04-17	0.95	43.37	1.5	-1.04	-0.35	-330	0	-12	-236	-342	-16	4	11	-12
2121	2	4912	聯德控股-KY	TWSE	CS	電子零組件	CS01	電子零組件	66953	66953		20260914	1	0			0	0	0	0	0	0			3.1	29.7	1.03	2.4	1.35	-66	0	0	-14	-66	11	0	14	0
2122	2	3481	群創	TWSE	CE	LCD面板	CE02	TFT-LCD	7989197	7989197	泛鴻海集團	20260914	1	0	DQF	群創期貨	0	0	0	0	0	0			0.78	61.15	2.1	2.04	1.26	-18794	-61	-3909	-18224	-22764	-3223	2789	233	-833
2123	2	3152	璟德	OTC	BO	被動元件	BO02	MLCC	39016	39016		20260914	2	0	NBF	璟德期貨	0	0	0	0	0	0			5.61	24.58	3.2	2.46	2.12	10	0	-6	-7	4	-9	0	9	-2
2124	2	5215	科嘉-KY	TWSE	BY	筆記型電腦	5379f6bdc20000005b794e9d7f493724	筆記型電腦鍵盤	64338	64338		20260914	1	0			0	0	0	0	0	0			3.93	9.78	5.2	1.38	1.06	-2	0	0	0	-2	-32	0	0	0
2125	2	3284	太普高	OTC	CX	文化創意	CX01	文化創意	108628	108628		20260914	2	0			0	0	0	0	0	0	32843	2025-05-29	2.48	7.98	2.59	1.26	0.77	11	0	-1	-19	10	5	0	2	-1
2126	2	7944	睿禾金碳	ROTC	53b13043c3000000e2c2ca8d2ab4246e	綠能環保	BS01	太陽能	30763	30763		20260914	3	0			1	0	0	0	0	0			3.45	0	0	0	0	0	0	0	0	-2	0	0	0	0
2127	2	7756	多那之國際	ROTC	BC	觀光	BC01	餐飲	21283	21283		20260914	3	0			1	0	0	0	0	0			1.46	0	0	0	0	0	0	0	0	0	0	0	0	0
2128	2	8930	青鋼	OTC	BA	鋼鐵	BA04	鋼鐵加工	81809	81809		20260914	2	0			0	0	0	0	0	0			2.62	11.17	7.57	3.39	2.26	0	0	0	0	0	2	0	0	0
2129	2	4406	新昕纖	OTC	AT	紡織纖維	AT02	加工絲	51912	51912		20260914	2	0			0	0	0	0	0	0			-0.77	0	0	-0.91	-0.58	9	0	0	0	9	0	0	0	0
2130	2	3122	笙泉	OTC	BF	IC-設計	DC01	MCU	40777	40777		20260914	2	0			1	0	0	0	0	0	31222	2024-03-08	-1.44	0	0	-5.3	-3.41	0	0	0	0	0	0	0	0	0
2131	2	6876	朗齊生醫*	ROTC	AK	生技	AK01	醫療器材	70529	70529		20260914	3	0			1	0	0	0	0	0			-11.12	0	0	0	0	0	0	0	0	45	0	0	0	0
2132	2	2548	華固	TWSE	BB	營建	BB01	營造工程	335705	335705		20260914	1	0	HOF	華固期貨	0	0	0	0	0	0	25484	2024-08-27	12.34	7.67	8.96	1.04	0.5	47	3	21	57	71	-19	0	40	0
2133	2	3158	嘉實	OTC	CI	網通設備	CI02	網路設備	30681	30681		20260914	2	0			1	0	0	0	0	0			7.71	11.77	7.68	5.91	4.31	0	0	0	0	0	0	0	0	0
2134	2	7879	益材科技	ROTC	AP	其他	54824c5a3a0000008b34ddf577ece042	環保材料	40000	40000		20260914	3	0			1	0	0	0	0	0			2.78	0	0	0	0	0	0	0	0	0	0	0	0	0
2135	2	7860	得生製藥	ROTC	AK	生技	AK04	生技其他	32000	32000		20260914	3	0			1	0	0	0	0	0			7.31	0	0	0	0	0	0	0	0	0	0	0	0	0
2136	2	2228	劍麟	TWSE	AO	汽車零組件	AO01	汽機車零組件	79780	79780		20260914	1	0			0	0	0	0	0	0	22283	2024-07-15	4.07	18.4	6.02	1.38	1.05	-5	0	0	1	-5	-2	0	16	0
2137	2	3659	百辰	ROTC	CL	電腦周邊產品	BW01	電子其他	54774	54774		20260914	3	0			1	0	0	0	0	0			3.95	0	0	0	0	0	0	0	0	0	0	0	0	0
2138	2	8401	白紗科	OTC	CX	文化創意	CX01	文化創意	70669	70669		20260914	2	0			0	0	0	0	0	0			2.64	8.61	5.3	3.74	2.3	1	0	0	0	1	0	0	0	0
2139	2	4563	百德	OTC	AY	電機	AY02	工具機	54950	54950		20260914	2	0			0	0	0	0	0	0			-3.29	0	0	0.19	0.26	30	0	1	9	31	15	0	2	1
2140	2	5410	國眾	OTC	BZ	電子資訊通路	BZ01	電腦通路商	93500	93500	大眾集團	20260914	2	0			0	0	0	0	0	0			3.41	9.56	6.38	5.21	1.22	-334	0	-1	-509	-335	-46	-11	106	-1
2141	2	4139	馬光-KY	OTC	AK	生技	AK04	生技其他	45010	45010		20260914	2	0			1	0	0	0	0	0			-2.33	0	0	-3.91	-0.85	3	0	0	0	3	-2	0	0	0
2142	2	2539	櫻花建	TWSE	BB	營建	BB01	營造工程	1455585	1455585		20260914	1	0			0	0	0	0	0	0			4.21	8.35	7.97	10.34	6.2	251	0	-29	62	221	-14	0	15	0
2143	2	6965	中傑-KY	TWSE	53b12ee9760000004fff0eead0b0f535	運動休閒	AP02	鞋業	156336	156336		20260914	1	0			0	0	0	0	0	0			0.61	118.31	7.16	0.33	0.26	-21	0	0	0	-21	0	0	2	0
2144	2	6165	浪凡	TWSE	53b13081400000008039a015822c2b77	數位雲端	CW02	網站相關	77753	77753		20260914	1	0			0	0	0	0	0	0			3.85	12.05	10.56	4.74	2.05	10	0	-2	-32	8	5	0	2	0
2145	2	2497	怡利電	TWSE	CR	車用電子	CR01	車用電子	130888	130888		20260914	1	0			0	0	0	0	0	0			3.34	13.51	4.64	3.41	1.77	-8	0	0	-10	-8	-9	-1	13	0
2146	2	2908	特力	TWSE	AL	百貨	AL02	批發	509888	509888		20260914	1	0			0	0	0	0	0	0			1.24	17.85	2.51	4.32	1.27	-81	0	0	0	-81	123	0	0	0
2147	2	6121	新普	OTC	CV	電池	CV01	電池	184971	184971	泛鴻海集團	20260914	2	0	NQF	新普期貨	0	0	0	0	0	0			33.1	11.49	5.73	4.63	2.61	-397	319	0	-32	-78	-5	0	6	0
2148	2	6625	必應	TWSE	CX	文化創意	CX01	文化創意	57972	57972		20260914	1	0			0	0	0	0	0	0			10.44	7.1	6.82	10.37	5.32	-84	0	-3	-61	-87	-6	0	21	0
2149	2	3047	訊舟	TWSE	CI	網通設備	CI02	網路設備	224767	224767		20260914	1	0			0	0	0	0	0	0	30478	2024-10-23	-0.98	0	0	-2.26	-0.99	165	0	-2	10	163	-15	0	8	0
2150	2	6156	松上	OTC	BL	PCB-製造	BL01	硬板	107875	107875		20260914	2	0			0	0	0	0	0	0	61565	2025-05-06	0.39	51.13	0.98	1.02	0.57	-72	0	0	-56	-72	31	0	20	0
2151	2	6672	騰輝電子-KY	TWSE	BL	PCB-製造	BL03	銅箔基板	82303	82303		20260914	1	0			0	0	0	0	0	0	66721	2025-12-11	7.24	44.11	1.15	5.49	3.58	-521	0	2	-425	-519	1	-6	212	1
2152	2	7857	合水先進	ROTC	53b13043c3000000e2c2ca8d2ab4246e	綠能環保	CO01	水資源處理	69005	69005		20260914	3	0			1	0	0	0	0	0			4.49	0	0	0	0	0	0	0	0	0	0	0	0	0
2153	2	4584	君帆	OTC	AY	電機	AY01	機械	30002	30002		20260914	2	0			1	0	0	0	0	0			2.48	15.24	5.29	0.36	0.24	1	0	0	0	1	0	0	0	0
2154	2	8481	政伸	TWSE	AM	運動	AM01	自行車	66602	66602		20260914	1	0			0	0	0	0	0	0			3.4	12.06	6.72	3.26	2.68	0	0	0	0	0	0	0	0	0
2155	2	3646	艾恩特	OTC	BP	連接元件	BP01	連接器	39297	39297		20260914	2	0			0	0	0	0	0	0			-0.37	0	3.66	-0.55	-0.16	3	0	0	0	3	7	0	0	0
2156	2	1726	永記	TWSE	AH	化學工業	AH01	化學工業	162000	162000		20260914	1	0			0	0	0	0	0	0			6.42	12	4.81	2.47	2.07	-4	0	-1	0	-5	0	0	0	0
2157	2	6441	廣錠	OTC	CV	電池	CV01	電池	53318	53318		20260914	2	0			0	0	1	0	0	0			-4.8	0	0	-7.25	-4.12	-165	0	-1	-308	-166	-226	-4	12	-1
2158	2	5347	世界	OTC	BH	IC-製造	BH02	晶圓代工	1878502	1878502	台積電集團	20260914	2	0	NLF	世界期貨	0	0	0	0	0	0			4.72	34.09	2.84	3.08	1.35	-608	239	-273	-547	-642	-51	-21	824	-211
2159	2	2049	上銀	TWSE	AY	電機	AY06	自動化設備	353792	353792		20260914	1	0	FFF	上銀期貨	0	0	0	0	0	0			6.61	54.39	0.56	2.12	1.54	87	0	4	194	91	66	-9	284	35
2160	2	4903	聯光通	OTC	CI	網通設備	CI01	光通訊設備	105344	105344		20260914	2	0			0	0	0	0	0	0			1.28	26.09	0.9	-0.94	-0.52	-190	0	0	-332	-190	-45	41	4	0
2161	2	8403	盛弘	OTC	AK	生技	AK01	醫療器材	137640	137640		20260914	2	0			0	0	0	0	0	0			1.19	16.02	3.17	1.71	1.13	3	0	0	-22	3	-2	0	1	0
2162	2	6214	精誠	TWSE	AF	軟體-其他	AF01	軟體其他	272243	272243		20260914	1	0			0	0	0	0	0	0			10.72	17.6	3.18	5.2	2.52	866	-220	-17	92	630	78	-5	137	-17
2163	2	8111	立碁	OTC	BI	LED及光元件	BI01	發光二極體	109102	109102		20260914	2	0			0	0	1	0	0	0	81114	2026-03-16	1.14	62.89	0.84	2.09	1.41	204	0	-161	589	43	-110	28	16	-161
2164	2	4195	基米-創	TIB	AK	生技	AK04	生技其他	80000	80000		20260914	4	0			1	0	0	0	0	0			-0.38	0	0	3.22	1.73	-19	0	0	-14	-19	0	0	0	0
2165	2	5014	建錩	OTC	BA	鋼鐵	BA02	不鏽鋼產品	183265	183265		20260914	2	0			0	0	0	0	0	0			-0.77	0	5.06	-3.41	-0.75	-60	0	0	-38	-60	-38	0	0	0
2166	2	1410	南染	TWSE	BE	IC-封測	BE01	IC封裝測試	62000	62000		20260914	1	0			0	0	0	0	0	0			0.73	33.42	0.82	0.43	0.36	-2	0	0	0	-2	0	0	0	0
2167	2	3705	永信	TWSE	AK	生技	AK03	製藥業	266423	266423		20260914	1	0			0	0	0	0	0	0			3.36	16.56	5.38	2.56	1.72	-29	0	-5	-1	-34	-6	0	3	0
2168	2	2109	華豐	TWSE	AZ	橡膠	AZ01	輪胎	279349	279349		20260914	1	0			0	0	0	0	0	0	21092		1.38	10.65	6.8	2.15	1.35	-7	0	-6	-48	-13	8	0	0	0
2169	2	1464	得力	TWSE	AT	紡織纖維	AT03	紡織纖維	425576	425576		20260914	1	0			0	0	0	0	0	0			0.62	12.04	2.5	0.29	0.39	-44	0	-22	-17	-66	-3	0	0	0
2170	2	7415	元澄半導體	ROTC	BF	IC-設計	BF01	IC設計	30203	30203		20260914	3	0			1	0	0	0	0	0			8.86	0	0	0	0	0	0	0	0	-1	0	0	0	0
2171	2	7825	和亞智慧	OTC	BI	LED及光元件	BI02	LED檢測設備	25615	25615		20260914	2	0			1	0	0	0	0	0			2.58	53.48	1.3	-1.05	-0.43	178	0	0	-40	178	0	0	0	0
2172	2	7748	鑫囍創業	ROTC	CX	文化創意	CX01	文化創意	14500	14500		20260914	3	0			1	0	0	0	0	0			2.17	0	0	0	0	0	0	0	0	0	0	0	0	0
2173	2	6215	和椿	TWSE	AY	電機	AY06	自動化設備	82790	82790		20260914	1	0			0	0	0	0	0	0			3.36	29.23	1.02	3.94	2.29	-66	0	-2	-101	-68	5	-5	15	-2
2174	2	2471	資通	TWSE	AF	軟體-其他	AF01	軟體其他	47254	47254	聯華神通集團	20260914	1	0			0	0	0	0	0	0			4.84	10.29	6.65	5.69	3.24	3	0	-6	-5	-3	3	1	2	0
2175	2	5269	祥碩	TWSE	BF	IC-設計	BF01	IC設計	74156	74156	華碩集團	20260914	1	0	PHF	祥碩期貨	0	0	0	0	0	0			93.37	14.02	3.45	5.53	4.76	-97	0	-6	-71	-103	9	55	47	-7
2176	2	2756	聯發國際	OTC	BC	觀光	BC01	餐飲	24598	24598		20260914	2	0			0	0	0	0	0	0	27562	2026-08-20	4.25	14.73	5.32	4.23	1.93	-5	0	0	0	-5	49	0	0	0
2177	2	2249	湧盛	ROTC	AY	電機	AN01	汽機車	28160	28160		20260914	3	0			1	0	0	0	0	0			11.59	0	0	0	0	0	0	0	0	0	0	0	0	0
2178	2	6826	和淞	ROTC	BW	電子-其他	CK02	半導體設備	85540	85540		20260914	3	0			1	0	0	0	0	0			57.37	0	0	0	0	0	0	0	0	0	0	0	0	0
2179	2	2034	允強	TWSE	BA	鋼鐵	BA01	不鏽鋼加工	528996	528996		20260914	1	0			0	0	0	0	0	0	20344	2024-08-26	0.41	48.21	4.94	0.76	0.51	-136	0	-10	-64	-146	-1	-8	11	0
2180	2	2451	創見	TWSE	BD	DRAM	BD01	DRAM	431346	431346		20260914	1	0			0	0	0	0	0	0	24512	2026-06-18	57.75	4.81	4.26	36.79	26.11	-570	0	-37	-460	-606	-75	-54	368	-37
2181	2	5278	尚凡*	OTC	53b13081400000008039a015822c2b77	數位雲端	CW01	電子商務	300000	300000		20260914	2	0			0	0	0	0	0	0			1.14	20.96	5.12	2.6	1.83	5	0	0	0	5	1	0	0	0
2182	2	6621	華宇藥	ROTC	AK	生技	AK04	生技其他	35501	35501		20260914	3	0			1	0	0	0	0	0			-2.22	0	0	0	0	0	0	0	0	0	0	0	0	0
2183	2	6898	程曦資訊	ROTC	CA	電信服務	CA01	電信數據服務	29016	29016		20260914	3	0			1	0	0	0	0	0			7.72	0	0	0	0	0	0	0	0	0	0	0	0	0
2184	2	8409	商之器	OTC	AK	生技	AK01	醫療器材	32000	32000		20260914	2	0			1	0	0	0	0	0			1.01	17.75	0	-5.99	-4.33	0	0	0	0	0	0	0	0	0
2185	2	2924	宏太-KY	OTC	53b130187d0000003b11a6755a185d27	居家生活	CP01	家居用品	52036	52036		20260914	2	0			1	0	0	0	0	0			-1.11	0	0	-2.42	-1.05	0	0	0	0	0	0	0	0	0
2186	2	1907	永豐餘	TWSE	AS	紙業	AS01	工業用紙	1660371	1660371	永豐餘集團	20260914	1	0	QKF	永豐餘期貨	0	0	0	0	0	0			1.7	17.09	3.44	0.56	0.44	-55	27	-16	18	-43	-10	0	22	0
2187	2	8905	裕國	OTC	AR	食品	AR01	食品加工	119440	119440		20260914	2	0			0	0	0	0	0	0			0.85	42.72	2.05	1.84	1.49	0	0	0	0	0	0	0	0	0
2188	2	1590	亞德客-KY	TWSE	AY	電機	AY06	自動化設備	200000	200000		20260914	1	0	EPF	亞德客-KY期貨	0	0	0	0	0	0			52.04	24.69	2.27	6.27	5.18	22	0	7	-15	29	1	0	4	-1
2189	2	2836	高雄銀	TWSE	AC	金融-銀行	AC01	銀行	1898316	1858316		20260914	1	0			0	0	0	0	0	0			0.76	16.18	3.66	1.38	0.11	-544	0	-17	93	-561	-46	1	52	0
2190	2	4186	尖端醫	ROTC	AK	生技	AK04	生技其他	90000	90000		20260914	3	0			1	0	0	0	0	0			0.43	0	0	0	0	0	0	0	0	0	0	0	0	0
2191	2	1416	廣豐	TWSE	DB	控股公司	DB01	控股公司	185342	185342		20260914	1	0			0	0	0	0	0	0			1.19	9.58	5.04	2	1.48	-41	0	14	-77	-27	49	0	0	0
2192	2	7721	微程式	TWSE	53b13081400000008039a015822c2b77	數位雲端	AE01	系統整合	55370	55370		20260914	1	0			0	0	0	0	0	0			0.92	65.05	1.69	1.97	1.56	-18	0	-1	-15	-19	-1	0	0	0
2193	2	1598	岱宇	TWSE	53b12ee9760000004fff0eead0b0f535	運動休閒	AM03	健身	179142	179142		20260914	1	0			0	0	0	0	0	0	15984	2024-12-20	-1.1	0	2.44	1.19	0.74	-19	0	1	-8	-18	-14	0	0	0
2194	2	3633	云光	ROTC	CF	LCD零組件	CF01	面板零組件	34024	34024		20260914	3	0			1	0	0	0	0	0			24.88	0	0	0	0	0	0	0	0	-1	0	0	0	0
2195	2	6151	晉倫	OTC	AW	塑膠	AW01	塑膠原料	55257	55257		20260914	2	0			0	0	0	0	0	0			2.34	14.7	4.36	6.6	4.05	-15	0	0	-2	-15	-4	0	0	0
2196	2	7921	台普威	ROTC	53b13043c3000000e2c2ca8d2ab4246e	綠能環保	54820dbff70000007c774dd6ca68b569	能源工程	40807	40807		20260914	3	0			1	0	0	0	0	0			12.07	0	0	0	0	0	0	0	0	0	0	0	0	0
2197	2	8436	大江	OTC	AK	生技	AK02	應用生技	117729	117729		20260914	2	0	PMF	大江期貨	0	0	0	0	0	0			9.42	12.1	5.65	3.22	2.2	-111	0	-187	-132	-298	-6	0	65	0
2198	2	3718	中光電投控	OTC	DB	控股公司	DB01	控股公司	390981	390981		20260914	2	0	VQF	中光電投控期貨	0	0	0	0	0	0			0	0	0	0	0	-1667	0	-36	-2034	-1703	262	-17	1508	-26
2199	2	3498	陽程	OTC	AY	電機	AY06	自動化設備	61273	61273	泛鴻海集團	20260914	2	0			0	0	0	0	0	0			4.45	43.74	0	8.77	4.16	-431	0	62	-247	-370	59	-62	13	60
2200	2	6595	光禹國際	ROTC	CX	文化創意	AL03	百貨	49858	49858		20260914	3	0			1	0	0	0	0	0			0.03	0	0	0	0	0	0	0	0	0	0	0	0	0
2201	2	3577	泓格	OTC	BR	工業電腦	BR01	工業電腦	63966	63966		20260914	2	0			0	0	0	0	0	0			4.34	25.63	1.79	7.84	5.98	25	0	-5	35	20	-3	-13	4	-5
2202	2	4153	鈺緯	OTC	CC	顯示器	CC01	顯示器	58668	58668	泛鴻海集團,明基友達集團	20260914	2	0			0	0	0	0	0	0			1.63	19.15	6.37	3.29	2.21	-1	0	0	0	-1	3	0	0	0
2203	2	1260	富味鄉	ROTC	AR	食品	AR04	油脂	102098	102098		20260914	3	0			1	0	0	0	0	0			3.88	0	0	0	0	0	0	0	0	0	0	0	0	0
2204	2	7866	丹立	ROTC	BE	IC-封測	BE02	IC測試	54196	54196		20260914	3	0			1	0	0	0	0	0			17.41	0	0	0	0	0	0	0	0	0	0	0	0	0
2205	2	9949	琉園	OTC	AP	其他	AP01	傳產其他	44861	44861		20260914	2	0			0	0	0	0	0	0			6.21	3.95	9.15	-1.39	-1.11	0	0	0	0	0	1	0	0	0
2206	2	6186	新潤	OTC	BB	營建	BB01	營造工程	226908	226908		20260914	2	0			0	0	0	0	0	0			5.07	5.93	16.67	0.61	0.2	-47	0	0	-86	-47	11	8	82	0
2207	2	7781	昕力資*	ROTC	AF	軟體-其他	AF01	軟體其他	649681	649681		20260914	3	0			1	0	0	0	0	0			-0.94	0	0	0	0	0	0	0	0	4	0	0	0	0
2208	2	4995	晶達	OTC	CF	LCD零組件	CF01	面板零組件	42592	42592		20260914	2	0			0	0	0	0	0	0			3.54	14.35	3.95	3.71	2.06	1	0	0	0	1	0	0	0	0
2209	2	7926	中華立鼎	ROTC	CI	網通設備	CI01	光通訊設備	15002	15002		20260914	3	0			1	0	0	0	0	0			14.52	0	0	0	0	0	0	0	0	5	0	0	0	0
2210	2	6848	拉法醫	ROTC	AK	生技	AK01	醫療器材	14273	14273		20260914	3	0			1	0	0	0	0	0			2.99	0	0	0	0	0	0	0	0	0	0	0	0	0
2211	2	4585	達明	TWSE	AY	電機	AY03	機械零組件	105777	105777	廣達集團	20260914	1	0			0	0	0	0	0	0			2.91	107.19	0.34	1.78	1.6	91	0	-1	49	91	-3	21	14	-1
2212	2	4164	承業醫	TWSE	AK	生技	AK01	醫療器材	195664	195664		20260914	1	0			0	0	0	0	0	0	41645	2024-12-12	1.18	21.79	4.35	0.81	0.56	2	0	1	27	3	-6	3	7	0
2213	2	2609	陽明	TWSE	AU	航運	AU02	貨櫃航運	3492104	3492104		20260914	1	0	DAF	陽明期貨	0	0	0	0	0	0			4.43	13.38	3.37	1.77	1.42	22998	102	647	22843	23748	286	139	3	634
2214	2	3585	聯致	ROTC	CS	電子零組件	CS01	電子零組件	111679	111679		20260914	3	0			1	0	0	0	0	0			-0.46	0	0	0	0	0	0	0	0	40	0	0	0	0
2215	2	2067	嘉鋼	OTC	AY	電機	AY03	機械零組件	45138	45138		20260914	2	0			1	0	0	1	0	0			-2.9	0	0	-17.95	-1.88	0	0	0	0	0	0	0	0	0
2216	2	2364	倫飛	TWSE	BR	工業電腦	BR01	工業電腦	57628	57628		20260914	1	0			0	0	0	0	0	0			5.92	10.47	4.84	14.42	6.37	-92	0	0	-65	-92	-6	-1	14	0
2217	2	2887	台新新光金	TWSE	AA	金融-金控	AA01	金控	29306151	25115062		20260914	1	0	CMF	台新新光金期貨	0	0	0	0	0	0			3	15.8	2.58	3.47	0.25	9777	921	1642	8213	12340	25	60	4657	1525
2218	2	1310	台苯	TWSE	AI	石化	AI01	石化	527870	527870		20260914	1	0			0	0	0	0	0	0			-1.8	0	0	-1.5	-1.1	520	0	-1	87	519	31	0	64	0
2219	2	4416	三圓	OTC	DB	控股公司	DB01	控股公司	73586	73586		20260914	2	0			0	0	0	0	0	0	44163	2022-08-08	3.14	3.51	0	14.33	2.48	75	0	0	-215	75	56	-1	0	0
2220	2	3363	上詮	OTC	CI	網通設備	CI01	光通訊設備	113641	113641		20260914	2	0			0	0	0	0	0	0			-1.22	0	0	-0.43	-0.37	-496	0	-4	-429	-500	-33	-47	138	1
2221	2	1586	和勤	OTC	AO	汽車零組件	AO01	汽機車零組件	129500	129500		20260914	2	0			0	0	0	0	0	0			0.39	48.65	0	0.77	0.51	-4	0	0	5	-4	24	0	6	0
2222	2	3049	精金	TWSE	CE	LCD面板	CE02	TFT-LCD	802011	802011	華新麗華集團	20260914	1	0			0	0	0	0	0	0			0.33	36.67	0	5.86	3.56	519	0	2	325	521	-85	7	236	0
2223	2	2408	南亞科	TWSE	BD	DRAM	BD01	DRAM	3450206	3450206	台塑集團	20260914	1	0	CYF	南亞科期貨	0	0	0	0	0	0			27.15	19.13	0.27	19.46	15.99	-13103	-114	-202	-12669	-13419	-513	-173	1317	-119
2224	2	2008	高興昌	TWSE	BA	鋼鐵	BA05	鋼鐵產品	190852	190852		20260914	1	0			0	0	0	0	0	0			0.65	47.73	3.27	1.05	0.72	-6	0	0	0	-6	0	0	0	0
2225	2	2230	泰茂	OTC	AO	汽車零組件	59723caa37000000785f6384ccccd6f7	汽機車零組件(AM)	68030	68030		20260914	2	0			0	0	0	0	0	0	22305	2025-07-16	-2.34	0	2.79	-1.67	-0.83	-20	0	0	0	-20	-1	0	0	0
2226	2	6830	汎銓	TWSE	BE	IC-封測	CK04	半導體檢測	54726	54726		20260914	1	0			0	0	0	0	0	0	68301	2024-06-21	0.26	2204	0.18	0.56	0.46	-60	0	9	-67	-51	-35	0	13	1
2227	2	7917	源傑	ROTC	CI	網通設備	CI01	光通訊設備	66903	66903		20260914	3	0			1	0	0	0	0	0			5.47	0	0	0	0	0	0	0	0	-58	0	0	0	0
2228	2	8489	三貝德	OTC	CX	文化創意	CX01	文化創意	59949	59949		20260914	2	0			0	0	0	0	0	0	84891	2024-10-30	0.58	33.18	0	3.57	1.51	-2	0	0	0	-2	1	0	0	0
2229	2	7786	東方風能	TWSE	53b13043c3000000e2c2ca8d2ab4246e	綠能環保	54820dbff70000007c774dd6ca68b569	能源工程	175954	175954		20260914	1	0			0	0	0	0	0	0			11.33	10.79	4.87	6.6	3.71	31	0	-71	-28	-40	7	0	24	0
2230	2	6963	品元	ROTC	AR	食品	AR01	食品加工	17250	17250		20260914	3	0			1	0	0	0	0	0			-1.67	0	0	0	0	0	0	0	0	0	0	0	0	0
2231	2	7419	達勝	ROTC	CS	電子零組件	CS01	電子零組件	40000	40000		20260914	3	0			1	0	0	0	0	0			-1.35	0	0	0	0	0	0	0	0	3	0	0	0	0
2232	2	6016	康和證	OTC	AD	金融-證券	AD01	證券	772420	772420		20260914	2	0			0	0	0	0	0	0			7.25	2.91	6.31	17.98	3.11	403	0	0	192	403	29	-5	117	0
2233	2	7849	旭誼	ROTC	CK	儀器設備工程	CK05	無塵室工程	11892	11892		20260914	3	0			1	0	0	0	0	0			4.37	0	0	0	0	0	0	0	0	0	0	0	0	0
2234	2	7839	達人網	OTC	53b13081400000008039a015822c2b77	數位雲端	CW02	網站相關	15096	15096		20260914	2	0			1	0	0	0	0	0			2.34	20.36	4.83	2.69	2.11	5	0	0	0	5	0	0	0	0
2235	2	2395	研華	TWSE	BR	工業電腦	BR01	工業電腦	869176	869176	華碩集團	20260914	1	0	VIF	研華期貨	0	0	0	0	0	0			15.84	42.69	1.66	8.56	5.11	821	45	-18	696	848	-147	7	68	-7
2236	2	7743	金利食安	OTC	AR	食品	AR01	食品加工	36483	36483		20260914	2	0			0	0	0	0	0	0	77431	2026-08-05	1.15	19.52	2.23	2.82	1.93	-3	0	0	0	-3	0	0	0	0
2237	2	7904	任開數位	ROTC	53b13081400000008039a015822c2b77	數位雲端	CW01	電子商務	15000	15000		20260914	3	0			1	0	0	0	0	0			-488.35	0	0	0	0	0	0	0	0	0	0	0	0	0
2238	2	7883	饗賓	ROTC	BC	觀光	BC01	餐飲	60976	60976		20260914	3	0			1	0	0	0	0	0			17.88	0	0	0	0	0	0	0	0	0	0	0	0	0
2239	2	1473	台南	TWSE	AT	紡織纖維	AT04	成衣	146154	146154		20260914	1	0			0	0	0	0	0	0			0.36	56.86	2.51	0.02	0.13	0	0	0	0	0	0	0	0	0
2240	2	6923	中台	TWSE	53b13043c3000000e2c2ca8d2ab4246e	綠能環保	CO02	廢棄物處理	90439	90439		20260914	1	0			0	0	0	0	0	0			4.06	18.66	3.97	5.36	3.45	28	0	-1	0	27	-8	0	0	0
2241	2	3060	銘異	TWSE	CL	電腦周邊產品	CL01	電腦及周邊產品	137563	137563		20260914	1	0			0	0	0	0	0	0			0.67	39.7	0.75	1.84	1.13	-47	0	-2	-26	-49	21	3	27	0
2242	2	6464	台數科	TWSE	CX	文化創意	CX01	文化創意	133933	133933		20260914	1	0			0	0	0	0	0	0			4.48	17	2.26	2.47	1.43	-4	0	-1	0	-5	0	0	0	0
2243	2	7826	極風雲創	ROTC	53b13081400000008039a015822c2b77	數位雲端	5482289646000000c26187ecbfa0dd33	雲端服務	12000	12000		20260914	3	0			1	0	0	0	0	0			1.29	0	0	0	0	0	0	0	0	0	0	0	0	0
2244	2	8087	麗升能源	OTC	53b13043c3000000e2c2ca8d2ab4246e	綠能環保	5482496f76000000dacb2bfeb6adc2a9	電廠開發	38646	38646		20260914	2	0			0	0	0	0	0	0	80872	2025-03-18	0	0	0	-1.49	-0.3	-2	0	0	-6	-2	8	0	0	0
2245	2	4589	碩陽電機	ROTC	AY	電機	AY01	機械	26039	26039		20260914	3	0			1	0	0	0	0	0			2.82	0	0	0	0	0	0	0	0	0	0	0	0	0
2246	2	9950	萬國通	OTC	AP	其他	AP01	傳產其他	167716	167716		20260914	2	0			1	0	0	0	0	0			-0.27	0	0	-3.39	-0.96	1	0	0	0	1	0	0	0	0
2247	2	5876	上海商銀	TWSE	AC	金融-銀行	AC01	銀行	4910219	4910219		20260914	1	0	UEF	上海商銀期貨	0	0	0	0	0	0			3.53	13.74	3.7	2.18	0.25	3597	610	40	2014	4247	12	0	107	22
2248	2	2250	IKKA-KY	TWSE	AO	汽車零組件	AO01	汽機車零組件	36388	36388	能率集團	20260914	1	0			0	0	0	0	0	0			2.68	21.38	5.38	0.36	0.3	-4	0	0	1	-4	-4	0	4	0
2249	2	1540	喬福	TWSE	AY	電機	AY02	工具機	85474	85474		20260914	1	0			0	0	0	0	0	0			1.22	15.82	5.18	-0.44	-0.39	2	0	0	-2	2	0	0	9	0
2250	2	6188	廣明	OTC	CL	電腦周邊產品	CL01	電腦及周邊產品	278359	278359	廣達集團	20260914	2	0	UCF	廣明期貨	0	0	0	0	0	0			2.81	22.28	5.11	1.27	0.94	130	0	-3	-69	127	6	-1	66	-4
2251	2	7772	耀穎	OTC	CH	光學鏡片	CH02	影像感測元件	26499	26499		20260914	2	0			1	0	0	0	1	1			0.88	167.09	1.14	-0.44	-0.23	-4	0	0	8	-4	0	0	0	0
2252	2	1909	榮成	TWSE	AS	紙業	AS01	工業用紙	1327686	1327686	榮成集團	20260914	1	0	OSF	榮成期貨	0	0	0	0	0	0	19094	2021-09-06	0.23	45.43	0	1.3	0.79	-439	0	-91	-580	-530	17	0	146	0
2253	2	8080	泰霖	OTC	BB	營建	BB01	營造工程	67164	67164		20260914	2	0			1	0	0	0	0	0			-0.17	0	0	-0.55	-0.04	-2	0	0	0	-2	0	0	0	0
2254	2	911608	明輝-DR	TWSE	AY	電機	AY04	機電工程	34222	34222		20260914	1	0			1	0	1	0	0	0			0.35	0	0	2.46	1.87	0	0	0	0	0	0	0	0	0
2255	2	2063	世鎧	OTC	BA	鋼鐵	BA05	鋼鐵產品	48101	48101		20260914	2	0			0	0	0	0	0	0	20632	2023-08-02	1.83	13.14	6.24	2.66	1.44	2	0	0	0	2	0	0	0	0
2256	2	2423	固緯	TWSE	CK	儀器設備工程	CK03	電子設備	145047	145047		20260914	1	0			0	0	0	0	0	0			4.22	17.11	3.46	5.99	4.18	35	0	0	0	35	-41	0	0	0
2257	2	7914	碩明綠能	ROTC	53b13043c3000000e2c2ca8d2ab4246e	綠能環保	54820dbff70000007c774dd6ca68b569	能源工程	52848	52848		20260914	3	0			1	0	0	0	0	0			1.54	0	0	0	0	0	0	0	0	0	0	0	0	0
2258	2	8923	時報	OTC	CX	文化創意	CX01	文化創意	30376	30376		20260914	2	0			0	0	0	0	0	0			0.8	22.75	4.95	1.36	0.71	0	0	0	0	0	0	0	0	0
2259	2	3545	敦泰	TWSE	BF	IC-設計	BF03	驅動IC	222411	222411		20260914	1	0			0	0	0	0	0	0			-5.16	0	1.67	1.49	1.01	-58	0	-12	-174	-70	-17	10	158	-7
2260	2	7915	廌家	ROTC	BP	連接元件	BP01	連接器	40100	40100		20260914	3	0			1	0	0	0	0	0			9.7	0	0	0	0	0	0	0	0	0	0	0	0	0
2261	2	4536	拓凱	TWSE	53b12ee9760000004fff0eead0b0f535	運動休閒	53b133ac220000000686c57f08b6e33d	運動休閒其他	90820	90820		20260914	1	0			0	0	0	0	0	0			13.24	12.23	4.94	2.82	1.9	-9	0	-1	-12	-10	-2	0	8	0
2262	2	3603	建祥國際	ROTC	BW	電子-其他	BW01	電子其他	24844	24844		20260914	3	0			1	0	0	0	0	0			-2.56	0	0	0	0	0	0	0	0	0	0	0	0	0
2263	2	1465	偉全	TWSE	AT	紡織纖維	AT03	紡織纖維	103607	103607		20260914	1	0			0	0	0	0	0	0			0.58	20.52	2.52	-0.58	-0.53	-5	0	0	0	-5	2	0	1	0
2264	2	6775	穎台科技	ROTC	BW	電子-其他	BW01	電子其他	109500	109500		20260914	3	0			1	0	0	0	0	0			-1.97	0	0	0	0	0	0	0	0	23	0	0	0	0
2265	2	9908	大台北	TWSE	CN	油電燃氣	CN03	瓦斯	516358	516358	新光集團	20260914	1	0			0	0	0	0	0	0			2.1	13.79	4.15	2.55	1.84	-45	0	0	-18	-45	-5	0	0	0
2266	2	3623	富晶通	OTC	CE	LCD面板	CE01	TNSTN-LCD	29186	29186	中環集團	20260914	2	0			0	0	0	0	0	0			0.94	28.88	0	2.97	2.41	18	0	0	-56	18	-94	1	0	0
2267	2	5531	鄉林	TWSE	BB	營建	BB01	營造工程	977589	977589		20260914	1	0			0	0	0	0	0	0			0.11	65.09	0	-2.29	-0.1	-36	0	-2	-59	-38	-101	0	17	0
2268	2	6785	昱展新藥	OTC	AK	生技	AK04	生技其他	66800	66800		20260914	2	0			0	0	0	0	0	0			-1.09	0	0.11	0.66	0.63	-5	0	0	0	-5	0	0	3	0
2269	2	4946	辣椒	OTC	AG	軟體-遊戲	AG01	軟體遊戲	8853	8853	統一集團	20260914	2	0			0	0	0	0	0	0			2.28	40.04	0	11.68	7.22	-1	0	0	0	-1	4	0	0	0
2270	2	8058	耐特	ROTC	AW	塑膠	AW01	塑膠原料	68800	68800		20260914	3	0			1	0	0	0	0	0			3.3	0	0	0	0	0	0	0	0	-1	0	0	0	0
2271	2	7566	亞果遊艇	ROTC	53b12ee9760000004fff0eead0b0f535	運動休閒	53b133ac220000000686c57f08b6e33d	運動休閒其他	159773	159773		20260914	3	0			1	0	0	0	0	0			-0.84	0	0	0	0	0	0	0	0	0	0	0	0	0
2272	2	6913	鴻呈	OTC	BP	連接元件	BP02	連接線材	43849	43849		20260914	2	0			0	0	0	0	0	0	69131	2025-12-24	6.62	19.56	1.95	6.5	3.35	-49	0	-8	-12	-57	-3	0	3	-8
2273	2	6815	晶鑽生醫	ROTC	AK	生技	AK01	醫療器材	39706	39706		20260914	3	0			1	0	0	0	0	0			-0.14	0	0	0	0	0	0	0	0	0	0	0	0	0
2274	2	2540	愛山林	TWSE	BB	營建	BB04	地產代銷	944874	944874		20260914	1	0			0	0	0	0	0	0			-0.01	0	12.22	0.19	0.22	251	0	0	152	251	-9	0	11	0
2275	2	2754	亞洲藏壽司	OTC	BC	觀光	BC01	餐飲	46907	46907		20260914	2	0			0	0	0	0	0	0			4.39	15.81	1.44	3.02	1.32	4	0	0	0	4	-2	0	0	0
2276	2	2404	漢唐	TWSE	CK	儀器設備工程	CK05	無塵室工程	190587	190587		20260914	1	0	GOF	漢唐期貨	0	0	0	0	0	0			66.36	15.16	3.98	22.95	4.05	-332	-47	-45	-442	-424	-96	-1	30	-31
2277	2	6725	矽科宏晟	OTC	BW	電子-其他	AE01	系統整合	37130	37130		20260914	2	0			0	0	0	0	0	0	67251		14.21	16.17	3.29	3.41	1.95	-3	0	-8	-3	-11	-9	0	6	-12
2278	2	3678	聯享	ROTC	BW	電子-其他	BW01	電子其他	26422	26422		20260914	3	0			1	0	0	0	0	0			6.47	0	0	0	0	0	0	0	0	0	0	0	0	0
2279	2	7819	精誠金融	OTC	AE	軟體-系統整合	AE01	系統整合	25264	25264		20260914	2	0			1	0	0	0	0	0			1.98	19.91	5.05	0.26	0.21	-1	0	0	0	-1	0	0	0	0
2280	2	3543	州巧	TWSE	CF	LCD零組件	CF01	面板零組件	146263	146263		20260914	1	0			0	0	0	0	0	0	35431	2025-11-11	-2.36	0	1.42	-1.09	-0.67	-142	0	0	-52	-142	34	-22	47	0
2281	2	4119	旭富	TWSE	AK	生技	AK03	製藥業	119509	119509	三商行集團	20260914	1	0			0	0	0	0	0	0			0.51	116.6	1.29	-0.24	-0.16	19	0	-4	51	15	34	0	23	0
2282	2	8284	三竹	OTC	AF	軟體-其他	AF01	軟體其他	47303	47303		20260914	2	0			0	0	0	0	0	0			6.68	10.49	5.84	6.22	3.98	-3	0	-6	20	-9	0	0	0	-3
2283	2	3083	網龍	OTC	AG	軟體-遊戲	AG01	軟體遊戲	86487	86487		20260914	2	0			0	0	0	0	0	0			0.73	30.89	1.46	0.1	0.1	-7	0	0	-9	-7	6	0	0	0
2284	2	6546	正基	OTC	CI	網通設備	CI03	無線通訊設備	66848	66848		20260914	2	0			0	0	0	0	0	0	65463	2026-04-28	4.09	14.49	4.23	3.83	2.34	7	0	2	0	9	3	0	3	0
2285	2	1480	東盟開發	ROTC	BA	鋼鐵	BA05	鋼鐵產品	416085	416085		20260914	3	0			1	0	0	0	0	0			-0.68	0	0	0	0	0	0	0	0	0	0	0	0	0
2286	2	3419	譁裕	TWSE	CI	網通設備	CI03	無線通訊設備	120480	120480		20260914	1	0			1	0	0	0	0	0			-1.44	0	0	-5.45	-2.47	4	0	-1	-12	3	-1	0	0	0
2287	2	8390	金益鼎	OTC	53b13043c3000000e2c2ca8d2ab4246e	綠能環保	54821ecf0300000088af2b9a7ddc51f5	金屬回收處理	96116	96116		20260914	2	0			0	0	0	0	0	0			9.02	10.11	4.17	5.7	4.43	-140	0	-11	-87	-151	-5	0	33	-11
2288	2	3512	皇龍	OTC	BB	營建	BB01	營造工程	113072	113072		20260914	2	0			0	0	0	0	0	0	35122	2026-07-01	1.94	10.16	9.38	-0.01	0.03	-1	0	0	0	-1	0	0	0	0
2289	2	9802	鈺齊-KY	TWSE	AP	其他	AP02	鞋業	200992	200992		20260914	1	0			0	0	0	0	0	0	98026	2024-09-09	5.07	12.76	7.88	1.31	0.86	-246	0	-4	-391	-250	12	20	218	0
2290	2	9933	中鼎	TWSE	BB	營建	BB01	營造工程	962445	962445	中鼎集團	20260914	1	0			0	0	0	0	0	0	99332	2024-06-12	5.69	7.69	2.28	6.62	1.39	2384	118	-290	1769	2212	-96	10	262	0
2291	2	6643	M31	OTC	BF	IC-設計	BF02	矽智財	42620	42620		20260914	2	0			0	0	0	0	0	0			0.95	427.37	0.29	-0.15	-0.13	-162	0	-41	-141	-203	11	0	24	-41
2292	2	3034	聯詠	TWSE	BF	IC-設計	BF03	驅動IC	608511	608511	聯電集團	20260914	1	0	IOF	聯詠期貨	0	0	0	0	0	0			28.66	19.09	4.2	8.98	5.68	647	104	1	226	751	-36	7	241	0
2293	2	7818	溢泰實業	TWSE	AW	塑膠	AW02	塑膠製品	164946	164946		20260914	1	0			1	0	0	0	0	0			5.3	12.53	3.4	1.4	0.92	-21	0	-4	-5	-25	0	0	0	0
2294	2	1434	福懋	TWSE	AT	紡織纖維	AT03	紡織纖維	1684665	1684665	台塑集團	20260914	1	0			0	0	0	0	0	0			0.93	19.35	2.81	1.07	0.89	-352	0	-5	-58	-357	-19	-1	29	0
2295	2	6831	邁科	TWSE	CL	電腦周邊產品	BQ02	散熱模組	67500	67500		20260914	1	0			0	0	0	0	0	0			6	102.35	0.53	2.49	1.4	103	-109	4	72	-3	67	0	0	5
2296	2	6138	茂達	OTC	BF	IC-設計	BF01	IC設計	75634	75634		20260914	2	0			0	0	0	0	0	0			15.38	17.82	4.13	8.09	5	-109	0	-8	-83	-117	15	0	81	-8
2297	2	4414	如興	TWSE	AT	紡織纖維	AT04	成衣	288296	288296		20260914	1	0			0	0	0	0	0	0			0.21	54	1.36	0.78	0.61	-7	0	-19	-9	-26	1	0	2	0
2298	2	3317	尼克森	OTC	DA	MOSFET	DA01	MOSFET	90000	90000		20260914	2	0			0	0	0	0	0	0			2.02	27.11	0.92	1.95	1.59	81	0	-3	24	78	-5	0	16	-3
2299	2	6526	達發	TWSE	BF	IC-設計	BF01	IC設計	167506	167506	聯發科集團	20260914	1	0	UGF	達發期貨	0	0	0	0	0	0			18.03	34.61	2.16	4.28	3	68	0	-3	8	65	-37	0	14	-3
2300	2	2745	五福	OTC	BC	觀光	BC02	旅遊	33809	33809		20260914	2	0			0	0	0	0	0	0	27451	2025-11-18	9.84	8.67	8.78	5.59	1.96	-25	0	0	-33	-25	5	5	5	0
2301	2	6814	路迦生醫	ROTC	AK	生技	AK04	生技其他	41874	41874		20260914	3	0			1	0	0	0	0	0			-4.58	0	0	0	0	0	0	0	0	0	0	0	0	0
2302	2	7751	竑騰	OTC	BW	電子-其他	CK02	半導體設備	26889	26889		20260914	2	0			0	0	0	0	0	0			26.51	55.23	1.26	8.13	4.14	24	0	-13	-18	11	-34	0	3	0
2303	2	2906	高林	TWSE	AL	百貨	AL02	批發	209117	209117		20260914	1	0			0	0	0	0	0	0	29061	2023-08-04	0.83	16.75	4.32	2.06	1.19	-8	0	2	27	-6	26	0	0	0
2304	2	4927	泰鼎-KY	TWSE	BL	PCB-製造	BL01	硬板	264938	264938		20260914	1	0			0	0	0	0	0	0			-11.67	0	0	-13.69	-2.92	-1	0	0	-95	0	-33	-13	125	0
2305	2	1742	台蠟	OTC	BS	太陽能	BS01	太陽能	92671	92671		20260914	2	0			0	0	0	0	0	0			-0.55	0	0	-0.47	-0.41	0	0	0	0	0	8	0	0	0
2306	2	6924	榮惠-KY創	TIB	BL	PCB-製造	BL02	軟板	20624	20624		20260914	4	0			1	0	0	0	0	0			8.28	17.01	3.53	7.87	3.47	20	0	-1	4	19	0	0	0	-1
2307	2	4552	力達-KY	TWSE	AY	電機	AY01	機械	116000	116000		20260914	1	0			0	0	0	0	0	0			1.14	13.77	3.82	-0.34	-0.22	-48	0	0	-48	-48	46	0	0	0
2308	2	7711	永擎	TWSE	507b7d657300000014048ace52150ac7	伺服器	507b7d1edf0000007fb3d61dc52205d2	伺服器組裝代工	71700	71700	和碩集團	20260914	1	0			0	0	0	0	0	0			24.03	23.37	1.69	13.47	4.88	-44	0	-15	-160	-59	-80	1	52	-15
2309	2	4583	台灣精銳	TWSE	AY	電機	AY03	機械零組件	80171	80171		20260914	1	0			0	0	0	0	0	0			13.47	32.15	2.31	2.66	2.31	-11	0	-1	0	-12	15	1	0	-1
2310	2	3663	鑫科	OTC	CQ	非鐵金屬	CQ01	非鐵金屬	108494	108494	中鋼集團	20260914	2	0			0	0	0	0	0	0			0.23	256.09	0	0.16	0.23	-49	0	-5	-28	-54	-43	0	25	-5
2311	2	5013	強新	OTC	BA	鋼鐵	BA02	不鏽鋼產品	133416	133416		20260914	2	0			0	0	0	0	0	0			2.18	13.61	2.35	2.85	1.85	-11	0	0	2	-11	3	0	2	0
2312	2	3708	上緯投控	TWSE	53b13043c3000000e2c2ca8d2ab4246e	綠能環保	54824c5a3a0000008b34ddf577ece042	環保材料	92391	92391		20260914	1	0			0	0	0	0	0	0	37084	2021-06-30	34.51	2.31	6.79	-0.45	-0.36	-59	21	-18	-68	-56	-1	46	31	-4
2313	2	6617	共信-KY	OTC	AK	生技	AK03	製藥業	127506	127506		20260914	2	0			0	0	0	0	0	0			-1.34	0	0	-2.05	-1.78	-89	0	0	-25	-88	30	-2	13	0
2314	2	6142	友勁	TWSE	CI	網通設備	CI02	網路設備	330779	330779		20260914	1	0			1	0	0	0	0	0			-0.31	0	0	-1.24	-0.84	-162	0	-46	32	-208	0	0	0	0
2315	2	3551	世禾	OTC	53b13043c3000000e2c2ca8d2ab4246e	綠能環保	54824c2d2b000000340e0fff07e1afda	機台再生處理	62275	62275		20260914	2	0			0	0	0	0	0	0	35513	2025-04-28	9.83	18.05	2.83	3.6	2.86	-188	0	-17	-176	-205	27	0	43	-17
2316	2	8119	公信	ROTC	CL	電腦周邊產品	CL01	電腦及周邊產品	63662	63662	聯電集團	20260914	3	0			1	0	0	0	0	0			-3.32	0	0	0	0	0	0	0	0	0	0	0	0	0
2317	2	4109	加捷生醫	OTC	AK	生技	AK02	應用生技	118737	118737		20260914	2	0			0	0	0	0	0	0			0.03	366.67	1.82	-3.13	-2.74	-9	0	0	2	-9	-1	0	0	0
2318	2	6925	意藍	OTC	53b13081400000008039a015822c2b77	數位雲端	5482289646000000c26187ecbfa0dd33	雲端服務	20000	20000		20260914	2	0			0	0	0	0	0	0			2.96	17.25	3.98	3.63	2.71	4	0	0	-1	4	-8	0	0	0
2319	2	2038	海光	TWSE	BA	鋼鐵	BA03	鋼胚鋼筋	194134	194134		20260914	1	0			0	0	0	0	0	0			-0.76	0	0	-0.74	-0.14	-18	0	0	-11	-18	1	0	5	0
2320	2	8329	台視	ROTC	CX	文化創意	CX01	文化創意	280578	280578		20260914	3	0			1	0	0	0	0	0			5.13	0	0	0	0	0	0	0	0	0	0	0	0	0
2321	2	2415	錩新	TWSE	CS	電子零組件	CS01	電子零組件	100000	100000		20260914	1	0			0	0	0	0	0	0			1.58	17.23	5.88	0.01	0.07	0	0	1	-28	1	-40	0	7	0
2322	2	1109	信大	TWSE	AJ	水泥	AJ01	水泥	341159	341159		20260914	1	0			0	0	0	0	0	0			0.69	19.35	6.74	0.42	0.38	-20	0	-1	-1	-21	10	0	0	0
2323	2	9937	全國	TWSE	CN	油電燃氣	CN02	石油	309043	309043	仰德集團	20260914	1	0			0	0	0	0	0	0			2.58	21.4	4	3.44	1.52	-16	0	-1	0	-17	1	0	0	0
2324	2	6786	芯測	ROTC	BF	IC-設計	BF02	矽智財	30838	30838		20260914	3	0			1	0	0	0	0	0			-3.81	0	0	0	0	0	0	0	0	-2	0	0	0	0
2325	2	1227	佳格	TWSE	AR	食品	AR01	食品加工	915090	915090		20260914	1	0			0	0	0	0	0	0			1.6	17.67	4.71	1.36	0.94	25	0	2	-32	27	-2	0	75	0
2326	2	4924	欣厚-KY	OTC	CL	電腦周邊產品	CL01	電腦及周邊產品	37164	37164		20260914	2	0			0	0	0	0	0	0			0.8	15.63	0	-1.08	-0.35	-16	0	0	0	-16	49	0	0	0
2327	2	6849	奇鼎科技	ROTC	CK	儀器設備工程	CK02	半導體設備	41918	41918		20260914	3	0			1	0	0	0	0	0			-3.09	0	0	0	0	0	0	0	0	8	0	0	0	0
2328	2	2102	泰豐	TWSE	AZ	橡膠	AZ01	輪胎	473329	473329		20260914	1	0			0	0	0	0	0	0			8.56	2.1	0	-0.48	-0.38	-15	0	0	1	-15	4	0	2	0
2329	2	8072	陞泰	TWSE	BV	安全監控	BV01	安全監控系統	80000	80000		20260914	1	0			0	0	0	0	0	0			1.66	15.72	3.83	1.56	1.35	-1	0	0	1	-1	2	0	0	0
2330	2	2485	兆赫	TWSE	CI	網通設備	CI02	網路設備	317689	317689		20260914	1	0	GZF	兆赫期貨	0	0	0	0	0	0			0.88	43.81	0	0.86	0.71	-136	0	-41	-334	-177	-134	-30	191	-11
2331	2	4401	東隆興	OTC	AT	紡織纖維	AT03	紡織纖維	122692	122692		20260914	2	0			0	0	0	0	0	0			1.14	12.21	4.35	2.05	1.14	3	0	0	1	3	-17	0	0	0
2332	2	3289	宜特	OTC	CK	儀器設備工程	CK04	半導體檢測	86746	86746		20260914	2	0			0	0	0	0	0	0	32896	2026-08-24	4.8	28.95	3.38	1.87	1.12	-159	0	-5	-284	-164	-229	-1	191	-5
2333	2	5254	欣訊科技	ROTC	CI	網通設備	CI02	網路設備	22607	22607		20260914	3	0			1	0	0	0	0	0			4.49	0	0	0	0	0	0	0	0	2	0	0	0	0
2334	2	4419	皇家美食	OTC	BC	觀光	BC01	餐飲	169163	169163		20260914	2	0			1	0	0	0	0	0			-1.42	0	0	-5.35	-1.58	0	0	0	0	0	0	0	0	0
2335	2	1313	聯成	TWSE	AW	塑膠	AW02	塑膠製品	1330846	1330846	聯華神通集團	20260914	1	0			0	0	0	0	0	0			-0.55	0	0.84	1.06	0.74	61	0	-11	80	50	76	0	37	-18
2336	2	2849	安泰銀	TWSE	AC	金融-銀行	AC01	銀行	1957609	1957609		20260914	1	0			0	0	0	0	0	0			0.97	16.13	3.26	1.51	0.14	-39	0	-1	-9	-40	12	0	4	0
2337	2	6706	惠特	TWSE	BI	LED及光元件	BI02	LED檢測設備	78549	78549		20260914	1	0			0	0	0	0	0	0	67062	2024-09-06	-3.36	0	0	-3.98	-1.82	951	0	89	1480	1039	220	75	15	90
2338	2	2208	台船	TWSE	AU	航運	AU03	航運其他	1274539	1274539		20260914	1	0			0	0	0	0	0	0			0.49	38.98	0	3.53	0.6	727	0	-5	303	722	0	0	0	0
2339	2	4707	磐亞	OTC	AH	化學工業	AH01	化學工業	413808	413808	中纖集團	20260914	2	0			0	0	0	0	0	0			1.29	20.27	1.91	2.38	1.87	-390	0	-54	-412	-444	-16	-2	259	-54
2340	2	3354	律勝	OTC	BK	PCB-材料設備	BK02	PCB原材料	70112	70112		20260914	2	0			0	0	0	0	0	0			-0.44	0	0	-1.03	-0.89	33	0	0	24	33	-53	-12	11	0
2341	2	1537	廣隆	TWSE	CV	電池	CV01	電池	82063	82063		20260914	1	0			0	0	0	0	0	0			8.26	13.85	6.29	3.53	2.56	-19	0	2	-15	-17	0	0	3	0
2342	2	2425	承啟	TWSE	CL	電腦周邊產品	CG01	板卡	96499	96499		20260914	1	0			0	0	0	0	0	0			1.78	20.76	0.27	0.23	0.14	74	0	0	-6	74	-51	0	1	0
2343	2	7734	印能科技	OTC	CK	儀器設備工程	CK02	半導體設備	28000	28000		20260914	2	0			0	0	0	0	0	0			47.95	54.38	0.77	5.71	4.63	-13	-80	1	-93	-92	33	3	0	5
2344	2	4958	臻鼎-KY	TWSE	BL	PCB-製造	BL02	軟板	1117534	1117534	泛鴻海集團	20260914	1	0	LUF	臻鼎-KY期貨	0	0	0	0	0	0			9.2	58.58	0.69	1.93	1.27	1233	0	252	1560	1485	-546	-7	749	167
2345	2	2204	中華	TWSE	AN	汽車	AN01	汽機車	553620	553620	裕隆集團	20260914	1	0			0	0	0	0	0	0			6.24	8.6	6.82	2.74	2.1	-108	18	-8	-97	-98	0	0	55	0
2346	2	3576	聯合再生	TWSE	BS	太陽能	BS01	太陽能	1627795	1627795	台達電集團	20260914	1	0			0	0	0	0	0	0	35764		0.53	30.37	0	-1.76	-0.71	-706	0	-3	-446	-709	0	0	0	0
2347	2	1303	南亞	TWSE	AW	塑膠	AW01	塑膠原料	7930822	7930822	台塑集團	20260914	1	0	CAF	南亞期貨	0	0	0	0	0	0			6.2	37.82	0.34	6.13	4.14	-13147	195	-752	-11858	-13704	-936	-412	1992	-287
2348	2	2733	維格餅家	ROTC	AR	食品	AR01	食品加工	24598	24598		20260914	3	0			1	0	0	0	0	0			-4.4	0	0	0	0	0	0	0	0	0	0	0	0	0
2349	2	00986D	主動復華金融債息	OTC					0	0			2	1			0	0	0	0	0	0			0	0	0	0	0	3	0	155	-32	158	1	0	0	155
2350	2	00994A	主動第一金台股優	TWSE					0	0			1	1			0	0	0	0	0	0			0	0	0	0	0	-1470	0	411	-675	-1059	-12	0	0	411
2351	2	00905	FT臺灣Smart	TWSE					0	0			1	1			0	0	0	0	0	0			0	0	0	0	0	-288	0	-562	-621	-850	1	0	0	-562
2352	2	00717	富邦美國特別股	TWSE					0	0			1	1			0	0	0	0	0	0			0	0	0	0	0	18	0	24	-4	42	0	0	0	24
2353	2	009801	中信美國創新科技	TWSE					0	0			1	1			0	0	0	0	0	0			0	0	0	0	0	-1	0	-92	-49	-93	0	0	0	-92
2354	2	2891C	中信金丙特	TWSE					0	0			1	0			0	0	0	0	0	0			0	0	0	0	0	0	0	3	0	3	0	0	0	0
2355	2	00696B	富邦美債20年	OTC					0	0			2	1			0	0	0	0	0	0			0	0	0	0	0	43	0	-12	-48	31	0	0	0	-12
2356	2	0051	元大中型100	TWSE					0	0			1	1			0	0	0	0	0	0			0	0	0	0	0	-1	0	-67	-10	-68	0	0	0	-67
2357	2	00929	復華台灣科技優息	TWSE					0	0			1	1	SNF	復華台灣科技優息ETF期貨	0	0	0	0	0	0			0	0	0	0	0	-1793	0	-42498	-37619	-44291	757	-1	7641	-42498
2358	2	00991A	主動復華未來50	TWSE					0	0			1	1			0	0	0	0	0	0			0	0	0	0	0	-13883	0	-6968	-19932	-20851	-1992	450	1023	-4692
2359	2	00933B	國泰10Y+金融債	OTC					0	0			2	1			0	0	0	0	0	0			0	0	0	0	0	-59	0	-250	-833	-309	-23	0	0	-250
2360	2	00655L	國泰中國A50正2	TWSE					0	0			1	1			0	0	0	0	0	0			0	0	0	0	0	9	0	-196	-101	-187	11	0	1	-196
2361	2	00943	兆豐電子高息等權	TWSE					0	0			1	1			0	0	0	0	0	0			0	0	0	0	0	-59	0	-18	-39	-77	4	0	0	-18
2362	2	00632R	元大台灣50反1	TWSE					0	0			1	1			0	0	0	0	0	0			0	0	0	0	0	-69992	0	147789	61056	77797	-3307	343	0	147189
2363	2	00958B	永豐ESG銀行債15+	OTC					0	0			2	1			0	0	0	0	0	0			0	0	0	0	0	0	0	100	-10	100	0	0	0	100
2364	2	00753L	中信中國50正2	TWSE					0	0			1	1			0	0	0	0	0	0			0	0	0	0	0	-329	0	-4183	-2403	-4512	-500	-33	0	-4183
2365	2	00942B	台新美A公司債20+	OTC					0	0			2	1			0	0	0	0	0	0			0	0	0	0	0	168	0	853	-14	1021	0	0	0	853
2366	2	00688L	國泰20年美債正2	TWSE					0	0			1	1			0	0	0	0	0	0			0	0	0	0	0	-102	0	2127	-1989	2025	725	-16	3	2127
2367	2	00856B	永豐1-3年美公債	OTC					0	0			2	1			0	0	0	0	0	0			0	0	0	0	0	0	0	0	0	0	0	0	0	0
2368	2	6592A	和潤企業甲特	TWSE					0	0			1	0			0	0	0	0	0	0			0	0	0	0	0	0	0	0	0	0	0	0	0	0
2369	2	00715L	期街口布蘭特正2	TWSE					0	0			1	1			0	0	0	0	0	0			0	0	0	0	0	303	0	6456	4680	6759	-1158	-666	0	6456
2370	2	00410A	主動永豐科技趨勢	TWSE					0	0			1	1			0	0	0	0	0	0			0	0	0	0	0	-448	0	-263	-1811	-710	-621	0	118	-263
2371	2	00645	富邦日本	TWSE					0	0			1	1			0	0	0	0	0	0			0	0	0	0	0	-19	0	-22	-5	-41	0	0	0	-22
2372	2	00734B	台新JPM新興債	OTC					0	0			2	1			0	0	0	0	0	0			0	0	0	0	0	4	0	-3	0	1	0	0	0	-3
2373	2	00949	復華日本龍頭	TWSE					0	0			1	1			0	0	0	0	0	0			0	0	0	0	0	3	0	61	-7	64	0	0	0	61
2374	2	00724B	群益投資級金融債	OTC					0	0			2	1			0	0	0	0	0	0			0	0	0	0	0	-36	0	154	-27	118	0	0	0	154
2375	2	009805	台新美國電力基建	TWSE					0	0			1	1			0	0	0	0	0	0			0	0	0	0	0	18	0	364	-124	382	-27	0	0	359
2376	2	00687C	國泰20年美債+櫃U	OTC					0	0			2	1			1	0	0	0	0	0			0	0	0	0	0	0	0	0	0	0	0	0	0	0
2377	2	00647L	元大S&P500正2	TWSE					0	0			1	1			0	0	0	0	0	0			0	0	0	0	0	0	0	-7	-1	-7	-8	0	0	-7
2378	2	00965	元大航太防衛科技	TWSE					0	0			1	1			0	0	0	0	0	0			0	0	0	0	0	-108	0	135	-22	27	-13	0	0	135
2379	2	00987A	主動台新優勢成長	TWSE					0	0			1	1			0	0	0	0	0	0			0	0	0	0	0	-129	0	-255	-231	-384	39	0	0	-255
2380	2	00651R	復華香港反1	TWSE					0	0			1	1			0	0	0	0	0	0			0	0	0	0	0	0	0	-215	0	-215	11	0	0	-215
2381	2	009822	華南永昌未來金融	OTC					0	0			2	1			0	0	0	0	0	0			0	0	0	0	0	0	0	-20	0	-20	0	0	0	-20
2382	2	00904	台新臺灣半導體30	TWSE					0	0			1	1			0	0	0	0	0	0			0	0	0	0	0	-20	0	-207	-213	-227	5	0	0	-207
2383	2	009820	元大納斯達克精選	TWSE					0	0			1	1			0	0	0	0	0	0			0	0	0	0	0	-8	0	754	-297	746	-20	0	0	754
2384	2	00884B	中信低碳新興債	OTC					0	0			2	1			0	0	0	0	0	0			0	0	0	0	0	0	0	-3	0	-3	0	0	0	-3
2385	2	00848B	中信新興亞洲債	OTC					0	0			2	1			0	0	0	0	0	0			0	0	0	0	0	-7	0	7	0	0	0	0	0	7
2386	2	00948B	中信優息投資級債	OTC					0	0			2	1			0	0	0	0	0	0			0	0	0	0	0	1	0	611	-33	612	99	0	0	611
2387	2	00867B	台新A-BBB電信債	OTC					0	0			2	1			0	0	0	0	0	0			0	0	0	0	0	0	0	-2	0	-2	0	0	0	-2
2388	2	00922	國泰台灣領袖50	TWSE					0	0			1	1			0	0	0	0	0	0			0	0	0	0	0	-1075	0	-1883	-3223	-2957	94	0	0	-1893
2389	2	009818	華南永昌NASDAQxT	TWSE					0	0			1	1			0	0	0	0	0	0			0	0	0	0	0	0	0	55	0	55	0	0	0	55
2390	2	00896	中信綠能及電動車	TWSE					0	0			1	1			0	0	0	0	0	0			0	0	0	0	0	-10	0	-21264	-17034	-21274	351	0	734	-21264
2391	2	00739	元大MSCI A股	TWSE					0	0			1	1			0	0	0	0	0	0			0	0	0	0	0	0	0	-15	0	-15	0	0	0	-15
2392	2	00668K	國泰美國道瓊+U	TWSE					0	0			1	1			1	0	0	0	0	0			0	0	0	0	0	0	0	0	0	0	0	0	0	0
2393	2	00700	富邦恒生國企	TWSE					0	0			1	1			0	0	0	0	0	0			0	0	0	0	0	64	0	15	-1	79	-13	0	0	15
2394	2	00648R	元大S&P500反1	TWSE					0	0			1	1			0	0	0	0	0	0			0	0	0	0	0	0	0	265	21	265	-16	0	0	265
2395	2	00646	元大S&P500	TWSE					0	0			1	1			0	0	0	0	0	0			0	0	0	0	0	-66	40	-840	-192	-867	-4	0	212	-843
2396	2	0055	元大MSCI金融	TWSE					0	0			1	1			0	0	0	0	0	0			0	0	0	0	0	53	0	-158	-111	-105	-23	0	149	-158
2397	2	00683L	期元大美元指正2	TWSE					0	0			1	1			0	0	0	0	0	0			0	0	0	0	0	0	0	22	0	22	0	0	0	22
2398	2	00987D	主動統一美債量化	OTC					0	0			2	1			0	0	0	0	0	0			0	0	0	0	0	0	0	-72	-66	-72	3	0	0	-72
2399	2	00781B	國泰A 級科技債	OTC					0	0			2	1			0	0	0	0	0	0			0	0	0	0	0	0	0	-36	-17	-36	0	0	0	-36
2400	2	00679B	元大美債20年	OTC					0	0			2	1	RZF	元大美債20年ETF期貨	0	0	0	0	0	0			0	0	0	0	0	813	0	3887	-322	4699	240	0	0	4267
2401	2	00982D	主動富邦動態入息	TWSE					0	0			1	1			0	0	0	0	0	0			0	0	0	0	0	9	0	154	-87	163	0	0	0	154
2402	2	00680L	元大美債20正2	TWSE					0	0			1	1			0	0	0	0	0	0			0	0	0	0	0	-10740	0	-11291	-2633	-22031	2295	128	352	-11401
2403	2	00764B	群益25年美債	OTC					0	0			2	1			0	0	0	0	0	0			0	0	0	0	0	22	0	-69	-28	-47	0	0	0	-69
2404	2	00684R	期元大美元指反1	TWSE					0	0			1	1			0	0	0	0	0	0			0	0	0	0	0	0	0	0	0	0	0	0	0	0
2405	2	00951	台新日本半導體	TWSE					0	0			1	1			0	0	0	0	0	0			0	0	0	0	0	-1270	0	-2861	-1813	-4131	133	-4	527	-2861
2406	2	0057	富邦摩台	TWSE					0	0			1	1			0	0	0	0	0	0			0	0	0	0	0	0	0	-6	-3	-6	0	0	0	-6
2407	2	00851	台新全球AI	TWSE					0	0			1	1			0	0	0	0	0	0			0	0	0	0	0	0	0	0	0	0	0	0	0	0
2408	2	00945B	凱基美國非投等債	TWSE					0	0			1	1			0	0	0	0	0	0			0	0	0	0	0	283	0	446	-118	729	-97	0	0	446
2409	2	00673R	期元大S&P原油反1	TWSE					0	0			1	1			0	0	0	0	0	0			0	0	0	0	0	318	0	-93878	-80783	-93561	13479	4541	4720	-93878
2410	2	00736	國泰新興市場	TWSE					0	0			1	1			0	0	0	0	0	0			0	0	0	0	0	0	0	-3	0	-3	0	0	0	-3
2411	2	00635U	期元大S&P黃金	TWSE					0	0			1	1			0	0	0	0	0	0			0	0	0	0	0	82	0	-2081	-1921	-1999	176	-4	0	326
2412	2	00964	中信亞太高股息	TWSE					0	0			1	1			0	0	0	0	0	0			0	0	0	0	0	-62	0	-1124	-532	-1186	12	0	0	-1124
2413	2	00993A	主動安聯台灣	TWSE					0	0			1	1			0	0	0	0	0	0			0	0	0	0	0	-31	0	-1156	-908	-1187	34	-1	0	-1156
2414	2	00687B	國泰20年美債	OTC					0	0			2	1	UKF	國泰20年美債ETF期貨	0	0	0	0	0	0			0	0	0	0	0	1695	0	95	198	1789	71	0	0	65
2415	2	00939	統一台灣高息動能	TWSE					0	0			1	1			0	0	0	0	0	0			0	0	0	0	0	-307	0	826	41	519	14	0	394	826
2416	2	00746B	富邦A級公司債	OTC					0	0			2	1			0	0	0	0	0	0			0	0	0	0	0	1	0	-110	0	-109	0	0	0	-110
2417	2	00932	兆豐永續高息等權	TWSE					0	0			1	1			0	0	0	0	0	0			0	0	0	0	0	45	0	255	14	300	0	0	0	255
2418	2	00722B	群益投資級電信債	OTC					0	0			2	1			0	0	0	0	0	0			0	0	0	0	0	-370	0	147	-147	-223	0	0	0	147
2419	2	00780B	國泰A 級金融債	OTC					0	0			2	1			0	0	0	0	0	0			0	0	0	0	0	2	0	7	0	9	0	0	1	7
2420	2	00723B	群益投資級科技債	OTC					0	0			2	1			0	0	0	0	0	0			0	0	0	0	0	0	0	-13	0	-13	0	0	0	-13
2421	2	00986A	主動台新龍頭成長	TWSE					0	0			1	1			0	0	0	0	0	0			0	0	0	0	0	-8	0	1	-13	-7	-1	0	0	1
2422	2	00840B	凱基IG精選15+	OTC					0	0			2	1			0	0	0	0	0	0			0	0	0	0	0	0	0	2	0	2	0	0	0	2
2423	2	00692	富邦公司治理	TWSE					0	0			1	1			0	0	0	0	0	0			0	0	0	0	0	17	0	-70	-84	-52	0	0	0	-70
2424	2	00830	國泰費城半導體	TWSE					0	0			1	1			0	0	0	0	0	0			0	0	0	0	0	-464	0	-569	-1503	-1034	72	-3	200	-575
2425	2	00842B	台新美元銀行債	OTC					0	0			2	1			0	0	0	0	0	0			0	0	0	0	0	-28	0	-42	-62	-70	0	0	0	-42
2426	2	00653L	富邦印度正2	TWSE					0	0			1	1			0	0	0	0	0	0			0	0	0	0	0	0	0	68	-36	68	5	0	0	68
2427	2	00983B	大華優利美公債20	OTC					0	0			2	1			0	0	0	0	0	0			0	0	0	0	0	0	0	-110	0	-110	0	0	0	-110
2428	2	00938	凱基優選30	TWSE					0	0			1	1			0	0	0	0	0	0			0	0	0	0	0	-74	0	-2112	-6	-2186	-1	0	0	-2112
2429	2	2887I	台新新光辛特	TWSE					0	0			1	0			0	0	0	0	0	0			0	0	0	0	0	-528	0	0	60	-528	0	0	0	0
2430	2	00985A	主動野村台灣50	TWSE					0	0			1	1			0	0	0	0	0	0			0	0	0	0	0	36	0	-1422	-998	-1386	119	-10	0	-1422
2431	2	2836A	高雄銀行甲特	TWSE					0	0			1	0			0	0	0	0	0	0			0	0	0	0	0	0	0	0	0	0	0	0	0	0
2432	2	00972	野村日本動能高息	TWSE					0	0			1	1			0	0	0	0	0	0			0	0	0	0	0	0	0	3	0	3	0	0	0	3
2433	2	00903	富邦元宇宙	TWSE					0	0			1	1			0	0	0	0	0	0			0	0	0	0	0	0	0	8	0	8	0	0	0	8
2434	2	00757	統一FANG+	TWSE					0	0			1	1	URF	統一FANG+ETF期貨	0	0	0	0	0	0			0	0	0	0	0	48	0	-44	-7	5	-9	0	0	-21
2435	2	00836B	永豐10年A公司債	OTC					0	0			2	1			0	0	0	0	0	0			0	0	0	0	0	48	0	24	0	72	0	0	0	24
2436	2	00695B	富邦美債7-10	OTC					0	0			2	1			0	0	0	0	0	0			0	0	0	0	0	0	0	24	0	24	0	0	0	24
2437	2	00926	凱基全球菁英55	TWSE					0	0			1	1			0	0	0	0	0	0			0	0	0	0	0	-190	0	155	-6	-35	0	0	0	155
2438	2	00909	國泰數位支付服務	TWSE					0	0			1	1			0	0	0	0	0	0			0	0	0	0	0	-323	0	100	-224	-223	-12	-2	40	77
2439	2	2881B	富邦金乙特	TWSE					0	0			1	0			0	0	0	0	0	0			0	0	0	0	0	0	0	7	0	7	0	0	0	0
2440	2	00875	國泰網路資安	TWSE					0	0			1	1			0	0	0	0	0	0			0	0	0	0	0	0	0	-52	-26	-52	13	0	0	-52
2441	2	00895	富邦未來車	TWSE					0	0			1	1			0	0	0	0	0	0			0	0	0	0	0	0	0	155	-8	155	-2	0	0	155
2442	2	00770	國泰北美科技	TWSE					0	0			1	1			0	0	0	0	0	0			0	0	0	0	0	13	0	-1580	-976	-1567	59	0	261	-1580
2443	2	009810	玉山全球藍籌100	TWSE					0	0			1	1			0	0	0	0	0	0			0	0	0	0	0	0	0	12	0	12	0	0	0	12
2444	2	00981T	平衡凱基雙核收息	TWSE					0	0			1	1			0	0	0	0	0	0			0	0	0	0	0	0	0	260	-1033	260	50	0	0	260
2445	2	00858	永豐美國500大	OTC					0	0			2	1			0	0	0	0	0	0			0	0	0	0	0	3	0	345	-79	348	0	0	0	345
2446	2	00681R	元大美債20反1	TWSE					0	0			1	1			0	0	0	0	0	0			0	0	0	0	0	-163	0	10	0	-153	157	0	0	10
2447	2	009803	玉山市值動能50	TWSE					0	0			1	1			0	0	0	0	0	0			0	0	0	0	0	4	250	-16980	-13060	-16725	273	0	0	-16980
2448	2	0056	元大高股息	TWSE					0	0			1	1	PFF	元大高股息ETF期貨	0	0	0	0	0	0			0	0	0	0	0	-3420	145	-5673	-8195	-8948	-54	-17	653	-5612
2449	2	00908	富邦入息REITs+	TWSE					0	0			1	1			0	0	0	0	0	0			0	0	0	0	0	1	0	88	-3	89	0	0	0	88
2450	2	00847B	中信美國市政債	OTC					0	0			2	1			0	0	0	0	0	0			0	0	0	0	0	8	0	70	4	78	0	0	0	70
2451	2	00787B	元大10年IG醫療債	OTC					0	0			2	1			0	0	0	0	0	0			0	0	0	0	0	0	0	3	0	3	0	0	0	3
2452	2	00983A	主動中信ARK創新	TWSE					0	0			1	1			0	0	0	0	0	0			0	0	0	0	0	-49	0	815	137	766	3	0	0	670
2453	2	00982A	主動群益台灣強棒	TWSE					0	0			1	1			0	0	0	0	0	0			0	0	0	0	0	-3343	0	-3703	-5971	-7046	69	2	54	-2417
2454	2	00960	野村全球航運龍頭	TWSE					0	0			1	1			0	0	0	0	0	0			0	0	0	0	0	-6	0	92	-5	86	75	0	0	92
2455	2	00772B	中信高評級公司債	OTC					0	0			2	1	SQF	中信高評級公司債ETF期貨	0	0	0	0	0	0			0	0	0	0	0	-3	0	-24	-278	-27	1	0	0	-24
2456	2	00885	富邦越南	TWSE					0	0			1	1	RXF	富邦越南ETF期貨	0	0	0	0	0	0			0	0	0	0	0	793	0	529	600	1321	-43	0	0	422
2457	2	00671R	富邦NASDAQ反1	TWSE					0	0			1	1			0	0	0	0	0	0			0	0	0	0	0	0	0	571	18	571	-141	-28	0	571
2458	2	6958A	日盛台駿甲特	TWSE					0	0			1	0			0	0	0	0	0	0			0	0	0	0	0	0	0	0	0	0	0	0	0	0
2459	2	00984D	主動聯博全球非投	TWSE					0	0			1	1			0	0	0	0	0	0			0	0	0	0	0	250	-20	2405	-697	2635	211	0	0	2405
2460	2	009827	玉山未來全球算力	TWSE					0	0			1	1			0	0	0	0	0	0			0	0	0	0	0	0	0	-2235	-2749	-2235	-62	0	40	-2235
2461	2	00638R	元大滬深300 反1	TWSE					0	0			1	1			0	0	0	0	0	0			0	0	0	0	0	0	0	-92	0	-92	25	0	0	-92
2462	2	00636K	國泰中國A50+U	TWSE					0	0			1	1			1	0	0	0	0	0			0	0	0	0	0	0	0	0	0	0	0	0	0	0
2463	2	2887G	台新新光庚特一	TWSE					0	0			1	0			0	0	0	0	0	0			0	0	0	0	0	8	0	0	0	8	0	0	0	0
2464	2	00999A	主動野村臺灣高息	TWSE					0	0			1	1			0	0	0	0	0	0			0	0	0	0	0	-1610	0	-9471	-8146	-11080	60	-1	0	-9471
2465	2	00693U	期街口S&P黃豆	TWSE					0	0			1	1			0	0	0	0	0	0			0	0	0	0	0	73	0	113	40	186	-57	3	0	113
2466	2	00891	中信關鍵半導體	TWSE					0	0			1	1			0	0	0	0	0	0			0	0	0	0	0	-1883	0	-3434	-6144	-5317	151	6	1261	-3434
2467	2	1312A	國喬特	TWSE					0	0			1	0			0	0	0	0	0	0			0	0	0	0	0	0	0	0	0	0	0	0	0	0
2468	2	00876	元大全球5G	TWSE					0	0			1	1			0	0	0	0	0	0			0	0	0	0	0	-285	0	245	-11	-40	0	0	0	245
2469	2	00411A	主動統一前沿科技	OTC					0	0			2	1			0	0	0	0	0	0			0	0	0	0	0	-43	0	-180	-1261	-223	47	0	0	-180
2470	2	00870B	元大15年EM主權債	OTC					0	0			2	1			0	0	0	0	0	0			0	0	0	0	0	-3	0	1	0	-2	0	0	0	1
2471	2	00970B	台新BBB投等債20+	OTC					0	0			2	1			0	0	0	0	0	0			0	0	0	0	0	-135	0	476	-138	341	-1	0	0	476
2472	2	00751B	元大AAA至A公司債	OTC					0	0			2	1			0	0	0	0	0	0			0	0	0	0	0	-5146	0	1028	-2611	-4118	64	0	91	1028
2473	2	00762	元大全球AI	TWSE					0	0			1	1			0	0	0	0	0	0			0	0	0	0	0	-71	0	46	-12	-25	0	0	0	46
2474	2	00919	群益台灣精選高息	TWSE					0	0			1	1	SMF	群益台灣精選高息ETF期貨	0	0	0	0	0	0			0	0	0	0	0	-1395	0	-81096	-67392	-82490	664	0	10571	-81156
2475	2	00931B	統一美債20年	OTC					0	0			2	1			0	0	0	0	0	0			0	0	0	0	0	0	0	167	-99	167	11	0	0	167
2476	2	00962	台新AI優息動能	TWSE					0	0			1	1			0	0	0	0	0	0			0	0	0	0	0	-1	0	-6056	-3895	-6057	13	0	435	-6056
2477	2	8112A	至上甲特	TWSE					0	0			1	0			0	0	0	0	0	0			0	0	0	0	0	0	0	0	0	0	0	0	0	0
2478	2	00761B	國泰A 級公司債	OTC					0	0			2	1			0	0	0	0	0	0			0	0	0	0	0	-1	0	79	-8	78	0	0	0	79
2479	2	00954	中信日本半導體	TWSE					0	0			1	1			0	0	0	0	0	0			0	0	0	0	0	-1080	0	-817	-1221	-1897	103	0	32	-817
2480	2	00664R	國泰臺灣加權反1	TWSE					0	0			1	1			0	0	0	0	0	0			0	0	0	0	0	1	0	7988	3293	7989	1114	18	0	7988
2481	2	00773B	中信優先金融債	OTC					0	0			2	1			0	0	0	0	0	0			0	0	0	0	0	-35	0	-9	-24	-44	0	0	0	-9
2482	2	1522A	堤維西甲特	TWSE					0	0			1	0			0	0	0	0	0	0			0	0	0	0	0	0	0	0	0	0	0	0	0	0
2483	2	00768B	復華20年美債	OTC					0	0			2	1			0	0	0	0	0	0			0	0	0	0	0	-2	0	9	-8	7	16	0	0	9
2484	2	00986B	FT金融債10+	OTC					0	0			2	1			0	0	0	0	0	0			0	0	0	0	0	0	0	41	0	41	0	0	0	41
2485	2	00408A	主動第一金優股息	TWSE					0	0			1	1			0	0	0	0	0	0			0	0	0	0	0	0	0	-795	-221	-795	8	-2	0	-795
2486	2	00657K	國泰日經225+U	TWSE					0	0			1	1			1	0	0	0	0	0			0	0	0	0	0	0	0	0	0	0	0	0	0	0
2487	2	00920	富邦ESG綠色電力	TWSE					0	0			1	1			0	0	0	0	0	0			0	0	0	0	0	-10	0	-32	-8	-42	0	0	1	-32
2488	2	00775B	台新投等債15+	TWSE					0	0			1	1			0	0	0	0	0	0			0	0	0	0	0	-1	0	0	0	-1	0	0	0	0
2489	2	00694B	富邦美債1-3	OTC					0	0			2	1			0	0	0	0	0	0			0	0	0	0	0	27	0	12	0	39	0	0	0	12
2490	2	00981A	主動統一台股增長	TWSE					0	0			1	1			0	0	0	0	0	0			0	0	0	0	0	-38973	0	-21680	-48789	-60653	5133	-5	216	-19531
2491	2	009829	大華韓國KOSPI50	TWSE					0	0			1	1			0	0	0	0	0	0			0	0	0	0	0	-539	0	-9419	-4191	-9958	2932	28	435	-9439
2492	2	00961	FT臺灣永續高息	TWSE					0	0			1	1			0	0	0	0	0	0			0	0	0	0	0	-1819	0	-27491	-24385	-29310	408	0	5750	-27491
2493	2	00728	第一金工業30	TWSE					0	0			1	1			0	0	0	0	0	0			0	0	0	0	0	-4	0	-28	-18	-32	1	0	0	-28
2494	2	00928	中信上櫃ESG 30	OTC					0	0			2	1			0	0	0	0	0	0			0	0	0	0	0	-3	0	-53	-81	-56	5	0	0	-53
2495	2	00792B	群益A級公司債	OTC					0	0			2	1			0	0	0	0	0	0			0	0	0	0	0	0	0	-2	0	-2	0	0	0	-2
2496	2	009814	富邦標普500	OTC					0	0			2	1			0	0	0	0	0	0			0	0	0	0	0	-20	25	-47	-130	-42	1	0	0	-47
2497	2	00404A	主動聯博動能50	TWSE					0	0			1	1			0	0	0	0	0	0			0	0	0	0	0	-661	0	-19972	-19093	-20633	741	0	500	-19972
2498	2	006206	元大上證50	TWSE					0	0			1	1	OBF	元大上證50ETF期貨	0	0	0	0	0	0			0	0	0	0	0	-1	0	12	0	11	0	0	0	12
2499	2	00791B	復華信用債1-5	OTC					0	0			2	1			0	0	0	0	0	0			0	0	0	0	0	0	0	0	0	0	0	0	0	0
2500	2	00984A	主動安聯台灣高息	TWSE					0	0			1	1			0	0	0	0	0	0			0	0	0	0	0	-736	0	-357	-1046	-1093	0	-1	0	-357
2501	2	00666R	富邦恒生國企反1	TWSE					0	0			1	1			0	0	0	0	0	0			0	0	0	0	0	0	0	373	0	373	0	0	0	373
2502	2	00967B	元大優息美債	OTC					0	0			2	1			0	0	0	0	0	0			0	0	0	0	0	0	0	198	-84	198	0	0	0	198
2503	2	00763U	期街口道瓊銅	TWSE					0	0			1	1			0	0	0	0	0	0			0	0	0	0	0	5	0	-599	-483	-594	-76	-7	0	-599
2504	2	0053	元大電子	TWSE					0	0			1	1			0	0	0	0	0	0			0	0	0	0	0	1	0	-378	-53	-377	1	0	0	-378
2505	2	00864B	中信美國公債0-1	OTC					0	0			2	1			0	0	0	0	0	0			0	0	0	0	0	147	0	68	63	215	-21	0	0	68
2506	2	006205	富邦上証	TWSE					0	0			1	1	OAF	富邦上証ETF期貨	0	0	0	0	0	0			0	0	0	0	0	4	0	-38	-20	-34	2	0	0	-98
2507	2	00633L	富邦上証正2	TWSE					0	0			1	1			0	0	0	0	0	0			0	0	0	0	0	-20	0	-874	-560	-894	104	-13	0	-874
2508	2	5871A	中租-KY甲特	TWSE					0	0			1	0			0	0	0	0	0	0			0	0	0	0	0	0	0	0	0	0	0	0	0	0
2509	2	9941A	裕融甲特	TWSE					0	0			1	0			0	0	0	0	0	0			0	0	0	0	0	0	0	0	0	0	0	0	0	0
2510	2	009817	國泰日本不動產	TWSE					0	0			1	1			0	0	0	0	0	0			0	0	0	0	0	0	0	882	5	882	0	0	0	882
2511	2	00935	野村臺灣新科技50	TWSE					0	0			1	1			0	0	0	0	0	0			0	0	0	0	0	-3152	0	-5273	-5769	-8425	193	0	818	-5273
2512	2	00703	台新MSCI中國	TWSE					0	0			1	1			0	0	0	0	0	0			0	0	0	0	0	0	0	3	0	3	0	0	0	3
2513	2	00930	永豐ESG低碳高息	TWSE					0	0			1	1			0	0	0	0	0	0			0	0	0	0	0	-19	0	-1716	-1163	-1735	25	0	3	-1716
2514	2	00913	兆豐台灣晶圓製造	TWSE					0	0			1	1			0	0	0	0	0	0			0	0	0	0	0	-117	0	-106	-323	-223	-109	0	0	-106
2515	2	00795B	中信美國公債20年	OTC					0	0			2	1			0	0	0	0	0	0			0	0	0	0	0	216	0	-1216	-207	-1000	43	0	0	-1216
2516	2	00862B	中信投資級公司債	OTC					0	0			2	1			0	0	0	0	0	0			0	0	0	0	0	-61	0	53	0	-8	0	0	0	53
2517	2	00706L	期元大S&P日圓正2	TWSE					0	0			1	1			0	0	0	0	0	0			0	0	0	0	0	8	0	875	209	883	-5	-32	0	875
2518	2	00750B	凱基科技債10+	OTC					0	0			2	1			0	0	0	0	0	0			0	0	0	0	0	-2	0	2	0	0	0	0	0	2
2519	2	00665L	富邦恒生國企正2	TWSE					0	0			1	1			0	0	0	0	0	0			0	0	0	0	0	136	0	-185	-560	-49	-43	244	0	-185
2520	2	00878	國泰永續高股息	TWSE					0	0			1	1	RIF	國泰永續高股息ETF期貨	0	0	0	0	0	0			0	0	0	0	0	-8800	0	-6480	-12114	-15280	-12	-1	1802	-6784
2521	2	00989B	台新美國非投等債	OTC					0	0			2	1			0	0	0	0	0	0			0	0	0	0	0	0	0	-1096	-494	-1096	5	0	0	-1096
2522	2	00771	元大US高息特別股	TWSE					0	0			1	1			0	0	0	0	0	0			0	0	0	0	0	0	0	-1	0	-1	0	0	0	-1
2523	2	00966B	統一ESG投等債15+	OTC					0	0			2	1			0	0	0	0	0	0			0	0	0	0	0	-42	0	85	-2	43	0	0	0	85
2524	2	00892	富邦台灣半導體	TWSE					0	0			1	1			0	0	0	0	0	0			0	0	0	0	0	-175	0	-616	-517	-791	2	-2	0	-616
2525	2	009823	群益S&P500	OTC					0	0			2	1			0	0	0	0	0	0			0	0	0	0	0	97	0	169	-225	266	17	0	0	169
2526	2	00685L	群益臺灣加權正2	TWSE					0	0			1	1			0	0	0	0	0	0			0	0	0	0	0	-2800	0	-182748	-152291	-185549	4090	-849	14777	-182719
2527	2	00634R	富邦上証反1	TWSE					0	0			1	1			0	0	0	0	0	0			0	0	0	0	0	0	0	22	0	22	0	0	0	22
2528	2	00890B	凱基ESG BBB債15+	OTC					0	0			2	1			0	0	0	0	0	0			0	0	0	0	0	-1	0	0	0	-1	0	0	0	0
2529	2	00670L	富邦NASDAQ正2	TWSE					0	0			1	1			0	0	0	0	0	0			0	0	0	0	0	-20	0	-387	-286	-407	15	-21	0	-387
2530	2	009825	聯邦美國金融創新	OTC					0	0			2	1			0	0	0	0	0	0			0	0	0	0	0	1	0	-212	-13	-211	1	0	0	-212
2531	2	00689R	國泰20年美債反1	TWSE					0	0			1	1			0	0	0	0	0	0			0	0	0	0	0	-50	0	-102	0	-152	152	0	0	-102
2532	2	00668	國泰美國道瓊	TWSE					0	0			1	1			0	0	0	0	0	0			0	0	0	0	0	0	0	-10	0	-10	0	0	0	-10
2533	2	00957B	兆豐US優選投等債	OTC					0	0			2	1			0	0	0	0	0	0			0	0	0	0	0	-90	0	270	-15	180	-1	0	0	270
2534	2	00865B	國泰US短期公債	TWSE					0	0			1	1			0	0	0	0	0	0			0	0	0	0	0	190	0	-172	129	18	-1	0	0	-172
2535	2	2897B	王道銀乙特	TWSE					0	0			1	0			0	0	0	0	0	0			0	0	0	0	0	0	0	0	0	0	0	0	0	0
2536	2	00405A	主動富邦台灣龍耀	TWSE					0	0			1	1			0	0	0	0	0	0			0	0	0	0	0	-1654	0	-12308	-12825	-13962	816	21	0	-4789
2537	2	009811	統一美國50	TWSE					0	0			1	1			0	0	0	0	0	0			0	0	0	0	0	12	0	170	-66	182	0	0	0	170
2538	2	00990B	國泰收益非投等債	OTC					0	0			2	1			0	0	0	0	0	0			0	0	0	0	0	0	0	-601	-188	-601	8	0	6	-601
2539	2	00853B	統一美債10年Aa-A	OTC					0	0			2	1			0	0	0	0	0	0			0	0	0	0	0	-6	0	12	0	6	0	0	0	12
2540	2	009815	大華美國MAG7+	OTC					0	0			2	1			0	0	0	0	0	0			0	0	0	0	0	-6	0	569	74	562	-49	0	0	569
2541	2	00785B	富邦金融投等債	OTC					0	0			2	1			0	0	0	0	0	0			0	0	0	0	0	0	0	0	0	0	0	0	0	0
2542	2	006208	富邦台50	TWSE					0	0			1	1			0	0	0	0	0	0			0	0	0	0	0	-235	0	-615	-1044	-850	-1	-4	0	-534
2543	2	00980B	台新特選IG債10+	OTC					0	0			2	1			0	0	0	0	0	0			0	0	0	0	0	0	0	28	0	28	0	0	0	28
2544	2	00991B	貝萊德A級公司債	TWSE					0	0			1	1			0	0	0	0	0	0			0	0	0	0	0	0	0	35	0	35	0	0	0	35
2545	2	00844B	台新15年IG金融債	OTC					0	0			2	1			0	0	0	0	0	0			0	0	0	0	0	0	0	2	0	2	0	0	0	2
2546	2	00631L	元大台灣50正2	TWSE					0	0			1	1			0	0	0	0	0	0			0	0	0	0	0	-49151	0	-80733	-101066	-129884	14127	-2085	4783	-80435
2547	2	009808	華南永昌優選50	TWSE					0	0			1	1			0	0	0	0	0	0			0	0	0	0	0	44	0	-37	-5	7	0	0	0	-37
2548	2	00789B	復華公司債A3	OTC					0	0			2	1			0	0	0	0	0	0			0	0	0	0	0	0	0	0	0	0	0	0	0	0
2549	2	2348A	海悅甲特	TWSE					0	0			1	0			0	0	0	0	0	0			0	0	0	0	0	0	0	0	0	0	0	0	0	0
2550	2	009821	野村稀土關鍵資源	TWSE					0	0			1	1			0	0	0	0	0	0			0	0	0	0	0	-1550	0	-1227	-2279	-2777	440	-1	0	-1227
2551	2	00897	富邦基因免疫生技	TWSE					0	0			1	1			0	0	0	0	0	0			0	0	0	0	0	-2	0	127	-15	125	4	0	0	127
2552	2	00733	富邦臺灣中小	TWSE					0	0			1	1			0	0	0	0	0	0			0	0	0	0	0	32	0	-2	-14	30	-6	0	9	-2
2553	2	00887	永豐中國科技50大	OTC					0	0			2	1			0	0	0	0	0	0			0	0	0	0	0	83	0	105	-862	187	4	-1	0	86
2554	2	00686R	群益臺灣加權反1	TWSE					0	0			1	1			0	0	0	0	0	0			0	0	0	0	0	0	0	2554	182	2554	-618	-8	112	2554
2555	2	00625K	富邦上証+R	TWSE					0	0			1	1			1	0	0	0	0	0			0	0	0	0	0	0	0	0	0	0	0	0	0	0
2556	2	00730	富邦臺灣優質高息	TWSE					0	0			1	1			0	0	0	0	0	0			0	0	0	0	0	-7	0	-89	-27	-96	0	0	0	-89
2557	2	00710B	復華彭博非投等債	TWSE					0	0			1	1			0	0	0	0	0	0			0	0	0	0	0	0	0	10	0	10	0	0	0	10
2558	2	00912	中信臺灣智慧50	TWSE					0	0			1	1			0	0	0	0	0	0			0	0	0	0	0	-40	0	-74	-58	-114	0	0	0	-74
2559	2	00952	凱基台灣AI50	TWSE					0	0			1	1			0	0	0	0	0	0			0	0	0	0	0	-23	0	-567	-488	-590	3	0	0	-567
2560	2	00406A	主動中信台灣收益	TWSE					0	0			1	1			0	0	0	0	0	0			0	0	0	0	0	-30659	0	-201091	-191221	-231750	2957	361	550	-201091
2561	2	2882A	國泰特	TWSE					0	0			1	0			0	0	0	0	0	0			0	0	0	0	0	0	0	0	0	0	0	0	0	0
2562	2	00982B	FT投資級債20+	OTC					0	0			2	1			0	0	0	0	0	0			0	0	0	0	0	0	0	4	0	4	0	0	0	4
2563	2	009806	台新標普500	OTC					0	0			2	1			0	0	0	0	0	0			0	0	0	0	0	0	0	-2	0	-2	0	0	0	-2
2564	2	2887Z1	台新新光己特	TWSE					0	0			1	0			0	0	0	0	0	0			0	0	0	0	0	-10	0	0	0	-10	0	0	0	0
2565	2	00788B	元大10年IG電能債	OTC					0	0			2	1			0	0	0	0	0	0			0	0	0	0	0	2	0	41	0	43	0	0	0	41
2566	2	00927	群益半導體收益	TWSE					0	0			1	1			0	0	0	0	0	0			0	0	0	0	0	-4966	0	-2206	-6180	-7172	201	-26	857	-2206
2567	2	00650L	復華香港正2	TWSE					0	0			1	1			0	0	0	0	0	0			0	0	0	0	0	208	0	270	-250	478	-637	-10	0	270
2568	2	00894	中信小資高價30	TWSE					0	0			1	1			0	0	0	0	0	0			0	0	0	0	0	-298	0	-503	-658	-801	21	0	106	-429
2569	2	00793B	群益AAA-A醫療債	OTC					0	0			2	1			0	0	0	0	0	0			0	0	0	0	0	-10	0	37	0	27	0	0	0	37
2570	2	00782B	國泰A 級公用債	OTC					0	0			2	1			0	0	0	0	0	0			0	0	0	0	0	5	0	-64	-17	-59	0	0	0	-64
2571	2	00841B	凱基AAA-AA公司債	OTC					0	0			2	1			0	0	0	0	0	0			0	0	0	0	0	0	0	0	0	0	0	0	0	0
2572	2	00735	國泰臺韓科技	TWSE					0	0			1	1			0	0	0	0	0	0			0	0	0	0	0	-456	0	407	-62	-49	70	-2	2	464
2573	2	00690	兆豐臺灣藍籌30	TWSE					0	0			1	1			0	0	0	0	0	0			0	0	0	0	0	0	0	-218	-167	-218	3	0	0	-218
2574	2	006203	元大MSCI台灣	TWSE					0	0			1	1			0	0	0	0	0	0			0	0	0	0	0	0	0	-17	-5	-17	0	0	0	-17
2575	2	00899	FT潔淨能源	TWSE					0	0			1	1			0	0	0	0	0	0			0	0	0	0	0	0	0	-3	0	-3	0	0	0	-3
2576	2	00697B	元大美債7-10	OTC					0	0			2	1			0	0	0	0	0	0			0	0	0	0	0	-1	0	-76	-58	-77	0	0	0	-76
2577	2	006207	復華滬深	TWSE					0	0			1	1			0	0	0	0	0	0			0	0	0	0	0	1	0	-127	0	-126	0	0	0	-127
2578	2	6592B	和潤企業乙特	TWSE					0	0			1	0			0	0	0	0	0	0			0	0	0	0	0	0	0	0	0	0	0	0	0	0
2579	2	00663L	國泰臺灣加權正2	TWSE					0	0			1	1			0	0	0	0	0	0			0	0	0	0	0	-303	0	-1054	-2124	-1357	145	-91	0	-1054
2580	2	2887E	台新新光戊特一	TWSE					0	0			1	0			0	0	0	0	0	0			0	0	0	0	0	0	0	0	-24	0	0	0	0	0
2581	2	00779B	凱基美債25+	OTC					0	0			2	1			0	0	0	0	0	0			0	0	0	0	0	0	0	-13	0	-13	0	0	0	-13
2582	2	00988B	玉山嚴選非投債	OTC					0	0			2	1			0	0	0	0	0	0			0	0	0	0	0	1	0	156	-33	157	2	0	0	156
2583	2	00786B	元大10年IG銀行債	OTC					0	0			2	1			0	0	0	0	0	0			0	0	0	0	0	0	0	14	0	14	0	0	0	14
2584	2	00755B	群益投資級公用債	OTC					0	0			2	1			0	0	0	0	0	0			0	0	0	0	0	0	0	-2	0	-2	0	0	0	-2
2585	2	2887H	台新新光庚特二	TWSE					0	0			1	0			0	0	0	0	0	0			0	0	0	0	0	-7	0	0	0	-7	0	0	0	0
2586	2	00911	兆豐洲際半導體	TWSE					0	0			1	1			0	0	0	0	0	0			0	0	0	0	0	-1	0	-18	-10	-19	-2	0	0	-18
2587	2	009812	野村日本東證	TWSE					0	0			1	1			0	0	0	0	0	0			0	0	0	0	0	-243	0	199	-13	-44	0	0	0	199
2588	2	00987B	野村10+澳洲公債	OTC					0	0			2	1			0	0	0	0	0	0			0	0	0	0	0	-11	0	-1233	-273	-1244	0	0	0	-1233
2589	2	00738U	期元大道瓊白銀	TWSE					0	0			1	1			0	0	0	0	0	0			0	0	0	0	0	-438	0	-5002	-3243	-5440	915	-44	0	-4982
2590	2	00983D	主動富邦複合收益	TWSE					0	0			1	1			0	0	0	0	0	0			0	0	0	0	0	-65	0	-130	-100	-195	0	0	40	-130
2591	2	00640L	富邦日本正2	TWSE					0	0			1	1			0	0	0	0	0	0			0	0	0	0	0	0	0	-59	-21	-59	-2	0	0	-59
2592	2	00720B	元大投資級公司債	OTC					0	0			2	1			0	0	0	0	0	0			0	0	0	0	0	31	0	932	544	963	-52	0	0	932
2593	2	00402A	主動安聯美國科技	TWSE					0	0			1	1			0	0	0	0	0	0			0	0	0	0	0	102	0	2444	223	2546	-37	0	0	2444
2594	2	009802	富邦旗艦50	TWSE					0	0			1	1			0	0	0	0	0	0			0	0	0	0	0	-1094	0	-1364	-2172	-2458	-14	0	0	-1343
2595	2	00636	國泰中國A50	TWSE					0	0			1	1	OJF	國泰中國A50ETF期貨	0	0	0	0	0	0			0	0	0	0	0	14	0	285	-11	299	0	0	109	285
2596	2	2881A	富邦特	TWSE					0	0			1	0			0	0	0	0	0	0			0	0	0	0	0	0	0	0	0	0	0	0	0	0
2597	2	00980D	主動聯博投等入息	OTC					0	0			2	1			0	0	0	0	0	0			0	0	0	0	0	58	-42	-30	-89	-14	3	0	0	-30
2598	2	00950B	凱基A級公司債	OTC					0	0			2	1			0	0	0	0	0	0			0	0	0	0	0	-80	0	61	-274	-19	60	0	0	61
2599	2	00713	元大台灣高息低波	TWSE					0	0			1	1			0	0	0	0	0	0			0	0	0	0	0	26	0	1021	624	1047	259	0	0	1019
2600	2	00995A	主動中信台灣卓越	TWSE					0	0			1	1			0	0	0	0	0	0			0	0	0	0	0	-484	0	-278	-513	-762	-31	1	0	-278
2601	2	00749B	凱基新興債10+	OTC					0	0			2	1			0	0	0	0	0	0			0	0	0	0	0	0	0	0	0	0	0	0	0	0
2602	2	00660	元大歐洲50	TWSE					0	0			1	1			0	0	0	0	0	0			0	0	0	0	0	-1	0	-1	0	-2	0	0	0	-1
2603	2	00760B	復華新興企業債	OTC					0	0			2	1			0	0	0	0	0	0			0	0	0	0	0	0	0	3	0	3	0	0	0	3
2604	2	009809	富邦淨零ESG50	TWSE					0	0			1	1			0	0	0	0	0	0			0	0	0	0	0	0	0	-22	-3	-22	0	0	0	-22
2605	2	009804	聯邦台精彩50	TWSE					0	0			1	1			0	0	0	0	0	0			0	0	0	0	0	-159	0	-290	-262	-449	6	0	0	-290
2606	2	00754B	群益AAA-AA公司債	OTC					0	0			2	1			0	0	0	0	0	0			0	0	0	0	0	-1	0	-121	0	-122	0	0	0	-121
2607	2	2881C	富邦金丙特	TWSE					0	0			1	0			0	0	0	0	0	0			0	0	0	0	0	0	0	0	0	0	0	0	0	0
2608	2	00918	大華優利高填息30	TWSE					0	0			1	1			0	0	0	0	0	0			0	0	0	0	0	777	0	-61819	-51762	-61042	484	-3	10806	-61824
2609	2	00901	永豐智能車供應鏈	TWSE					0	0			1	1			0	0	0	0	0	0			0	0	0	0	0	-90	0	107	-9	17	0	0	0	107
2610	2	00980A	主動野村臺灣優選	TWSE					0	0			1	1			0	0	0	0	0	0			0	0	0	0	0	-831	394	-2305	-2372	-2742	-139	15	0	-2225
2611	2	00777B	凱基AAA至A公司債	OTC					0	0			2	1			0	0	0	0	0	0			0	0	0	0	0	1	0	18	0	19	0	0	0	18
2612	2	00711B	復華彭博新興債	TWSE					0	0			1	1			0	0	0	0	0	0			0	0	0	0	0	0	0	-1	0	-1	0	0	0	-1
2613	2	00898	國泰基因免疫革命	TWSE					0	0			1	1			0	0	0	0	0	0			0	0	0	0	0	180	0	76	47	256	4	0	0	76
2614	2	2882B	國泰金乙特	TWSE					0	0			1	0			0	0	0	0	0	0			0	0	0	0	0	0	0	0	0	0	0	0	0	0
2615	2	00963	中信全球高股息	TWSE					0	0			1	1			0	0	0	0	0	0			0	0	0	0	0	-114	0	-126	-168	-240	10	0	0	-126
2616	2	00900	富邦特選高股息30	TWSE					0	0			1	1			0	0	0	0	0	0			0	0	0	0	0	623	0	2921	2097	3544	22	0	0	2797
2617	2	2887F	台新新光戊特二	TWSE					0	0			1	0			0	0	0	0	0	0			0	0	0	0	0	0	0	0	0	0	0	0	0	0
2618	2	009828	中信台日韓PCB	TWSE					0	0			1	1			0	0	0	0	0	0			0	0	0	0	0	-3666	0	-30652	-30385	-34318	-3512	-2	57	-29179
2619	2	00731	復華富時高息低波	TWSE					0	0			1	1			0	0	0	0	0	0			0	0	0	0	0	-12	0	38	2	26	0	0	0	38
2620	2	00674R	期元大S&P黃金反1	TWSE					0	0			1	1			0	0	0	0	0	0			0	0	0	0	0	-2	0	152	57	150	-14	1	0	152
2621	2	00902	中信電池及儲能	TWSE					0	0			1	1			0	0	0	0	0	0			0	0	0	0	0	101	0	-701	-282	-600	47	0	0	-701
2622	2	009816	凱基台灣TOP50	TWSE					0	0			1	1			0	0	0	0	0	0			0	0	0	0	0	-8828	0	-54694	-46754	-63523	395	9	4652	-52624
2623	2	006201	元大富櫃50	OTC					0	0			2	1			0	0	0	0	0	0			0	0	0	0	0	0	0	-48	-48	-48	2	0	0	-48
2624	2	00741B	富邦全球非投等債	OTC					0	0			2	1			0	0	0	0	0	0			0	0	0	0	0	3	0	3	0	6	-1	0	0	3
2625	2	00759B	復華製藥債	OTC					0	0			2	1			0	0	0	0	0	0			0	0	0	0	0	0	0	0	0	0	0	0	0	0
2626	2	00707R	期元大S&P日圓反1	TWSE					0	0			1	1			0	0	0	0	0	0			0	0	0	0	0	0	0	1	0	1	0	0	0	1
2627	2	00946	群益科技高息成長	TWSE					0	0			1	1			0	0	0	0	0	0			0	0	0	0	0	-8	0	-131	-147	-139	0	0	0	-131
2628	2	00860B	群益1-5Y投資級債	OTC					0	0			2	1			0	0	0	0	0	0			0	0	0	0	0	0	0	2	0	2	0	0	0	2
2629	2	00936	台新永續高息中小	TWSE					0	0			1	1			0	0	0	0	0	0			0	0	0	0	0	175	0	-227	-57	-52	0	0	0	-227
2630	2	009826	貝萊德世界股票	TWSE					0	0			1	1			0	0	0	0	0	0			0	0	0	0	0	-62	0	-16304	-13343	-16365	11	0	0	-16317
2631	2	00752	中信中國50	TWSE					0	0			1	1			0	0	0	0	0	0			0	0	0	0	0	43	0	207	-35	250	-23	0	0	199
2632	2	00740B	富邦全球投等債	OTC					0	0			2	1			0	0	0	0	0	0			0	0	0	0	0	-22	0	312	-41	290	1	0	177	312
2633	2	00968B	元大優息投等債	OTC					0	0			2	1			0	0	0	0	0	0			0	0	0	0	0	-71	0	127	-207	56	10	0	0	127
2634	2	00725B	國泰投資級公司債	OTC					0	0			2	1			0	0	0	0	0	0			0	0	0	0	0	604	0	1381	75	1985	-24	0	0	1381
2635	2	00863B	中信全球電信債	OTC					0	0			2	1			0	0	0	0	0	0			0	0	0	0	0	-4	0	0	0	-4	0	0	0	0
2636	2	00678	群益那斯達克生技	TWSE					0	0			1	1			0	0	0	0	0	0			0	0	0	0	0	-63	0	76	0	13	4	0	0	76
2637	2	00799B	國泰A 級醫療債	OTC					0	0			2	1			0	0	0	0	0	0			0	0	0	0	0	-28	0	-41	-11	-69	0	0	0	-41
2638	2	00643	群益深証中小	TWSE					0	0			1	1	OOF	群益深証中小ETF期貨	0	0	0	0	0	0			0	0	0	0	0	-7	0	-506	-12	-513	0	0	0	-506
2639	2	00981B	第一金優選非投債	OTC					0	0			2	1			0	0	0	0	0	0			0	0	0	0	0	-81	0	-1513	-2203	-1594	-401	0	400	-1513
2640	2	00859B	群益0-1年美債	OTC					0	0			2	1			0	0	0	0	0	0			0	0	0	0	0	-63	0	-221	-33	-284	0	0	0	-221
2641	2	00893	國泰智能電動車	TWSE					0	0			1	1	SGF	國泰智能電動車ETF期貨	0	0	0	0	0	0			0	0	0	0	0	1	0	69	1	70	1	0	0	69
2642	2	00861	元大全球未來通訊	TWSE					0	0			1	1			0	0	0	0	0	0			0	0	0	0	0	-1	0	28	-3	27	0	0	0	28
2643	2	00956	中信日經高股息	TWSE					0	0			1	1			0	0	0	0	0	0			0	0	0	0	0	77	0	-18	-1	59	0	0	0	-18
2644	2	00947	台新臺灣IC設計	TWSE					0	0			1	1			0	0	0	0	0	0			0	0	0	0	0	-1727	0	-1088	-1974	-2816	234	-4	0	-1098
2645	2	00662	富邦NASDAQ	TWSE					0	0			1	1			0	0	0	0	0	0			0	0	0	0	0	3	0	-1904	-1479	-1901	2	0	0	-1995
2646	2	00985B	群益ESG投等債0-5	TWSE					0	0			1	1			0	0	0	0	0	0			0	0	0	0	0	-504	0	-3559	456	-4063	0	0	89	-3559
2647	2	00988A	主動統一全球創新	TWSE					0	0			1	1			0	0	0	0	0	0			0	0	0	0	0	-358	0	2990	1053	2632	-506	-12	0	3390
2648	2	00737	國泰AI機器人	TWSE					0	0			1	1			0	0	0	0	0	0			0	0	0	0	0	-4	0	-15	-6	-19	0	0	0	-15
2649	2	00726B	國泰新興投等債	OTC					0	0			2	1			0	0	0	0	0	0			0	0	0	0	0	-2	0	28	0	26	0	0	0	28
2650	2	00888	永豐台灣ESG	OTC					0	0			2	1			0	0	0	0	0	0			0	0	0	0	0	-155	0	-3022	-2490	-3177	-377	-1	0	-3022
2651	2	2891B	中信金乙特	TWSE					0	0			1	0			0	0	0	0	0	0			0	0	0	0	0	0	0	0	0	0	0	0	0	0
2652	2	00675L	富邦臺灣加權正2	TWSE					0	0			1	1			0	0	0	0	0	0			0	0	0	0	0	-154	0	-411	-537	-565	78	36	250	-691
2653	2	00849B	中信EM主權債0-5	OTC					0	0			2	1			0	0	0	0	0	0			0	0	0	0	0	-3	0	10	0	7	0	0	0	10
2654	2	00669R	國泰美國道瓊反1	TWSE					0	0			1	1			0	0	0	0	0	0			0	0	0	0	0	0	0	469	118	469	-55	0	0	469
2655	2	00642U	期元大S&P石油	TWSE					0	0			1	1			0	0	0	0	0	0			0	0	0	0	0	-119	0	2669	1763	2550	139	274	0	1189
2656	2	00652	富邦印度	TWSE					0	0			1	1			0	0	0	0	0	0			0	0	0	0	0	-48	0	152	-32	104	3	0	0	143
2657	2	00882	中信中國高股息	TWSE					0	0			1	1			0	0	0	0	0	0			0	0	0	0	0	9	0	565	-344	574	-41	0	0	557
2658	2	009819	中信數據及電力	TWSE					0	0			1	1			0	0	0	0	0	0			0	0	0	0	0	0	0	725	-187	725	-250	0	0	725
2659	2	00727B	國泰優選非投等債	OTC					0	0			2	1			0	0	0	0	0	0			0	0	0	0	0	-10	0	7	0	-3	0	0	0	7
2660	2	00403A	主動統一升級50	TWSE					0	0			1	1			0	0	0	0	0	0			0	0	0	0	0	-15903	0	-386	-16760	-16289	604	-787	7994	2688
2661	2	006204	永豐臺灣加權	TWSE					0	0			1	1			0	0	0	0	0	0			0	0	0	0	0	0	0	0	0	0	0	0	0	0
2662	2	00998A	主動復華金融股息	OTC					0	0			2	1			0	0	0	0	0	0			0	0	0	0	0	94	0	-5401	-4348	-5307	8	0	200	-5401
2663	2	00409A	主動復華全球50	TWSE					0	0			1	1			0	0	0	0	0	0			0	0	0	0	0	-1185	0	-8995	-11076	-10180	147	0	0	-8995
2664	2	00852L	國泰美國道瓊正2	TWSE					0	0			1	1			0	0	0	0	0	0			0	0	0	0	0	0	0	-65	-17	-65	23	0	0	-65
2665	2	00907	永豐優息存股	TWSE					0	0			1	1			0	0	0	0	0	0			0	0	0	0	0	20	0	285	103	305	-10	0	0	285
2666	2	00984B	大華優利美A債15	OTC					0	0			2	1			0	0	0	0	0	0			0	0	0	0	0	-178	0	666	67	488	0	0	0	666
2667	2	00401A	主動摩根台灣鑫收	TWSE					0	0			1	1			0	0	0	0	0	0			0	0	0	0	0	-669	0	-7694	-4664	-8363	212	0	0	-7694
2668	2	00915	凱基優選高股息30	TWSE					0	0			1	1			0	0	0	0	0	0			0	0	0	0	0	148	0	495	316	643	-3	0	533	495
2669	2	00959B	大華投等美債15Y+	OTC					0	0			2	1			0	0	0	0	0	0			0	0	0	0	0	1	0	515	-221	516	200	0	0	515
2670	2	2883B	凱基金乙特	TWSE					0	0			1	0			0	0	0	0	0	0			0	0	0	0	0	756	0	-22	358	734	0	0	0	0
2671	2	00407A	主動凱基台灣	TWSE					0	0			1	1			0	0	0	0	0	0			0	0	0	0	0	-5909	0	-5851	-6252	-11760	10	-41	0	-5851
2672	2	00657	國泰日經225	TWSE					0	0			1	1			0	0	0	0	0	0			0	0	0	0	0	-74	0	67	0	-7	0	0	0	67
2673	2	00990A	主動元大AI新經濟	TWSE					0	0			1	1			0	0	0	0	0	0			0	0	0	0	0	114	0	2811	-1650	2926	-125	-2	200	2806
2674	2	00877	復華中國5G	OTC					0	0			2	1			0	0	0	0	0	0			0	0	0	0	0	232	0	-73	38	159	-21	-5	0	-89
2675	2	00639	富邦深100	TWSE					0	0			1	1	OKF	富邦深100ETF期貨	0	0	0	0	0	0			0	0	0	0	0	7	0	396	-55	403	19	0	0	376
2676	2	00992A	主動群益科技創新	TWSE					0	0			1	1			0	0	0	0	0	0			0	0	0	0	0	-4835	0	-2814	-6298	-7649	-115	134	0	-1914
2677	2	00637L	元大滬深300 正2	TWSE					0	0			1	1			0	0	0	0	0	0			0	0	0	0	0	780	0	-6130	-4613	-5350	129	-62	0	-6130
2678	2	00656R	國泰中國A50反1	TWSE					0	0			1	1			0	0	0	0	0	0			0	0	0	0	0	0	0	23	0	23	0	0	0	23
2679	2	00850	元大臺灣ESG永續	TWSE					0	0			1	1			0	0	0	0	0	0			0	0	0	0	0	-43	25	-137	-136	-155	-1	0	62	-137
2680	2	00682U	期元大美元指數	TWSE					0	0			1	1			0	0	0	0	0	0			0	0	0	0	0	0	0	-4	0	-4	0	0	0	-4
2681	2	009807	台新標普科技精選	OTC					0	0			2	1			0	0	0	0	0	0			0	0	0	0	0	0	0	0	0	0	0	0	0	0
2682	2	00921	兆豐龍頭等權重	TWSE					0	0			1	1			0	0	0	0	0	0			0	0	0	0	0	-6	0	-606	-394	-612	3	0	0	-606
2683	2	00953B	群益優選非投等債	TWSE					0	0			1	1			0	0	0	0	0	0			0	0	0	0	0	725	0	4924	6769	5649	4977	150	0	4924
2684	2	00702	國泰標普低波高息	TWSE					0	0			1	1			0	0	0	0	0	0			0	0	0	0	0	0	0	-5	0	-5	0	0	0	-5
2685	2	00857B	永豐20年美公債	OTC					0	0			2	1			0	0	0	0	0	0			0	0	0	0	0	0	0	329	0	329	0	0	0	329
2686	2	8349A	恒耀甲特	OTC					0	0			2	0			0	0	0	0	0	0			0	0	0	0	0	0	0	0	0	0	0	0	0	0
2687	2	00676R	富邦臺灣加權反1	TWSE					0	0			1	1			0	0	0	0	0	0			0	0	0	0	0	30	0	2881	2313	2911	1162	7	0	2881
2688	2	00985D	主動貝萊德優投等	OTC					0	0			2	1			0	0	0	0	0	0			0	0	0	0	0	-8	0	-1257	-317	-1265	0	0	26	-1257
2689	2	2838A	聯邦銀甲特	TWSE					0	0			1	0			0	0	0	0	0	0			0	0	0	0	0	0	0	0	-5	0	0	0	0	0
2690	2	00778B	凱基金融債20+	OTC					0	0			2	1			0	0	0	0	0	0			0	0	0	0	0	0	0	0	0	0	0	0	0	0
2691	2	009800	中信NASDAQ	TWSE					0	0			1	1			0	0	0	0	0	0			0	0	0	0	0	-73	0	-90	-291	-163	-4	0	0	-90
2692	2	00980T	平衡凱基美國TOP	OTC					0	0			2	1			0	0	0	0	0	0			0	0	0	0	0	9	0	53	0	62	0	0	0	53
2693	2	00934	中信成長高股息	TWSE					0	0			1	1			0	0	0	0	0	0			0	0	0	0	0	-55	0	-1625	-1108	-1680	-27	0	0	-1625
2694	2	00923	群益台灣ESG低碳	TWSE					0	0			1	1	RYF	群益台ESG低碳50ETF期貨	0	0	0	0	0	0			0	0	0	0	0	-2270	0	-783	-2761	-3053	6	0	0	-715
2695	2	00969B	元大零息超長美債	OTC					0	0			2	1			0	0	0	0	0	0			0	0	0	0	0	8	0	-700	-72	-692	0	0	0	-700
2696	2	00917	中信特選金融	TWSE					0	0			1	1			0	0	0	0	0	0			0	0	0	0	0	65	0	-72	-96	-7	-1	0	0	-72
2697	2	00834B	第一金金融債10+	OTC					0	0			2	1			0	0	0	0	0	0			0	0	0	0	0	0	0	0	0	0	0	0	0	0
2698	2	0052	富邦科技	TWSE					0	0			1	1	VHF	富邦科技ETF期貨	0	0	0	0	0	0			0	0	0	0	0	-400	0	-6806	-4960	-7206	83	-2	0	-2985
2699	2	00955	中信日本商社	OTC					0	0			2	1			0	0	0	0	0	0			0	0	0	0	0	509	0	2101	1377	2610	-46	2	0	2097
2700	2	0050	元大台灣50	TWSE					0	0			1	1	NYF	元大台灣50ETF期貨	0	0	0	0	0	0			0	0	0	0	0	-42145	1668	-26510	-46862	-66988	294	-77	721	-23302
2701	2	009824	群益美國科技巨頭	TWSE					0	0			1	1			0	0	0	0	0	0			0	0	0	0	0	56	0	1668	501	1724	-41	0	0	1668
2702	2	00981D	主動中信非投等債	OTC					0	0			2	1			0	0	0	0	0	0			0	0	0	0	0	1	0	1009	656	1010	863	0	0	1009
2703	2	00845B	富邦新興投等債	OTC					0	0			2	1			0	0	0	0	0	0			0	0	0	0	0	0	0	0	0	0	0	0	0	0
2704	2	00846B	富邦歐洲銀行債	OTC					0	0			2	1			0	0	0	0	0	0			0	0	0	0	0	0	0	-4	0	-4	0	0	0	-4
2705	2	00756B	群益投等新興公債	OTC					0	0			2	1			0	0	0	0	0	0			0	0	0	0	0	0	0	-12	0	-12	0	0	0	-12
2706	2	00982T	平衡兆豐台美動能	TWSE					0	0			1	1			0	0	0	0	0	0			0	0	0	0	0	5	0	-338	-111	-333	0	0	0	-338
2707	2	00937B	群益ESG投等債20+	OTC					0	0			2	1	UJF	群益ESG投等債20+ETF期貨	0	0	0	0	0	0			0	0	0	0	0	-4874	0	10996	5381	6122	202	0	500	11146
2708	2	00708L	期元大S&P黃金正2	TWSE					0	0			1	1			0	0	0	0	0	0			0	0	0	0	0	391	0	-1564	-2095	-1173	-416	-9	51	-1614
2709	2	00996A	主動兆豐台灣豐收	TWSE					0	0			1	1			0	0	0	0	0	0			0	0	0	0	0	-983	0	677	-335	-306	45	0	0	677
2710	2	00944	野村趨勢動能高息	TWSE					0	0			1	1			0	0	0	0	0	0			0	0	0	0	0	4	0	-10	-1	-6	0	0	0	-10
2711	2	00714	群益道瓊美國地產	TWSE					0	0			1	1			0	0	0	0	0	0			0	0	0	0	0	137	0	-122	0	15	0	0	52	-122
2712	2	00712	復華富時不動產	TWSE					0	0			1	1			0	0	0	0	0	0			0	0	0	0	0	-9251	0	-109523	-94748	-118774	1376	0	29962	-109523
2713	2	00758B	復華能源債	OTC					0	0			2	1			0	0	0	0	0	0			0	0	0	0	0	0	0	0	0	0	0	0	0	0
2714	2	00661	元大日經225	TWSE					0	0			1	1			0	0	0	0	0	0			0	0	0	0	0	-17	0	-17	-9	-34	1	0	0	-17
2715	2	00719B	元大美債1-3	OTC					0	0			2	1	SIF	元大美債1-3ETF期貨	0	0	0	0	0	0			0	0	0	0	0	150	0	712	296	862	-1	0	18	712
2716	2	00940	元大台灣價值高息	TWSE					0	0			1	1	SUF	元大台灣價值高息ETF期貨	0	0	0	0	0	0			0	0	0	0	0	86	0	3369	1134	3455	5	0	0	3369
2717	2	00916	國泰全球品牌50	TWSE					0	0			1	1			0	0	0	0	0	0			0	0	0	0	0	0	0	237	74	237	34	0	0	237
2718	2	00643K	群益深証中小+R	TWSE					0	0			1	1			1	0	0	0	0	0			0	0	0	0	0	0	0	0	0	0	0	0	0	0
2719	2	00989A	主動摩根美國科技	TWSE					0	0			1	1			0	0	0	0	0	0			0	0	0	0	0	-6	0	45	-11	39	-1	0	0	45
2720	2	00654R	富邦印度反1	TWSE					0	0			1	1			0	0	0	0	0	0			0	0	0	0	0	0	0	40	0	40	-1	-29	0	40
2721	2	00924	復華S&P500成長	TWSE					0	0			1	1			0	0	0	0	0	0			0	0	0	0	0	1	0	-37	-275	-35	-1	0	0	-37
2722	2	00709	富邦歐洲	TWSE					0	0			1	1			0	0	0	0	0	0			0	0	0	0	0	0	0	-7	-1	-7	0	0	0	-7
2723	2	00701	國泰股利精選30	TWSE					0	0			1	1			0	0	0	0	0	0			0	0	0	0	0	-101	0	10	55	-91	0	0	0	10
2724	2	00881	國泰台灣科技龍頭	TWSE					0	0			1	1			0	0	0	0	0	0			0	0	0	0	0	-8548	0	-7457	-11213	-16005	129	17	3160	-7457
2725	2	00941	中信上游半導體	TWSE					0	0			1	1			0	0	0	0	0	0			0	0	0	0	0	-131	0	229	-52	98	0	0	0	229
2726	2	2002A	中鋼特	TWSE					0	0			1	0			0	0	0	0	0	0			0	0	0	0	0	0	0	0	0	0	0	0	0	0
2727	2	00400A	主動國泰動能高息	TWSE					0	0			1	1			0	0	0	0	0	0			0	0	0	0	0	-11408	0	-8617	-17048	-20025	-92	1	0	-8635
2728	2	00783	富邦中証500	TWSE					0	0			1	1			0	0	0	0	0	0			0	0	0	0	0	0	0	24	0	24	0	0	0	24
2729	2	1101B	台泥乙特	TWSE					0	0			1	0			0	0	0	0	0	0			0	0	0	0	0	0	0	0	0	0	0	0	0	0
2730	2	00886	永豐美國科技	OTC					0	0			2	1			0	0	0	0	0	0			0	0	0	0	0	0	0	0	0	0	0	0	0	0
2731	2	009813	貝萊德標普卓越50	TWSE					0	0			1	1			0	0	0	0	0	0			0	0	0	0	0	-1	0	657	100	656	0	0	0	657
2732	2	0061	元大寶滬深	TWSE					0	0			1	1			0	0	0	0	0	0			0	0	0	0	0	53	0	-46	-3	7	2	0	0	-46
2733	2	00997A	主動群益美國增長	TWSE					0	0			1	1			0	0	0	0	0	0			0	0	0	0	0	-340	0	1241	-126	901	-11	0	0	1241
2734	2	00971	野村美國研發龍頭	TWSE					0	0			1	1			0	0	0	0	0	0			0	0	0	0	0	0	0	3	-1	3	0	0	0	3
2735	2	00910	第一金太空衛星	TWSE					0	0			1	1			0	0	0	0	0	0			0	0	0	0	0	4	0	21	-61	25	-24	0	0	21
2736	2	00641R	富邦日本反1	TWSE					0	0			1	1			0	0	0	0	0	0			0	0	0	0	0	0	0	278	-12	278	31	5	0	278
